Datetime,Open,High,Low,Close,Volume,Dividends,Stock Splits
2026-07-27 09:15:00+05:30,57116.80078125,57299.8515625,57116.80078125,57265.55078125,0,0.0,0.0
2026-07-27 09:20:00+05:30,57263.05078125,57329.30078125,57250.55078125,57261.19921875,0,0.0,0.0
2026-07-27 09:25:00+05:30,57262.1015625,57272.0,57201.25,57248.55078125,0,0.0,0.0
2026-07-27 09:30:00+05:30,57249.05078125,57276.55078125,57203.19921875,57221.55078125,0,0.0,0.0
2026-07-27 09:35:00+05:30,57225.6484375,57227.6015625,57165.5,57180.05078125,0,0.0,0.0
2026-07-27 09:40:00+05:30,57180.8984375,57211.69921875,57169.6484375,57189.8984375,0,0.0,0.0
2026-07-27 09:45:00+05:30,57188.6484375,57204.6484375,57167.44921875,57186.80078125,0,0.0,0.0
2026-07-27 09:50:00+05:30,57187.1015625,57189.25,57107.6015625,57121.80078125,0,0.0,0.0
2026-07-27 09:55:00+05:30,57124.5,57124.5,57080.75,57107.6484375,0,0.0,0.0
2026-07-27 10:00:00+05:30,57105.19921875,57112.6484375,57048.19921875,57062.75,0,0.0,0.0
2026-07-27 10:05:00+05:30,57064.25,57104.30078125,57056.3984375,57065.25,0,0.0,0.0
2026-07-27 10:10:00+05:30,57065.8984375,57124.94921875,57050.8984375,57121.3984375,0,0.0,0.0
2026-07-27 10:15:00+05:30,57121.3984375,57135.6015625,57067.3984375,57074.1484375,0,0.0,0.0
2026-07-27 10:20:00+05:30,57072.69921875,57077.05078125,57026.19921875,57041.8515625,0,0.0,0.0
2026-07-27 10:25:00+05:30,57041.8984375,57063.75,57032.69921875,57046.8984375,0,0.0,0.0
2026-07-27 10:30:00+05:30,57050.05078125,57065.30078125,57031.1484375,57040.5,0,0.0,0.0
2026-07-27 10:35:00+05:30,57042.30078125,57042.30078125,56970.3984375,56973.3515625,0,0.0,0.0
2026-07-27 10:40:00+05:30,56976.3515625,57035.94921875,56972.1015625,57032.94921875,0,0.0,0.0
2026-07-27 10:45:00+05:30,57036.6015625,57047.6015625,57009.5,57030.5,0,0.0,0.0
2026-07-27 10:50:00+05:30,57029.94921875,57080.05078125,57017.6015625,57061.05078125,0,0.0,0.0
2026-07-27 10:55:00+05:30,57062.30078125,57083.75,57035.3984375,57070.0,0,0.0,0.0
2026-07-27 11:00:00+05:30,57077.25,57087.6015625,57061.0,57075.19921875,0,0.0,0.0
2026-07-27 11:05:00+05:30,57074.30078125,57076.30078125,57036.1484375,57060.3515625,0,0.0,0.0
2026-07-27 11:10:00+05:30,57067.6015625,57071.8515625,57026.6484375,57036.0,0,0.0,0.0
2026-07-27 11:15:00+05:30,57036.8984375,57066.55078125,57008.6015625,57062.69921875,0,0.0,0.0
2026-07-27 11:20:00+05:30,57066.69921875,57074.0,57038.8984375,57063.3515625,0,0.0,0.0
2026-07-27 11:25:00+05:30,57069.0,57084.19921875,57042.0,57044.6015625,0,0.0,0.0
2026-07-27 11:30:00+05:30,57045.30078125,57062.25,57025.6015625,57044.44921875,0,0.0,0.0
2026-07-27 11:35:00+05:30,57044.44921875,57045.6484375,57009.55078125,57027.5,0,0.0,0.0
2026-07-27 11:40:00+05:30,57028.69921875,57057.94921875,57015.8984375,57047.44921875,0,0.0,0.0
2026-07-27 11:45:00+05:30,57050.80078125,57050.80078125,56993.5,57003.8515625,0,0.0,0.0
2026-07-27 11:50:00+05:30,57004.80078125,57006.1015625,56980.6015625,57003.25,0,0.0,0.0
2026-07-27 11:55:00+05:30,57006.80078125,57018.69921875,56972.05078125,56977.05078125,0,0.0,0.0
2026-07-27 12:00:00+05:30,56975.30078125,56989.0,56954.30078125,56967.8515625,0,0.0,0.0
2026-07-27 12:05:00+05:30,56968.6484375,56982.25,56947.1484375,56969.80078125,0,0.0,0.0
2026-07-27 12:10:00+05:30,56973.1484375,57142.6484375,56964.8515625,57076.3515625,0,0.0,0.0
2026-07-27 12:15:00+05:30,57076.94921875,57118.1484375,57064.1484375,57096.75,0,0.0,0.0
2026-07-27 12:20:00+05:30,57100.19921875,57108.8984375,57054.69921875,57068.6484375,0,0.0,0.0
2026-07-27 12:25:00+05:30,57069.3984375,57101.25,57052.19921875,57054.75,0,0.0,0.0
2026-07-27 12:30:00+05:30,57058.6484375,57087.6015625,57036.05078125,57069.3515625,0,0.0,0.0
2026-07-27 12:35:00+05:30,57075.19921875,57075.19921875,57010.6484375,57030.3515625,0,0.0,0.0
2026-07-27 12:40:00+05:30,57032.3515625,57057.8984375,57015.05078125,57052.8515625,0,0.0,0.0
2026-07-27 12:45:00+05:30,57052.5,57096.55078125,57047.19921875,57076.8515625,0,0.0,0.0
2026-07-27 12:50:00+05:30,57082.44921875,57084.94921875,57046.80078125,57056.0,0,0.0,0.0
2026-07-27 12:55:00+05:30,57061.1015625,57078.55078125,57039.3984375,57050.8515625,0,0.0,0.0
2026-07-27 13:00:00+05:30,57051.94921875,57063.05078125,57033.6484375,57042.8984375,0,0.0,0.0
2026-07-27 13:05:00+05:30,57051.1484375,57064.69921875,57032.80078125,57038.0,0,0.0,0.0
2026-07-27 13:10:00+05:30,57037.30078125,57059.80078125,57032.6484375,57056.1015625,0,0.0,0.0
2026-07-27 13:15:00+05:30,57058.44921875,57086.30078125,57048.69921875,57049.8984375,0,0.0,0.0
2026-07-27 13:20:00+05:30,57052.05078125,57068.25,57029.30078125,57061.30078125,0,0.0,0.0
2026-07-27 13:25:00+05:30,57061.55078125,57063.5,57000.25,57003.80078125,0,0.0,0.0
2026-07-27 13:30:00+05:30,57005.55078125,57017.55078125,56946.0,56947.1484375,0,0.0,0.0
2026-07-27 13:35:00+05:30,56950.6484375,56990.75,56929.1484375,56982.3515625,0,0.0,0.0
2026-07-27 13:40:00+05:30,56984.44921875,56994.6015625,56949.80078125,56979.6015625,0,0.0,0.0
2026-07-27 13:45:00+05:30,56979.6015625,57019.8984375,56966.0,56994.55078125,0,0.0,0.0
2026-07-27 13:50:00+05:30,56995.44921875,57004.1484375,56977.94921875,56996.44921875,0,0.0,0.0
2026-07-27 13:55:00+05:30,56996.80078125,57030.94921875,56993.0,57026.69921875,0,0.0,0.0
2026-07-27 14:00:00+05:30,57031.05078125,57064.30078125,57025.1015625,57048.6484375,0,0.0,0.0
2026-07-27 14:05:00+05:30,57053.94921875,57104.19921875,57041.80078125,57100.05078125,0,0.0,0.0
2026-07-27 14:10:00+05:30,57101.25,57124.0,57074.69921875,57123.3984375,0,0.0,0.0
2026-07-27 14:15:00+05:30,57122.75,57126.6015625,57069.1484375,57084.55078125,0,0.0,0.0
2026-07-27 14:20:00+05:30,57087.30078125,57142.0,57074.30078125,57140.3515625,0,0.0,0.0
2026-07-27 14:25:00+05:30,57141.94921875,57176.1484375,57119.3515625,57161.1484375,0,0.0,0.0
2026-07-27 14:30:00+05:30,57164.6484375,57177.94921875,57110.0,57130.6484375,0,0.0,0.0
2026-07-27 14:35:00+05:30,57134.75,57144.19921875,57093.6484375,57124.94921875,0,0.0,0.0
2026-07-27 14:40:00+05:30,57125.1015625,57147.55078125,57094.05078125,57114.5,0,0.0,0.0
2026-07-27 14:45:00+05:30,57114.5,57129.1015625,57089.0,57101.30078125,0,0.0,0.0
2026-07-27 14:50:00+05:30,57108.80078125,57136.55078125,57096.1484375,57099.69921875,0,0.0,0.0
2026-07-27 14:55:00+05:30,57100.8515625,57143.94921875,57092.44921875,57097.1015625,0,0.0,0.0
2026-07-27 15:00:00+05:30,57099.6015625,57113.3984375,57083.6484375,57089.6484375,0,0.0,0.0
2026-07-27 15:05:00+05:30,57091.94921875,57124.0,57089.25,57094.5,0,0.0,0.0
2026-07-27 15:10:00+05:30,57097.55078125,57115.75,57074.3515625,57082.8984375,0,0.0,0.0
2026-07-27 15:15:00+05:30,57082.1015625,57093.05078125,57065.94921875,57091.8515625,0,0.0,0.0
2026-07-27 15:20:00+05:30,57086.44921875,57121.1015625,57079.69921875,57105.19921875,0,0.0,0.0
2026-07-27 15:25:00+05:30,57097.8984375,57123.80078125,57080.25,57115.94921875,0,0.0,0.0
2026-07-28 09:15:00+05:30,56904.8515625,57051.69921875,56904.8515625,57010.5,0,0.0,0.0
2026-07-28 09:20:00+05:30,57010.80078125,57047.5,56950.94921875,56954.6484375,0,0.0,0.0
2026-07-28 09:25:00+05:30,56953.3515625,56954.55078125,56889.75,56931.44921875,0,0.0,0.0
2026-07-28 09:30:00+05:30,56931.69921875,56932.94921875,56859.0,56898.94921875,0,0.0,0.0
2026-07-28 09:35:00+05:30,56898.44921875,56954.6484375,56898.44921875,56928.0,0,0.0,0.0
2026-07-28 09:40:00+05:30,56926.3515625,56929.69921875,56875.8515625,56881.55078125,0,0.0,0.0
2026-07-28 09:45:00+05:30,56880.6015625,56881.8984375,56855.6484375,56873.3515625,0,0.0,0.0
2026-07-28 09:50:00+05:30,56872.75,56872.75,56791.1015625,56819.6484375,0,0.0,0.0
2026-07-28 09:55:00+05:30,56818.25,56853.55078125,56812.1484375,56847.3984375,0,0.0,0.0
2026-07-28 10:00:00+05:30,56847.1015625,56863.8984375,56828.8515625,56834.69921875,0,0.0,0.0
2026-07-28 10:05:00+05:30,56835.19921875,56880.3984375,56826.55078125,56849.75,0,0.0,0.0
2026-07-28 10:10:00+05:30,56845.19921875,56909.55078125,56842.5,56894.6484375,0,0.0,0.0
2026-07-28 10:15:00+05:30,56895.80078125,56953.8984375,56891.8984375,56930.6015625,0,0.0,0.0
2026-07-28 10:20:00+05:30,56928.5,56931.44921875,56898.1015625,56919.6484375,0,0.0,0.0
2026-07-28 10:25:00+05:30,56918.94921875,56945.1484375,56879.94921875,56880.80078125,0,0.0,0.0
2026-07-28 10:30:00+05:30,56882.8515625,56953.1484375,56878.80078125,56947.44921875,0,0.0,0.0
2026-07-28 10:35:00+05:30,56948.6015625,56970.3984375,56915.1015625,56951.1015625,0,0.0,0.0
2026-07-28 10:40:00+05:30,56951.6484375,57010.30078125,56945.6484375,56997.3515625,0,0.0,0.0
2026-07-28 10:45:00+05:30,56997.3984375,57015.05078125,56975.69921875,57002.80078125,0,0.0,0.0
2026-07-28 10:50:00+05:30,57002.80078125,57025.69921875,56978.6015625,56999.1484375,0,0.0,0.0
2026-07-28 10:55:00+05:30,56998.0,57016.0,56969.3984375,56970.30078125,0,0.0,0.0
2026-07-28 11:00:00+05:30,56971.1484375,56998.3515625,56941.55078125,56998.25,0,0.0,0.0
2026-07-28 11:05:00+05:30,56996.3515625,57001.44921875,56963.3515625,56995.30078125,0,0.0,0.0
2026-07-28 11:10:00+05:30,56994.44921875,56998.44921875,56958.19921875,56970.44921875,0,0.0,0.0
2026-07-28 11:15:00+05:30,56971.1484375,57005.1484375,56966.25,56991.8515625,0,0.0,0.0
2026-07-28 11:20:00+05:30,56992.30078125,56993.5,56966.19921875,56980.6484375,0,0.0,0.0
2026-07-28 11:25:00+05:30,56977.80078125,57006.25,56963.6015625,56990.25,0,0.0,0.0
2026-07-28 11:30:00+05:30,56993.05078125,56998.8984375,56964.75,56975.1484375,0,0.0,0.0
2026-07-28 11:35:00+05:30,56975.75,56994.25,56965.94921875,56992.19921875,0,0.0,0.0
2026-07-28 11:40:00+05:30,56992.44921875,57039.8515625,56985.0,57022.80078125,0,0.0,0.0
2026-07-28 11:45:00+05:30,57022.5,57028.6015625,57003.44921875,57006.6015625,0,0.0,0.0
2026-07-28 11:50:00+05:30,57005.3984375,57014.69921875,56953.19921875,56972.8515625,0,0.0,0.0
2026-07-28 11:55:00+05:30,56973.0,56982.3984375,56952.3984375,56965.30078125,0,0.0,0.0
2026-07-28 12:00:00+05:30,56965.94921875,56975.1015625,56950.1484375,56975.1015625,0,0.0,0.0
2026-07-28 12:05:00+05:30,56986.1015625,56990.3984375,56981.44921875,56984.94921875,0,0.0,0.0
2026-07-28 12:10:00+05:30,56984.25,56990.5,56963.30078125,56976.25,0,0.0,0.0
2026-07-28 12:15:00+05:30,56976.0,56988.8515625,56935.80078125,56941.8515625,0,0.0,0.0
2026-07-28 12:20:00+05:30,56942.19921875,56965.0,56922.55078125,56961.8984375,0,0.0,0.0
2026-07-28 12:25:00+05:30,56962.44921875,56998.25,56943.1484375,56985.3984375,0,0.0,0.0
2026-07-28 12:30:00+05:30,56984.5,56998.69921875,56962.44921875,56970.30078125,0,0.0,0.0
2026-07-28 12:35:00+05:30,56969.6015625,56974.3984375,56941.0,56941.55078125,0,0.0,0.0
2026-07-28 12:40:00+05:30,56941.55078125,56941.75,56908.80078125,56916.3984375,0,0.0,0.0
2026-07-28 12:45:00+05:30,56917.1015625,56931.3984375,56882.30078125,56902.6015625,0,0.0,0.0
2026-07-28 12:50:00+05:30,56905.19921875,56913.19921875,56888.69921875,56904.25,0,0.0,0.0
2026-07-28 12:55:00+05:30,56903.8515625,56923.8984375,56850.1484375,56861.80078125,0,0.0,0.0
2026-07-28 13:00:00+05:30,56862.30078125,56884.3984375,56851.94921875,56865.44921875,0,0.0,0.0
2026-07-28 13:05:00+05:30,56864.8515625,56881.3515625,56859.75,56881.3515625,0,0.0,0.0
2026-07-28 13:10:00+05:30,56879.55078125,56884.6015625,56820.8984375,56821.0,0,0.0,0.0
2026-07-28 13:15:00+05:30,56819.30078125,56823.55078125,56786.80078125,56801.19921875,0,0.0,0.0
2026-07-28 13:20:00+05:30,56799.44921875,56844.3984375,56784.30078125,56837.55078125,0,0.0,0.0
2026-07-28 13:25:00+05:30,56834.75,56836.3984375,56806.80078125,56826.94921875,0,0.0,0.0
2026-07-28 13:30:00+05:30,56826.94921875,56830.8984375,56811.05078125,56818.55078125,0,0.0,0.0
2026-07-28 13:35:00+05:30,56817.8515625,56838.8515625,56793.69921875,56814.5,0,0.0,0.0
2026-07-28 13:40:00+05:30,56815.19921875,56817.05078125,56778.80078125,56800.75,0,0.0,0.0
2026-07-28 13:45:00+05:30,56799.44921875,56811.6015625,56775.44921875,56793.5,0,0.0,0.0
2026-07-28 13:50:00+05:30,56793.5,56857.8984375,56791.5,56811.3984375,0,0.0,0.0
2026-07-28 13:55:00+05:30,56810.69921875,56826.5,56800.3984375,56826.05078125,0,0.0,0.0
2026-07-28 14:00:00+05:30,56823.3515625,56843.69921875,56810.55078125,56832.5,0,0.0,0.0
2026-07-28 14:05:00+05:30,56841.69921875,56854.19921875,56820.3515625,56828.44921875,0,0.0,0.0
2026-07-28 14:10:00+05:30,56828.25,56831.25,56793.05078125,56807.44921875,0,0.0,0.0
2026-07-28 14:15:00+05:30,56805.8984375,56829.25,56782.75,56800.3515625,0,0.0,0.0
2026-07-28 14:20:00+05:30,56800.3515625,56821.19921875,56783.3515625,56785.1015625,0,0.0,0.0
2026-07-28 14:25:00+05:30,56788.3984375,56820.1015625,56781.8515625,56795.1015625,0,0.0,0.0
2026-07-28 14:30:00+05:30,56795.80078125,56797.69921875,56745.1015625,56755.19921875,0,0.0,0.0
2026-07-28 14:35:00+05:30,56754.19921875,56805.30078125,56750.3984375,56800.80078125,0,0.0,0.0
2026-07-28 14:40:00+05:30,56789.1015625,56830.8984375,56786.5,56818.25,0,0.0,0.0
2026-07-28 14:45:00+05:30,56818.25,56818.25,56777.05078125,56796.5,0,0.0,0.0
2026-07-28 14:50:00+05:30,56794.80078125,56820.8515625,56769.6484375,56814.6484375,0,0.0,0.0
2026-07-28 14:55:00+05:30,56814.1484375,56817.44921875,56782.6015625,56797.6015625,0,0.0,0.0
2026-07-28 15:00:00+05:30,56802.3984375,56805.8515625,56692.75,56699.19921875,0,0.0,0.0
2026-07-28 15:05:00+05:30,56703.1484375,56718.75,56694.0,56698.05078125,0,0.0,0.0
2026-07-28 15:10:00+05:30,56697.8984375,56703.8515625,56686.3515625,56700.1015625,0,0.0,0.0
2026-07-28 15:15:00+05:30,56698.55078125,56867.1015625,56672.5,56851.44921875,0,0.0,0.0
2026-07-28 15:20:00+05:30,56853.25,56864.5,56722.75,56735.1015625,0,0.0,0.0
2026-07-28 15:25:00+05:30,56734.6015625,56754.8984375,56703.3515625,56718.75,0,0.0,0.0
2026-07-29 09:15:00+05:30,57133.3515625,57142.30078125,56982.19921875,57028.94921875,0,0.0,0.0
2026-07-29 09:20:00+05:30,57029.8984375,57082.1015625,56965.05078125,56985.05078125,0,0.0,0.0
2026-07-29 09:25:00+05:30,56985.1484375,57051.8515625,56984.25,57006.0,0,0.0,0.0
2026-07-29 09:30:00+05:30,57004.3984375,57039.25,56978.0,57005.8984375,0,0.0,0.0
2026-07-29 09:35:00+05:30,57005.3984375,57014.6484375,56939.69921875,57004.94921875,0,0.0,0.0
2026-07-29 09:40:00+05:30,57011.44921875,57071.94921875,56984.55078125,57071.3515625,0,0.0,0.0
2026-07-29 09:45:00+05:30,57070.1015625,57075.44921875,57019.3984375,57043.05078125,0,0.0,0.0
2026-07-29 09:50:00+05:30,57043.8984375,57054.6484375,56981.8984375,57031.8984375,0,0.0,0.0
2026-07-29 09:55:00+05:30,57033.1484375,57068.8984375,57022.55078125,57051.5,0,0.0,0.0
2026-07-29 10:00:00+05:30,57051.5,57119.6015625,57043.80078125,57101.19921875,0,0.0,0.0
2026-07-29 10:05:00+05:30,57101.0,57189.44921875,57097.6015625,57173.44921875,0,0.0,0.0
2026-07-29 10:10:00+05:30,57172.75,57183.6484375,57155.19921875,57172.3515625,0,0.0,0.0
2026-07-29 10:15:00+05:30,57173.5,57186.94921875,57137.0,57137.0,0,0.0,0.0
2026-07-29 10:20:00+05:30,57136.1015625,57161.44921875,57125.30078125,57141.8984375,0,0.0,0.0
2026-07-29 10:25:00+05:30,57144.19921875,57167.44921875,57095.8515625,57099.6484375,0,0.0,0.0
2026-07-29 10:30:00+05:30,57099.6484375,57140.19921875,57094.8984375,57138.80078125,0,0.0,0.0
2026-07-29 10:35:00+05:30,57137.94921875,57142.80078125,57106.05078125,57112.05078125,0,0.0,0.0
2026-07-29 10:40:00+05:30,57113.30078125,57145.80078125,57106.8515625,57138.44921875,0,0.0,0.0
2026-07-29 10:45:00+05:30,57140.69921875,57141.69921875,57047.1015625,57068.1484375,0,0.0,0.0
2026-07-29 10:50:00+05:30,57067.69921875,57089.1484375,57057.44921875,57083.6484375,0,0.0,0.0
2026-07-29 10:55:00+05:30,57085.44921875,57108.6484375,57075.6015625,57107.69921875,0,0.0,0.0
2026-07-29 11:00:00+05:30,57108.30078125,57149.75,57094.5,57139.6015625,0,0.0,0.0
2026-07-29 11:05:00+05:30,57138.1484375,57175.0,57123.6484375,57174.6015625,0,0.0,0.0
2026-07-29 11:10:00+05:30,57172.3515625,57182.6484375,57152.5,57157.8515625,0,0.0,0.0
2026-07-29 11:15:00+05:30,57156.5,57166.5,57123.69921875,57136.05078125,0,0.0,0.0
2026-07-29 11:20:00+05:30,57130.44921875,57165.6015625,57122.8515625,57150.8984375,0,0.0,0.0
2026-07-29 11:25:00+05:30,57153.05078125,57165.75,57137.8515625,57140.75,0,0.0,0.0
2026-07-29 11:30:00+05:30,57142.0,57162.55078125,57123.3515625,57145.8515625,0,0.0,0.0
2026-07-29 11:35:00+05:30,57148.19921875,57166.25,57123.8984375,57151.19921875,0,0.0,0.0
2026-07-29 11:40:00+05:30,57152.6484375,57179.94921875,57150.1015625,57168.69921875,0,0.0,0.0
2026-07-29 11:45:00+05:30,57171.6484375,57184.5,57153.8515625,57159.6015625,0,0.0,0.0
2026-07-29 11:50:00+05:30,57160.19921875,57176.25,57149.0,57170.75,0,0.0,0.0
2026-07-29 11:55:00+05:30,57171.94921875,57192.1484375,57146.1484375,57181.3984375,0,0.0,0.0
2026-07-29 12:00:00+05:30,57183.1015625,57197.8515625,57164.3984375,57190.19921875,0,0.0,0.0
2026-07-29 12:05:00+05:30,57187.8984375,57257.80078125,57182.6484375,57251.1484375,0,0.0,0.0
2026-07-29 12:10:00+05:30,57250.55078125,57263.55078125,57243.44921875,57255.19921875,0,0.0,0.0
2026-07-29 12:15:00+05:30,57255.94921875,57263.44921875,57213.5,57228.44921875,0,0.0,0.0
2026-07-29 12:20:00+05:30,57228.0,57242.69921875,57221.75,57229.94921875,0,0.0,0.0
2026-07-29 12:25:00+05:30,57229.8984375,57242.5,57197.6015625,57205.6484375,0,0.0,0.0
2026-07-29 12:30:00+05:30,57205.80078125,57222.30078125,57188.8984375,57214.6484375,0,0.0,0.0
2026-07-29 12:35:00+05:30,57215.30078125,57237.3984375,57212.8984375,57223.80078125,0,0.0,0.0
2026-07-29 12:40:00+05:30,57224.3515625,57245.75,57204.6484375,57209.80078125,0,0.0,0.0
2026-07-29 12:45:00+05:30,57210.05078125,57229.5,57181.69921875,57183.1015625,0,0.0,0.0
2026-07-29 12:50:00+05:30,57185.8984375,57219.19921875,57168.8515625,57211.6484375,0,0.0,0.0
2026-07-29 12:55:00+05:30,57211.6484375,57219.1484375,57178.6015625,57188.8515625,0,0.0,0.0
2026-07-29 13:00:00+05:30,57188.8515625,57222.44921875,57188.8515625,57196.8515625,0,0.0,0.0
2026-07-29 13:05:00+05:30,57198.3984375,57221.30078125,57186.3984375,57215.3515625,0,0.0,0.0
2026-07-29 13:10:00+05:30,57218.44921875,57253.8984375,57214.19921875,57238.19921875,0,0.0,0.0
2026-07-29 13:15:00+05:30,57239.05078125,57241.1484375,57200.25,57233.1484375,0,0.0,0.0
2026-07-29 13:20:00+05:30,57233.1484375,57238.6484375,57195.44921875,57195.6015625,0,0.0,0.0
2026-07-29 13:25:00+05:30,57195.6015625,57224.25,57195.30078125,57205.3515625,0,0.0,0.0
2026-07-29 13:30:00+05:30,57203.8984375,57223.0,57202.6015625,57205.1015625,0,0.0,0.0
2026-07-29 13:35:00+05:30,57205.5,57217.25,57175.6015625,57192.8515625,0,0.0,0.0
2026-07-29 13:40:00+05:30,57196.75,57215.3515625,57142.75,57151.30078125,0,0.0,0.0
2026-07-29 13:45:00+05:30,57146.6484375,57203.3515625,57137.05078125,57183.80078125,0,0.0,0.0
2026-07-29 13:50:00+05:30,57184.05078125,57211.75,57181.3984375,57198.1015625,0,0.0,0.0
2026-07-29 13:55:00+05:30,57205.94921875,57219.8984375,57191.0,57197.69921875,0,0.0,0.0
2026-07-29 14:00:00+05:30,57198.1484375,57263.0,57194.69921875,57252.3984375,0,0.0,0.0
2026-07-29 14:05:00+05:30,57254.1015625,57266.3515625,57230.0,57243.25,0,0.0,0.0
2026-07-29 14:10:00+05:30,57244.44921875,57274.55078125,57239.3984375,57258.05078125,0,0.0,0.0
2026-07-29 14:15:00+05:30,57258.3515625,57312.05078125,57252.80078125,57298.80078125,0,0.0,0.0
2026-07-29 14:20:00+05:30,57299.94921875,57315.3515625,57272.05078125,57285.6015625,0,0.0,0.0
2026-07-29 14:25:00+05:30,57286.80078125,57299.6015625,57279.1015625,57288.69921875,0,0.0,0.0
2026-07-29 14:30:00+05:30,57291.6484375,57300.80078125,57253.80078125,57265.8515625,0,0.0,0.0
2026-07-29 14:35:00+05:30,57264.05078125,57275.75,57252.1484375,57261.69921875,0,0.0,0.0
2026-07-29 14:40:00+05:30,57262.94921875,57267.75,57235.19921875,57261.1015625,0,0.0,0.0
2026-07-29 14:45:00+05:30,57260.25,57309.3984375,57260.25,57270.55078125,0,0.0,0.0
2026-07-29 14:50:00+05:30,57269.55078125,57290.3515625,57261.30078125,57285.94921875,0,0.0,0.0
2026-07-29 14:55:00+05:30,57285.94921875,57314.3984375,57275.0,57281.19921875,0,0.0,0.0
2026-07-29 15:00:00+05:30,57281.1484375,57306.55078125,57209.80078125,57215.5,0,0.0,0.0
2026-07-29 15:05:00+05:30,57215.8515625,57237.94921875,57196.55078125,57236.19921875,0,0.0,0.0
2026-07-29 15:10:00+05:30,57237.19921875,57237.19921875,57206.5,57215.25,0,0.0,0.0
2026-07-29 15:15:00+05:30,57212.8984375,57219.8515625,57167.44921875,57190.8984375,0,0.0,0.0
2026-07-29 15:20:00+05:30,57190.8984375,57207.30078125,57179.0,57186.1015625,0,0.0,0.0
2026-07-29 15:25:00+05:30,57186.5,57215.75,57161.6015625,57193.6015625,0,0.0,0.0
2026-07-30 09:15:00+05:30,57099.6484375,57118.3515625,56870.1015625,56948.55078125,0,0.0,0.0
2026-07-30 09:20:00+05:30,56951.0,56973.75,56900.94921875,56940.6015625,0,0.0,0.0
2026-07-30 09:25:00+05:30,56939.75,56954.25,56926.69921875,56946.8515625,0,0.0,0.0
2026-07-30 09:30:00+05:30,56946.1015625,56986.6484375,56911.25,56937.3515625,0,0.0,0.0
2026-07-30 09:35:00+05:30,56935.75,56941.94921875,56864.1015625,56864.75,0,0.0,0.0
2026-07-30 09:40:00+05:30,56864.1015625,56865.19921875,56819.75,56835.3515625,0,0.0,0.0
2026-07-30 09:45:00+05:30,56834.55078125,56894.05078125,56801.94921875,56867.44921875,0,0.0,0.0
2026-07-30 09:50:00+05:30,56864.6484375,56923.94921875,56864.6484375,56882.5,0,0.0,0.0
2026-07-30 09:55:00+05:30,56883.19921875,56935.94921875,56878.69921875,56925.1015625,0,0.0,0.0
2026-07-30 10:00:00+05:30,56926.19921875,56935.8984375,56894.69921875,56921.94921875,0,0.0,0.0
2026-07-30 10:05:00+05:30,56920.8984375,56940.05078125,56884.8515625,56887.75,0,0.0,0.0
2026-07-30 10:10:00+05:30,56889.3984375,56891.6484375,56832.19921875,56836.6015625,0,0.0,0.0
2026-07-30 10:15:00+05:30,56835.8984375,56855.80078125,56815.80078125,56817.44921875,0,0.0,0.0
2026-07-30 10:20:00+05:30,56816.8515625,56852.94921875,56805.94921875,56845.25,0,0.0,0.0
2026-07-30 10:25:00+05:30,56847.25,56858.5,56798.1484375,56798.1484375,0,0.0,0.0
2026-07-30 10:30:00+05:30,56799.25,56804.8515625,56768.8984375,56789.69921875,0,0.0,0.0
2026-07-30 10:35:00+05:30,56790.5,56834.6484375,56786.1484375,56826.0,0,0.0,0.0
2026-07-30 10:40:00+05:30,56826.0,56869.80078125,56796.69921875,56861.94921875,0,0.0,0.0
2026-07-30 10:45:00+05:30,56861.94921875,56886.55078125,56848.05078125,56884.44921875,0,0.0,0.0
2026-07-30 10:50:00+05:30,56885.0,56902.8515625,56872.05078125,56875.3984375,0,0.0,0.0
2026-07-30 10:55:00+05:30,56878.3515625,56896.25,56865.55078125,56878.94921875,0,0.0,0.0
2026-07-30 11:00:00+05:30,56877.25,56905.1484375,56859.8515625,56901.3515625,0,0.0,0.0
2026-07-30 11:05:00+05:30,56901.05078125,56907.44921875,56861.25,56895.05078125,0,0.0,0.0
2026-07-30 11:10:00+05:30,56894.3515625,56918.6015625,56885.5,56899.05078125,0,0.0,0.0
2026-07-30 11:15:00+05:30,56900.75,56936.6015625,56884.5,56893.3984375,0,0.0,0.0
2026-07-30 11:20:00+05:30,56895.05078125,56907.8984375,56883.6015625,56895.6484375,0,0.0,0.0
2026-07-30 11:25:00+05:30,56897.8984375,56930.69921875,56876.94921875,56911.1015625,0,0.0,0.0
2026-07-30 11:30:00+05:30,56912.44921875,56935.5,56893.3515625,56930.55078125,0,0.0,0.0
2026-07-30 11:35:00+05:30,56930.25,56932.6484375,56898.30078125,56899.8984375,0,0.0,0.0
2026-07-30 11:40:00+05:30,56898.19921875,56912.5,56886.55078125,56890.05078125,0,0.0,0.0
2026-07-30 11:45:00+05:30,56892.44921875,56894.5,56847.25,56850.44921875,0,0.0,0.0
2026-07-30 11:50:00+05:30,56852.8515625,56864.6015625,56834.44921875,56838.8984375,0,0.0,0.0
2026-07-30 11:55:00+05:30,56838.8984375,56858.80078125,56821.5,56842.8984375,0,0.0,0.0
2026-07-30 12:00:00+05:30,56842.8984375,56853.1015625,56828.3515625,56841.94921875,0,0.0,0.0
2026-07-30 12:05:00+05:30,56841.94921875,56874.1015625,56833.69921875,56851.75,0,0.0,0.0
2026-07-30 12:10:00+05:30,56853.8515625,56884.75,56837.6015625,56869.3515625,0,0.0,0.0
2026-07-30 12:15:00+05:30,56869.3984375,56905.0,56861.05078125,56904.94921875,0,0.0,0.0
2026-07-30 12:20:00+05:30,56904.25,56921.3984375,56882.69921875,56888.5,0,0.0,0.0
2026-07-30 12:25:00+05:30,56888.5,56920.0,56887.0,56909.25,0,0.0,0.0
2026-07-30 12:30:00+05:30,56909.94921875,57136.69921875,56899.3515625,57030.19921875,0,0.0,0.0
2026-07-30 12:35:00+05:30,57030.5,57072.1015625,56972.55078125,57001.3984375,0,0.0,0.0
2026-07-30 12:40:00+05:30,57001.3984375,57054.5,56985.19921875,57041.25,0,0.0,0.0
2026-07-30 12:45:00+05:30,57042.3515625,57092.6484375,57026.05078125,57063.6484375,0,0.0,0.0
2026-07-30 12:50:00+05:30,57064.94921875,57074.5,57036.3515625,57058.8515625,0,0.0,0.0
2026-07-30 12:55:00+05:30,57056.1015625,57063.3515625,57022.55078125,57035.6015625,0,0.0,0.0
2026-07-30 13:00:00+05:30,57036.19921875,57041.6484375,56993.19921875,57009.3984375,0,0.0,0.0
2026-07-30 13:05:00+05:30,57007.8515625,57042.55078125,56997.25,57021.25,0,0.0,0.0
2026-07-30 13:10:00+05:30,57020.44921875,57025.55078125,56964.8515625,57017.3984375,0,0.0,0.0
2026-07-30 13:15:00+05:30,57017.3984375,57022.75,57003.8515625,57010.3984375,0,0.0,0.0
2026-07-30 13:20:00+05:30,57010.3984375,57052.6484375,57007.44921875,57031.94921875,0,0.0,0.0
2026-07-30 13:25:00+05:30,57034.69921875,57050.30078125,56997.75,56999.44921875,0,0.0,0.0
2026-07-30 13:30:00+05:30,56999.05078125,57012.94921875,56978.6484375,56999.6015625,0,0.0,0.0
2026-07-30 13:35:00+05:30,56999.0,57046.05078125,56992.69921875,57016.80078125,0,0.0,0.0
2026-07-30 13:40:00+05:30,57017.1484375,57039.6484375,57016.55078125,57031.05078125,0,0.0,0.0
2026-07-30 13:45:00+05:30,57029.6484375,57030.3515625,56984.05078125,56985.80078125,0,0.0,0.0
2026-07-30 13:50:00+05:30,56988.6015625,57022.80078125,56967.8984375,57013.80078125,0,0.0,0.0
2026-07-30 13:55:00+05:30,57012.80078125,57036.8984375,56989.0,57000.6484375,0,0.0,0.0
2026-07-30 14:00:00+05:30,56999.94921875,57018.1015625,56998.75,57014.69921875,0,0.0,0.0
2026-07-30 14:05:00+05:30,57012.1015625,57013.8515625,56948.94921875,56962.3984375,0,0.0,0.0
2026-07-30 14:10:00+05:30,56964.94921875,56976.1015625,56951.6015625,56959.5,0,0.0,0.0
2026-07-30 14:15:00+05:30,56960.8984375,56986.19921875,56953.80078125,56979.30078125,0,0.0,0.0
2026-07-30 14:20:00+05:30,56978.8984375,56979.6484375,56935.8515625,56942.75,0,0.0,0.0
2026-07-30 14:25:00+05:30,56942.30078125,56961.8984375,56930.44921875,56958.44921875,0,0.0,0.0
2026-07-30 14:30:00+05:30,56960.19921875,57018.8984375,56949.44921875,56995.1484375,0,0.0,0.0
2026-07-30 14:35:00+05:30,56993.1015625,57019.3515625,56970.25,57016.19921875,0,0.0,0.0
2026-07-30 14:40:00+05:30,57018.30078125,57026.3515625,56989.3984375,57024.6015625,0,0.0,0.0
2026-07-30 14:45:00+05:30,57024.6015625,57066.80078125,57013.19921875,57048.30078125,0,0.0,0.0
2026-07-30 14:50:00+05:30,57047.6015625,57055.8984375,57031.05078125,57038.55078125,0,0.0,0.0
2026-07-30 14:55:00+05:30,57039.8515625,57062.75,57025.30078125,57035.8984375,0,0.0,0.0
2026-07-30 15:00:00+05:30,57036.3515625,57122.6484375,57024.6015625,57120.6015625,0,0.0,0.0
2026-07-30 15:05:00+05:30,57118.75,57191.05078125,57099.8515625,57158.8984375,0,0.0,0.0
2026-07-30 15:10:00+05:30,57162.80078125,57183.3515625,57149.1015625,57151.8984375,0,0.0,0.0
2026-07-30 15:15:00+05:30,57152.1015625,57157.75,57111.69921875,57135.8984375,0,0.0,0.0
2026-07-30 15:20:00+05:30,57135.8515625,57220.69921875,57131.55078125,57203.30078125,0,0.0,0.0
2026-07-30 15:25:00+05:30,57208.5,57236.6484375,57071.8984375,57102.8984375,0,0.0,0.0
2026-07-31 09:15:00+05:30,57225.8984375,57409.8515625,57225.8984375,57353.44921875,0,0.0,0.0
2026-07-31 09:20:00+05:30,57349.3984375,57388.44921875,57317.3984375,57370.75,0,0.0,0.0
2026-07-31 09:25:00+05:30,57368.69921875,57374.80078125,57310.0,57315.69921875,0,0.0,0.0
2026-07-31 09:30:00+05:30,57319.44921875,57322.44921875,57225.94921875,57257.8984375,0,0.0,0.0
2026-07-31 09:35:00+05:30,57259.8515625,57267.30078125,57153.6484375,57192.0,0,0.0,0.0
2026-07-31 09:40:00+05:30,57192.25,57249.94921875,57191.8515625,57233.3515625,0,0.0,0.0
2026-07-31 09:45:00+05:30,57231.1484375,57242.3984375,57159.0,57183.25,0,0.0,0.0
2026-07-31 09:50:00+05:30,57183.6015625,57224.8984375,57167.3515625,57222.80078125,0,0.0,0.0
2026-07-31 09:55:00+05:30,57224.6015625,57230.5,57198.05078125,57223.3515625,0,0.0,0.0
2026-07-31 10:00:00+05:30,57229.1015625,57265.5,57211.30078125,57240.6484375,0,0.0,0.0
2026-07-31 10:05:00+05:30,57240.6484375,57244.3515625,57178.44921875,57190.25,0,0.0,0.0
2026-07-31 10:10:00+05:30,57190.3984375,57228.25,57185.94921875,57201.8984375,0,0.0,0.0
2026-07-31 10:15:00+05:30,57203.5,57218.94921875,57172.25,57217.75,0,0.0,0.0
2026-07-31 10:20:00+05:30,57217.19921875,57227.19921875,57208.80078125,57226.94921875,0,0.0,0.0
2026-07-31 10:25:00+05:30,57227.1015625,57240.69921875,57216.44921875,57220.3515625,0,0.0,0.0
2026-07-31 10:30:00+05:30,57221.19921875,57223.80078125,57168.30078125,57179.94921875,0,0.0,0.0
2026-07-31 10:35:00+05:30,57179.5,57243.55078125,57164.69921875,57236.6015625,0,0.0,0.0
2026-07-31 10:40:00+05:30,57235.25,57242.05078125,57201.19921875,57218.75,0,0.0,0.0
2026-07-31 10:45:00+05:30,57220.80078125,57223.55078125,57208.19921875,57218.55078125,0,0.0,0.0
2026-07-31 10:50:00+05:30,57219.1015625,57219.94921875,57180.55078125,57196.44921875,0,0.0,0.0
2026-07-31 10:55:00+05:30,57200.55078125,57225.55078125,57187.8515625,57211.69921875,0,0.0,0.0
2026-07-31 11:00:00+05:30,57213.1484375,57226.19921875,57203.25,57221.30078125,0,0.0,0.0
2026-07-31 11:05:00+05:30,57220.5,57227.19921875,57151.3515625,57158.8984375,0,0.0,0.0
2026-07-31 11:10:00+05:30,57159.69921875,57188.8515625,57142.0,57188.8515625,0,0.0,0.0
2026-07-31 11:15:00+05:30,57189.25,57212.1484375,57175.55078125,57197.75,0,0.0,0.0
2026-07-31 11:20:00+05:30,57198.44921875,57207.55078125,57189.55078125,57205.80078125,0,0.0,0.0
2026-07-31 11:25:00+05:30,57203.69921875,57207.44921875,57170.3515625,57181.25,0,0.0,0.0
2026-07-31 11:30:00+05:30,57181.44921875,57186.75,57166.44921875,57177.44921875,0,0.0,0.0
2026-07-31 11:35:00+05:30,57177.69921875,57188.94921875,57161.1484375,57170.6484375,0,0.0,0.0
2026-07-31 11:40:00+05:30,57171.30078125,57176.55078125,57146.25,57156.19921875,0,0.0,0.0
2026-07-31 11:45:00+05:30,57155.5,57172.0,57149.55078125,57168.69921875,0,0.0,0.0
2026-07-31 11:50:00+05:30,57168.69921875,57174.3984375,57147.55078125,57154.1484375,0,0.0,0.0
2026-07-31 11:55:00+05:30,57154.30078125,57169.94921875,57144.69921875,57166.1015625,0,0.0,0.0
2026-07-31 12:00:00+05:30,57169.69921875,57184.1015625,57154.69921875,57177.05078125,0,0.0,0.0
2026-07-31 12:05:00+05:30,57176.19921875,57192.1484375,57167.5,57190.55078125,0,0.0,0.0
2026-07-31 12:10:00+05:30,57192.80078125,57237.75,57184.8515625,57237.75,0,0.0,0.0
2026-07-31 12:15:00+05:30,57235.55078125,57242.55078125,57202.25,57212.3984375,0,0.0,0.0
2026-07-31 12:20:00+05:30,57213.1484375,57236.75,57208.30078125,57214.80078125,0,0.0,0.0
2026-07-31 12:25:00+05:30,57216.5,57261.8515625,57205.5,57241.1015625,0,0.0,0.0
2026-07-31 12:30:00+05:30,57238.1484375,57243.19921875,57208.3515625,57237.5,0,0.0,0.0
2026-07-31 12:35:00+05:30,57236.69921875,57258.55078125,57232.1484375,57238.1484375,0,0.0,0.0
2026-07-31 12:40:00+05:30,57237.44921875,57252.6015625,57229.6015625,57240.05078125,0,0.0,0.0
2026-07-31 12:45:00+05:30,57242.6015625,57249.94921875,57229.8515625,57245.05078125,0,0.0,0.0
2026-07-31 12:50:00+05:30,57250.05078125,57250.44921875,57209.69921875,57222.1484375,0,0.0,0.0
2026-07-31 12:55:00+05:30,57222.1484375,57258.3515625,57214.8515625,57237.44921875,0,0.0,0.0
2026-07-31 13:00:00+05:30,57238.69921875,57293.80078125,57235.1015625,57288.8515625,0,0.0,0.0
2026-07-31 13:05:00+05:30,57287.69921875,57360.8515625,57287.69921875,57333.8515625,0,0.0,0.0
2026-07-31 13:10:00+05:30,57338.1484375,57343.8984375,57304.1484375,57308.8515625,0,0.0,0.0
2026-07-31 13:15:00+05:30,57309.6484375,57317.80078125,57295.94921875,57313.1015625,0,0.0,0.0
2026-07-31 13:20:00+05:30,57313.1015625,57344.94921875,57307.69921875,57341.75,0,0.0,0.0
2026-07-31 13:25:00+05:30,57342.8515625,57382.1484375,57341.30078125,57368.25,0,0.0,0.0
2026-07-31 13:30:00+05:30,57368.44921875,57376.3984375,57308.1484375,57316.19921875,0,0.0,0.0
2026-07-31 13:35:00+05:30,57319.25,57347.6015625,57318.05078125,57327.55078125,0,0.0,0.0
2026-07-31 13:40:00+05:30,57330.1015625,57331.5,57299.30078125,57316.80078125,0,0.0,0.0
2026-07-31 13:45:00+05:30,57315.44921875,57322.3984375,57296.8984375,57318.3515625,0,0.0,0.0
2026-07-31 13:50:00+05:30,57319.44921875,57332.3515625,57311.30078125,57317.44921875,0,0.0,0.0
2026-07-31 13:55:00+05:30,57316.8984375,57336.0,57315.19921875,57331.94921875,0,0.0,0.0
2026-07-31 14:00:00+05:30,57333.0,57335.30078125,57277.1015625,57284.19921875,0,0.0,0.0
2026-07-31 14:05:00+05:30,57284.6484375,57286.44921875,57260.6015625,57268.1484375,0,0.0,0.0
2026-07-31 14:10:00+05:30,57267.44921875,57306.80078125,57267.25,57302.6015625,0,0.0,0.0
2026-07-31 14:15:00+05:30,57300.80078125,57304.94921875,57264.55078125,57277.55078125,0,0.0,0.0
2026-07-31 14:20:00+05:30,57277.0,57320.30078125,57271.1015625,57319.3984375,0,0.0,0.0
2026-07-31 14:25:00+05:30,57321.3984375,57332.5,57297.8515625,57304.30078125,0,0.0,0.0
2026-07-31 14:30:00+05:30,57304.30078125,57314.0,57282.80078125,57293.25,0,0.0,0.0
2026-07-31 14:35:00+05:30,57291.1484375,57312.69921875,57281.75,57297.44921875,0,0.0,0.0
2026-07-31 14:40:00+05:30,57298.25,57303.6015625,57253.1484375,57264.1015625,0,0.0,0.0
2026-07-31 14:45:00+05:30,57262.69921875,57274.69921875,57252.19921875,57268.5,0,0.0,0.0
2026-07-31 14:50:00+05:30,57269.94921875,57280.0,57244.3984375,57264.69921875,0,0.0,0.0
2026-07-31 14:55:00+05:30,57264.30078125,57265.44921875,57223.1015625,57237.3515625,0,0.0,0.0
2026-07-31 15:00:00+05:30,57234.94921875,57300.8984375,57234.94921875,57299.19921875,0,0.0,0.0
2026-07-31 15:05:00+05:30,57299.8984375,57302.3984375,57273.8515625,57297.3984375,0,0.0,0.0
2026-07-31 15:10:00+05:30,57297.19921875,57301.0,57269.80078125,57276.19921875,0,0.0,0.0
2026-07-31 15:15:00+05:30,57272.69921875,57276.75,57248.94921875,57256.8515625,0,0.0,0.0
2026-07-31 15:20:00+05:30,57256.1015625,57263.80078125,57243.44921875,57251.44921875,0,0.0,0.0
2026-07-31 15:25:00+05:30,57255.80078125,57259.75,57196.44921875,57214.1015625,0,0.0,0.0
2026-08-03 09:15:00+05:30,57569.6015625,57619.8515625,57470.44921875,57541.69921875,0,0.0,0.0
2026-08-03 09:20:00+05:30,57535.19921875,57561.55078125,57489.30078125,57547.3984375,0,0.0,0.0
2026-08-03 09:25:00+05:30,57548.1015625,57605.44921875,57536.19921875,57587.1484375,0,0.0,0.0
2026-08-03 09:30:00+05:30,57586.5,57611.55078125,57574.3515625,57606.6484375,0,0.0,0.0
2026-08-03 09:35:00+05:30,57608.44921875,57704.6484375,57603.75,57702.0,0,0.0,0.0
2026-08-03 09:40:00+05:30,57699.19921875,57771.75,57684.6484375,57766.5,0,0.0,0.0
2026-08-03 09:45:00+05:30,57768.94921875,57800.1484375,57750.6015625,57754.6484375,0,0.0,0.0
2026-08-03 09:50:00+05:30,57755.25,57801.8984375,57749.3984375,57796.8515625,0,0.0,0.0
2026-08-03 09:55:00+05:30,57796.1484375,57821.6015625,57788.30078125,57798.94921875,0,0.0,0.0
2026-08-03 10:00:00+05:30,57798.8515625,57818.44921875,57758.30078125,57814.8515625,0,0.0,0.0
2026-08-03 10:05:00+05:30,57815.8515625,57835.3984375,57759.8984375,57788.75,0,0.0,0.0
2026-08-03 10:10:00+05:30,57788.05078125,57797.69921875,57765.44921875,57781.8984375,0,0.0,0.0
2026-08-03 10:15:00+05:30,57780.69921875,57790.94921875,57744.6484375,57784.0,0,0.0,0.0
2026-08-03 10:20:00+05:30,57786.05078125,57786.6484375,57737.69921875,57755.05078125,0,0.0,0.0
2026-08-03 10:25:00+05:30,57756.0,57785.6484375,57746.3984375,57776.1484375,0,0.0,0.0
2026-08-03 10:30:00+05:30,57776.69921875,57801.19921875,57736.8515625,57757.5,0,0.0,0.0
2026-08-03 10:35:00+05:30,57758.19921875,57760.1484375,57710.69921875,57728.44921875,0,0.0,0.0
2026-08-03 10:40:00+05:30,57729.0,57768.75,57720.25,57757.05078125,0,0.0,0.0
2026-08-03 10:45:00+05:30,57757.75,57781.1015625,57751.1015625,57773.3984375,0,0.0,0.0
2026-08-03 10:50:00+05:30,57770.30078125,57787.1484375,57765.8984375,57774.8984375,0,0.0,0.0
2026-08-03 10:55:00+05:30,57774.8984375,57795.94921875,57740.94921875,57764.1015625,0,0.0,0.0
2026-08-03 11:00:00+05:30,57764.1015625,57795.30078125,57761.0,57791.05078125,0,0.0,0.0
2026-08-03 11:05:00+05:30,57791.1484375,57853.30078125,57785.3984375,57827.69921875,0,0.0,0.0
2026-08-03 11:10:00+05:30,57826.19921875,57848.94921875,57804.94921875,57814.3515625,0,0.0,0.0
2026-08-03 11:15:00+05:30,57812.3515625,57842.0,57812.3515625,57826.6015625,0,0.0,0.0
2026-08-03 11:20:00+05:30,57828.05078125,57837.55078125,57804.6015625,57812.3984375,0,0.0,0.0
2026-08-03 11:25:00+05:30,57812.3984375,57829.5,57787.30078125,57827.6015625,0,0.0,0.0
2026-08-03 11:30:00+05:30,57828.94921875,57836.0,57798.94921875,57804.6484375,0,0.0,0.0
2026-08-03 11:35:00+05:30,57803.55078125,57821.5,57790.8515625,57813.0,0,0.0,0.0
2026-08-03 11:40:00+05:30,57814.1015625,57831.55078125,57780.25,57791.0,0,0.0,0.0
2026-08-03 11:45:00+05:30,57791.0,57804.19921875,57768.75,57802.69921875,0,0.0,0.0
2026-08-03 11:50:00+05:30,57802.69921875,57825.19921875,57786.3984375,57798.8984375,0,0.0,0.0
2026-08-03 11:55:00+05:30,57798.8984375,57803.6015625,57780.25,57790.55078125,0,0.0,0.0
2026-08-03 12:00:00+05:30,57791.69921875,57799.44921875,57772.5,57796.1015625,0,0.0,0.0
2026-08-03 12:05:00+05:30,57797.55078125,57809.80078125,57786.75,57802.69921875,0,0.0,0.0
2026-08-03 12:10:00+05:30,57802.3984375,57816.6015625,57786.6484375,57809.8515625,0,0.0,0.0
2026-08-03 12:15:00+05:30,57812.80078125,57823.19921875,57787.0,57790.1484375,0,0.0,0.0
2026-08-03 12:20:00+05:30,57789.55078125,57796.1015625,57760.5,57778.1015625,0,0.0,0.0
2026-08-03 12:25:00+05:30,57779.19921875,57785.25,57766.05078125,57776.3515625,0,0.0,0.0
2026-08-03 12:30:00+05:30,57774.25,57781.69921875,57734.6484375,57736.8984375,0,0.0,0.0
2026-08-03 12:35:00+05:30,57736.8984375,57743.6015625,57693.8515625,57695.0,0,0.0,0.0
2026-08-03 12:40:00+05:30,57697.5,57735.0,57694.3515625,57723.75,0,0.0,0.0
2026-08-03 12:45:00+05:30,57725.0,57741.1484375,57644.69921875,57670.75,0,0.0,0.0
2026-08-03 12:50:00+05:30,57673.5,57700.3984375,57663.5,57695.5,0,0.0,0.0
2026-08-03 12:55:00+05:30,57694.55078125,57706.30078125,57680.3515625,57690.69921875,0,0.0,0.0
2026-08-03 13:00:00+05:30,57691.25,57692.6015625,57654.8515625,57669.1484375,0,0.0,0.0
2026-08-03 13:05:00+05:30,57668.30078125,57686.94921875,57660.19921875,57682.94921875,0,0.0,0.0
2026-08-03 13:10:00+05:30,57685.75,57695.19921875,57671.19921875,57689.69921875,0,0.0,0.0
2026-08-03 13:15:00+05:30,57690.0,57703.3515625,57680.6484375,57694.75,0,0.0,0.0
2026-08-03 13:20:00+05:30,57699.94921875,57701.1484375,57675.8984375,57677.25,0,0.0,0.0
2026-08-03 13:25:00+05:30,57678.6484375,57697.0,57675.55078125,57694.5,0,0.0,0.0
2026-08-03 13:30:00+05:30,57691.0,57733.8984375,57684.0,57728.3515625,0,0.0,0.0
2026-08-03 13:35:00+05:30,57728.55078125,57757.19921875,57712.6015625,57722.1015625,0,0.0,0.0
2026-08-03 13:40:00+05:30,57721.3984375,57728.8984375,57688.80078125,57720.25,0,0.0,0.0
2026-08-03 13:45:00+05:30,57720.25,57735.05078125,57708.94921875,57713.8984375,0,0.0,0.0
2026-08-03 13:50:00+05:30,57712.6015625,57723.1015625,57704.44921875,57717.3515625,0,0.0,0.0
2026-08-03 13:55:00+05:30,57715.0,57745.25,57707.8984375,57729.94921875,0,0.0,0.0
2026-08-03 14:00:00+05:30,57729.94921875,57746.1015625,57721.30078125,57742.25,0,0.0,0.0
2026-08-03 14:05:00+05:30,57742.94921875,57754.1484375,57732.6484375,57741.30078125,0,0.0,0.0
2026-08-03 14:10:00+05:30,57745.0,57754.6484375,57722.8515625,57743.94921875,0,0.0,0.0
2026-08-03 14:15:00+05:30,57748.6484375,57753.6015625,57716.75,57734.0,0,0.0,0.0
2026-08-03 14:20:00+05:30,57735.75,57755.6015625,57717.0,57733.69921875,0,0.0,0.0
2026-08-03 14:25:00+05:30,57733.30078125,57761.0,57730.1484375,57739.3984375,0,0.0,0.0
2026-08-03 14:30:00+05:30,57740.0,57750.94921875,57721.6484375,57739.44921875,0,0.0,0.0
2026-08-03 14:35:00+05:30,57740.0,57766.5,57724.69921875,57754.3984375,0,0.0,0.0
2026-08-03 14:40:00+05:30,57756.05078125,57776.1484375,57739.25,57749.0,0,0.0,0.0
2026-08-03 14:45:00+05:30,57753.30078125,57786.3515625,57740.80078125,57785.0,0,0.0,0.0
2026-08-03 14:50:00+05:30,57785.1015625,57792.1015625,57741.94921875,57746.55078125,0,0.0,0.0
2026-08-03 14:55:00+05:30,57751.25,57775.3984375,57746.75,57754.0,0,0.0,0.0
2026-08-03 15:00:00+05:30,57753.30078125,57763.94921875,57701.69921875,57712.75,0,0.0,0.0
2026-08-03 15:05:00+05:30,57712.3984375,57712.3984375,57638.6484375,57674.0,0,0.0,0.0
2026-08-03 15:10:00+05:30,57674.25,57720.5,57629.69921875,57680.8984375,0,0.0,0.0
2026-08-03 15:15:00+05:30,57683.69921875,57683.69921875,57683.69921875,57683.69921875,0,0.0,0.0
2026-08-03 15:20:00+05:30,57683.69921875,57683.69921875,57683.69921875,57683.69921875,0,0.0,0.0
2026-08-03 15:25:00+05:30,57683.69921875,58247.94921875,57683.69921875,58247.94921875,0,0.0,0.0
2026-08-04 09:15:00+05:30,58038.6484375,58038.6484375,57655.6484375,57810.6015625,0,0.0,0.0
2026-08-04 09:20:00+05:30,57816.3515625,57843.6015625,57786.1484375,57810.80078125,0,0.0,0.0
2026-08-04 09:25:00+05:30,57817.5,57826.75,57744.69921875,57754.05078125,0,0.0,0.0
2026-08-04 09:30:00+05:30,57754.44921875,57797.8515625,57735.3984375,57740.1484375,0,0.0,0.0
2026-08-04 09:35:00+05:30,57739.3984375,57780.8515625,57737.19921875,57778.30078125,0,0.0,0.0
2026-08-04 09:40:00+05:30,57778.0,57834.1484375,57773.1015625,57827.3984375,0,0.0,0.0
2026-08-04 09:45:00+05:30,57829.6484375,57866.44921875,57825.75,57859.8515625,0,0.0,0.0
2026-08-04 09:50:00+05:30,57862.3984375,57894.3984375,57848.55078125,57862.8515625,0,0.0,0.0
2026-08-04 09:55:00+05:30,57863.8984375,57884.0,57848.8984375,57870.19921875,0,0.0,0.0
2026-08-04 10:00:00+05:30,57869.6015625,57925.3984375,57869.6015625,57903.3515625,0,0.0,0.0
2026-08-04 10:05:00+05:30,57902.19921875,57926.44921875,57859.5,57861.8984375,0,0.0,0.0
2026-08-04 10:10:00+05:30,57861.75,57877.30078125,57826.3984375,57831.1484375,0,0.0,0.0
2026-08-04 10:15:00+05:30,57835.55078125,57879.1484375,57821.5,57863.75,0,0.0,0.0
2026-08-04 10:20:00+05:30,57866.94921875,57871.55078125,57785.6015625,57788.80078125,0,0.0,0.0
2026-08-04 10:25:00+05:30,57790.75,57800.6484375,57769.55078125,57778.0,0,0.0,0.0
2026-08-04 10:30:00+05:30,57774.6015625,57780.1015625,57722.8984375,57740.3984375,0,0.0,0.0
2026-08-04 10:35:00+05:30,57741.0,57762.19921875,57733.0,57747.94921875,0,0.0,0.0
2026-08-04 10:40:00+05:30,57754.1015625,57769.55078125,57742.55078125,57749.94921875,0,0.0,0.0
2026-08-04 10:45:00+05:30,57752.8984375,57767.44921875,57724.3515625,57731.75,0,0.0,0.0
2026-08-04 10:50:00+05:30,57728.0,57753.5,57704.3984375,57707.94921875,0,0.0,0.0
2026-08-04 10:55:00+05:30,57707.25,57715.1015625,57682.80078125,57698.30078125,0,0.0,0.0
2026-08-04 11:00:00+05:30,57702.75,57732.3515625,57690.80078125,57729.3515625,0,0.0,0.0
2026-08-04 11:05:00+05:30,57733.75,57735.1484375,57685.55078125,57689.30078125,0,0.0,0.0
2026-08-04 11:10:00+05:30,57695.1015625,57705.44921875,57684.3984375,57697.5,0,0.0,0.0
2026-08-04 11:15:00+05:30,57696.8515625,57701.8984375,57670.69921875,57677.0,0,0.0,0.0
2026-08-04 11:20:00+05:30,57677.44921875,57680.3515625,57647.5,57652.19921875,0,0.0,0.0
2026-08-04 11:25:00+05:30,57654.69921875,57667.8984375,57645.55078125,57657.19921875,0,0.0,0.0
2026-08-04 11:30:00+05:30,57657.5,57664.6484375,57597.3515625,57607.6484375,0,0.0,0.0
2026-08-04 11:35:00+05:30,57613.1484375,57617.8515625,57574.5,57588.0,0,0.0,0.0
2026-08-04 11:40:00+05:30,57590.69921875,57595.94921875,57558.55078125,57588.94921875,0,0.0,0.0
2026-08-04 11:45:00+05:30,57588.30078125,57590.75,57520.6015625,57525.75,0,0.0,0.0
2026-08-04 11:50:00+05:30,57533.19921875,57570.25,57524.0,57557.1015625,0,0.0,0.0
2026-08-04 11:55:00+05:30,57559.8984375,57566.75,57530.8984375,57537.55078125,0,0.0,0.0
2026-08-04 12:00:00+05:30,57537.55078125,57550.94921875,57487.8515625,57540.6484375,0,0.0,0.0
2026-08-04 12:05:00+05:30,57539.3984375,57558.69921875,57500.6484375,57512.6484375,0,0.0,0.0
2026-08-04 12:10:00+05:30,57512.6484375,57548.05078125,57498.94921875,57542.6484375,0,0.0,0.0
2026-08-04 12:15:00+05:30,57547.1484375,57589.94921875,57530.69921875,57582.3984375,0,0.0,0.0
2026-08-04 12:20:00+05:30,57585.55078125,57588.0,57533.8984375,57557.5,0,0.0,0.0
2026-08-04 12:25:00+05:30,57557.19921875,57563.6015625,57541.0,57558.6015625,0,0.0,0.0
2026-08-04 12:30:00+05:30,57556.94921875,57566.3515625,57539.94921875,57543.3984375,0,0.0,0.0
2026-08-04 12:35:00+05:30,57543.3984375,57547.1484375,57476.55078125,57514.69921875,0,0.0,0.0
2026-08-04 12:40:00+05:30,57517.5,57521.44921875,57462.3515625,57476.8515625,0,0.0,0.0
2026-08-04 12:45:00+05:30,57478.05078125,57504.75,57472.0,57488.8984375,0,0.0,0.0
2026-08-04 12:50:00+05:30,57491.6484375,57511.69921875,57483.6484375,57497.75,0,0.0,0.0
2026-08-04 12:55:00+05:30,57497.75,57498.30078125,57441.8515625,57444.6484375,0,0.0,0.0
2026-08-04 13:00:00+05:30,57444.8515625,57480.8984375,57426.55078125,57475.3984375,0,0.0,0.0
2026-08-04 13:05:00+05:30,57477.19921875,57487.3515625,57452.5,57460.0,0,0.0,0.0
2026-08-04 13:10:00+05:30,57462.94921875,57474.55078125,57443.6484375,57452.94921875,0,0.0,0.0
2026-08-04 13:15:00+05:30,57457.55078125,57463.1484375,57426.8984375,57459.1484375,0,0.0,0.0
2026-08-04 13:20:00+05:30,57452.75,57460.05078125,57407.6015625,57453.05078125,0,0.0,0.0
2026-08-04 13:25:00+05:30,57453.8515625,57454.1015625,57402.75,57405.44921875,0,0.0,0.0
2026-08-04 13:30:00+05:30,57410.3984375,57411.80078125,57381.8984375,57398.3515625,0,0.0,0.0
2026-08-04 13:35:00+05:30,57399.6015625,57431.75,57384.8984375,57425.19921875,0,0.0,0.0
2026-08-04 13:40:00+05:30,57425.3515625,57434.94921875,57397.75,57397.75,0,0.0,0.0
2026-08-04 13:45:00+05:30,57397.80078125,57428.1015625,57378.0,57422.19921875,0,0.0,0.0
2026-08-04 13:50:00+05:30,57423.44921875,57439.8515625,57376.25,57390.5,0,0.0,0.0
2026-08-04 13:55:00+05:30,57390.1484375,57406.80078125,57352.6484375,57400.3984375,0,0.0,0.0
2026-08-04 14:00:00+05:30,57403.5,57404.19921875,57369.80078125,57394.80078125,0,0.0,0.0
2026-08-04 14:05:00+05:30,57397.94921875,57449.1484375,57390.44921875,57431.94921875,0,0.0,0.0
2026-08-04 14:10:00+05:30,57434.44921875,57476.25,57428.3984375,57475.1484375,0,0.0,0.0
2026-08-04 14:15:00+05:30,57477.0,57524.05078125,57472.1015625,57521.1484375,0,0.0,0.0
2026-08-04 14:20:00+05:30,57520.8984375,57531.80078125,57486.25,57511.30078125,0,0.0,0.0
2026-08-04 14:25:00+05:30,57513.44921875,57522.19921875,57463.55078125,57486.80078125,0,0.0,0.0
2026-08-04 14:30:00+05:30,57491.6484375,57542.0,57468.8515625,57489.5,0,0.0,0.0
2026-08-04 14:35:00+05:30,57493.55078125,57520.19921875,57469.05078125,57493.19921875,0,0.0,0.0
2026-08-04 14:40:00+05:30,57495.8984375,57503.5,57464.1015625,57465.80078125,0,0.0,0.0
2026-08-04 14:45:00+05:30,57470.3984375,57506.1484375,57461.80078125,57497.5,0,0.0,0.0
2026-08-04 14:50:00+05:30,57496.6484375,57515.1015625,57491.55078125,57506.25,0,0.0,0.0
2026-08-04 14:55:00+05:30,57506.25,57524.6015625,57486.8515625,57496.8515625,0,0.0,0.0
2026-08-04 15:00:00+05:30,57500.44921875,57516.3515625,57464.3515625,57475.8984375,0,0.0,0.0
2026-08-04 15:05:00+05:30,57480.1484375,57483.3984375,57454.75,57463.25,0,0.0,0.0
2026-08-04 15:10:00+05:30,57470.25,57495.6015625,57433.3515625,57492.75,0,0.0,0.0
2026-08-04 15:15:00+05:30,57492.75,57492.75,57492.75,57492.75,0,0.0,0.0
2026-08-04 15:20:00+05:30,57492.75,57492.75,57492.75,57492.75,0,0.0,0.0
2026-08-04 15:25:00+05:30,57492.75,57907.19921875,57492.75,57907.19921875,0,0.0,0.0
2026-08-05 09:15:00+05:30,57810.05078125,57925.80078125,57654.69921875,57857.8515625,0,0.0,0.0
2026-08-05 09:20:00+05:30,57859.94921875,57922.3515625,57851.6015625,57875.25,0,0.0,0.0
2026-08-05 09:25:00+05:30,57871.6484375,57881.69921875,57825.5,57835.44921875,0,0.0,0.0
2026-08-05 09:30:00+05:30,57837.5,57920.44921875,57826.69921875,57879.1484375,0,0.0,0.0
2026-08-05 09:35:00+05:30,57885.5,57912.69921875,57840.3984375,57906.3515625,0,0.0,0.0
2026-08-05 09:40:00+05:30,57909.75,57916.5,57879.8515625,57891.44921875,0,0.0,0.0
2026-08-05 09:45:00+05:30,57895.6015625,57929.69921875,57881.8515625,57905.55078125,0,0.0,0.0
2026-08-05 09:50:00+05:30,57908.6484375,57920.3984375,57812.05078125,57813.30078125,0,0.0,0.0
2026-08-05 09:55:00+05:30,57816.1484375,57857.05078125,57792.6015625,57853.8984375,0,0.0,0.0
2026-08-05 10:00:00+05:30,57856.80078125,57926.1484375,57840.75,57921.05078125,0,0.0,0.0
2026-08-05 10:05:00+05:30,57920.5,57920.6015625,57810.44921875,57847.44921875,0,0.0,0.0
2026-08-05 10:10:00+05:30,57849.6484375,57885.80078125,57834.8515625,57881.75,0,0.0,0.0
2026-08-05 10:15:00+05:30,57881.3984375,57881.8515625,57832.75,57863.55078125,0,0.0,0.0
2026-08-05 10:20:00+05:30,57865.5,57921.5,57864.55078125,57879.1484375,0,0.0,0.0
2026-08-05 10:25:00+05:30,57878.8515625,57879.5,57702.25,57705.19921875,0,0.0,0.0
2026-08-05 10:30:00+05:30,57705.0,57705.0,57595.6015625,57690.0,0,0.0,0.0
2026-08-05 10:35:00+05:30,57690.8515625,57746.3515625,57685.80078125,57709.5,0,0.0,0.0
2026-08-05 10:40:00+05:30,57710.8515625,57755.94921875,57707.05078125,57735.80078125,0,0.0,0.0
2026-08-05 10:45:00+05:30,57735.44921875,57823.0,57732.30078125,57817.5,0,0.0,0.0
2026-08-05 10:50:00+05:30,57820.94921875,57853.1015625,57779.0,57816.1484375,0,0.0,0.0
2026-08-05 10:55:00+05:30,57817.8515625,57853.3515625,57806.44921875,57845.75,0,0.0,0.0
2026-08-05 11:00:00+05:30,57846.8984375,57875.6484375,57832.1015625,57845.8515625,0,0.0,0.0
2026-08-05 11:05:00+05:30,57845.8515625,57867.1015625,57789.55078125,57792.80078125,0,0.0,0.0
2026-08-05 11:10:00+05:30,57791.8515625,57828.80078125,57756.1484375,57800.55078125,0,0.0,0.0
2026-08-05 11:15:00+05:30,57803.44921875,57815.1015625,57767.3984375,57773.6015625,0,0.0,0.0
2026-08-05 11:20:00+05:30,57775.05078125,57796.80078125,57751.8984375,57763.8515625,0,0.0,0.0
2026-08-05 11:25:00+05:30,57766.05078125,57767.6015625,57731.30078125,57743.0,0,0.0,0.0
2026-08-05 11:30:00+05:30,57737.8984375,57754.55078125,57702.69921875,57710.44921875,0,0.0,0.0
2026-08-05 11:35:00+05:30,57710.44921875,57728.3984375,57696.30078125,57722.69921875,0,0.0,0.0
2026-08-05 11:40:00+05:30,57724.5,57730.8515625,57694.80078125,57699.5,0,0.0,0.0
2026-08-05 11:45:00+05:30,57700.44921875,57707.25,57663.94921875,57678.6015625,0,0.0,0.0
2026-08-05 11:50:00+05:30,57679.8515625,57683.30078125,57631.8984375,57643.05078125,0,0.0,0.0
2026-08-05 11:55:00+05:30,57643.75,57670.55078125,57620.30078125,57658.75,0,0.0,0.0
2026-08-05 12:00:00+05:30,57657.05078125,57683.6015625,57647.6015625,57681.3984375,0,0.0,0.0
2026-08-05 12:05:00+05:30,57683.0,57703.3515625,57661.69921875,57691.0,0,0.0,0.0
2026-08-05 12:10:00+05:30,57692.75,57695.1484375,57647.6484375,57685.44921875,0,0.0,0.0
2026-08-05 12:15:00+05:30,57686.44921875,57696.5,57640.3515625,57643.1015625,0,0.0,0.0
2026-08-05 12:20:00+05:30,57639.6484375,57697.55078125,57637.19921875,57688.80078125,0,0.0,0.0
2026-08-05 12:25:00+05:30,57686.69921875,57697.55078125,57655.19921875,57661.6015625,0,0.0,0.0
2026-08-05 12:30:00+05:30,57664.69921875,57668.30078125,57596.8984375,57602.30078125,0,0.0,0.0
2026-08-05 12:35:00+05:30,57601.44921875,57605.75,57566.3515625,57599.80078125,0,0.0,0.0
2026-08-05 12:40:00+05:30,57600.1015625,57619.75,57557.69921875,57580.55078125,0,0.0,0.0
2026-08-05 12:45:00+05:30,57579.8515625,57592.1015625,57554.1015625,57559.8984375,0,0.0,0.0
2026-08-05 12:50:00+05:30,57560.6015625,57566.3984375,57539.75,57555.05078125,0,0.0,0.0
2026-08-05 12:55:00+05:30,57557.69921875,57571.8515625,57540.5,57545.5,0,0.0,0.0
2026-08-05 13:00:00+05:30,57549.19921875,57595.1015625,57529.5,57580.05078125,0,0.0,0.0
2026-08-05 13:05:00+05:30,57583.75,57583.75,57509.80078125,57561.1484375,0,0.0,0.0
2026-08-05 13:10:00+05:30,57561.1484375,57569.8984375,57512.3515625,57540.80078125,0,0.0,0.0
2026-08-05 13:15:00+05:30,57544.80078125,57586.3984375,57528.6015625,57582.80078125,0,0.0,0.0
2026-08-05 13:20:00+05:30,57583.5,57604.0,57526.55078125,57533.1484375,0,0.0,0.0
2026-08-05 13:25:00+05:30,57534.1484375,57535.30078125,57493.44921875,57532.0,0,0.0,0.0
2026-08-05 13:30:00+05:30,57531.80078125,57550.69921875,57506.1015625,57517.8515625,0,0.0,0.0
2026-08-05 13:35:00+05:30,57517.05078125,57538.94921875,57505.55078125,57516.55078125,0,0.0,0.0
2026-08-05 13:40:00+05:30,57515.3515625,57526.80078125,57457.05078125,57472.8984375,0,0.0,0.0
2026-08-05 13:45:00+05:30,57472.6015625,57570.6015625,57459.3515625,57568.3984375,0,0.0,0.0
2026-08-05 13:50:00+05:30,57570.1484375,57589.1015625,57508.69921875,57540.25,0,0.0,0.0
2026-08-05 13:55:00+05:30,57540.5,57543.75,57515.1015625,57540.69921875,0,0.0,0.0
2026-08-05 14:00:00+05:30,57541.80078125,57569.80078125,57538.0,57562.1015625,0,0.0,0.0
2026-08-05 14:05:00+05:30,57562.3515625,57582.25,57547.0,57556.75,0,0.0,0.0
2026-08-05 14:10:00+05:30,57557.55078125,57599.8515625,57551.6015625,57559.05078125,0,0.0,0.0
2026-08-05 14:15:00+05:30,57561.8984375,57566.55078125,57510.80078125,57541.3984375,0,0.0,0.0
2026-08-05 14:20:00+05:30,57541.69921875,57561.3515625,57522.8515625,57533.6015625,0,0.0,0.0
2026-08-05 14:25:00+05:30,57533.6015625,57542.6484375,57509.3515625,57520.6484375,0,0.0,0.0
2026-08-05 14:30:00+05:30,57523.05078125,57538.8515625,57507.1484375,57509.30078125,0,0.0,0.0
2026-08-05 14:35:00+05:30,57509.0,57552.75,57499.1484375,57532.8984375,0,0.0,0.0
2026-08-05 14:40:00+05:30,57531.80078125,57532.75,57496.30078125,57502.6484375,0,0.0,0.0
2026-08-05 14:45:00+05:30,57500.6015625,57541.1484375,57496.1015625,57535.69921875,0,0.0,0.0
2026-08-05 14:50:00+05:30,57535.6015625,57540.3515625,57501.1484375,57507.80078125,0,0.0,0.0
2026-08-05 14:55:00+05:30,57507.80078125,57557.44921875,57486.8515625,57543.6015625,0,0.0,0.0
2026-08-05 15:00:00+05:30,57542.1015625,57580.1484375,57524.05078125,57561.6484375,0,0.0,0.0
2026-08-05 15:05:00+05:30,57564.69921875,57591.80078125,57535.44921875,57584.69921875,0,0.0,0.0
2026-08-05 15:10:00+05:30,57589.80078125,57655.25,57567.8515625,57631.25,0,0.0,0.0
2026-08-05 15:15:00+05:30,57629.75,57629.75,57629.75,57629.75,0,0.0,0.0
2026-08-05 15:20:00+05:30,57629.75,57629.75,57629.75,57629.75,0,0.0,0.0
2026-08-05 15:25:00+05:30,57629.75,57739.94921875,57629.75,57739.94921875,0,0.0,0.0
2026-08-06 09:15:00+05:30,57816.30078125,57816.30078125,57716.8984375,57751.05078125,0,0.0,0.0
2026-08-06 09:20:00+05:30,57753.75,57812.3984375,57733.44921875,57799.80078125,0,0.0,0.0
2026-08-06 09:25:00+05:30,57799.19921875,57858.05078125,57784.94921875,57793.25,0,0.0,0.0
2026-08-06 09:30:00+05:30,57798.69921875,57816.5,57743.8984375,57750.69921875,0,0.0,0.0
2026-08-06 09:35:00+05:30,57752.1484375,57840.69921875,57748.3515625,57820.94921875,0,0.0,0.0
2026-08-06 09:40:00+05:30,57823.3515625,57835.8515625,57798.75,57828.8984375,0,0.0,0.0
2026-08-06 09:45:00+05:30,57833.05078125,57878.05078125,57828.6015625,57861.05078125,0,0.0,0.0
2026-08-06 09:50:00+05:30,57861.25,57869.94921875,57835.19921875,57852.44921875,0,0.0,0.0
2026-08-06 09:55:00+05:30,57852.6484375,57853.0,57784.6015625,57795.94921875,0,0.0,0.0
2026-08-06 10:00:00+05:30,57796.5,57796.5,57718.6484375,57746.1484375,0,0.0,0.0
2026-08-06 10:05:00+05:30,57746.1484375,57787.69921875,57727.30078125,57776.1484375,0,0.0,0.0
2026-08-06 10:10:00+05:30,57777.55078125,57808.69921875,57770.19921875,57796.75,0,0.0,0.0
2026-08-06 10:15:00+05:30,57797.1484375,57802.3984375,57779.75,57782.80078125,0,0.0,0.0
2026-08-06 10:20:00+05:30,57782.69921875,57862.8984375,57780.19921875,57861.6484375,0,0.0,0.0
2026-08-06 10:25:00+05:30,57862.19921875,57864.25,57827.8984375,57857.30078125,0,0.0,0.0
2026-08-06 10:30:00+05:30,57857.8984375,57893.3515625,57852.75,57857.6484375,0,0.0,0.0
2026-08-06 10:35:00+05:30,57855.05078125,57874.44921875,57828.3984375,57868.30078125,0,0.0,0.0
2026-08-06 10:40:00+05:30,57866.25,57879.8515625,57850.55078125,57876.8984375,0,0.0,0.0
2026-08-06 10:45:00+05:30,57879.6015625,57881.8984375,57849.6015625,57876.8515625,0,0.0,0.0
2026-08-06 10:50:00+05:30,57873.3515625,57886.25,57848.6015625,57870.6015625,0,0.0,0.0
2026-08-06 10:55:00+05:30,57870.30078125,57911.8984375,57863.75,57899.6484375,0,0.0,0.0
2026-08-06 11:00:00+05:30,57900.1015625,57924.3515625,57885.94921875,57914.55078125,0,0.0,0.0
2026-08-06 11:05:00+05:30,57913.3984375,57923.75,57886.94921875,57894.3984375,0,0.0,0.0
2026-08-06 11:10:00+05:30,57895.8515625,57915.69921875,57880.44921875,57905.1484375,0,0.0,0.0
2026-08-06 11:15:00+05:30,57910.6015625,57917.94921875,57880.8984375,57913.69921875,0,0.0,0.0
2026-08-06 11:20:00+05:30,57914.3515625,57925.3515625,57902.3984375,57918.19921875,0,0.0,0.0
2026-08-06 11:25:00+05:30,57919.8984375,57929.1484375,57896.05078125,57911.8984375,0,0.0,0.0
2026-08-06 11:30:00+05:30,57912.05078125,57926.55078125,57893.1015625,57902.6484375,0,0.0,0.0
2026-08-06 11:35:00+05:30,57901.80078125,57907.8984375,57872.1015625,57901.75,0,0.0,0.0
2026-08-06 11:40:00+05:30,57902.55078125,57912.05078125,57855.1015625,57860.1015625,0,0.0,0.0
2026-08-06 11:45:00+05:30,57859.94921875,57873.55078125,57850.8984375,57863.3515625,0,0.0,0.0
2026-08-06 11:50:00+05:30,57864.1484375,57917.1015625,57861.3984375,57914.8515625,0,0.0,0.0
2026-08-06 11:55:00+05:30,57914.8515625,57958.3984375,57908.44921875,57944.0,0,0.0,0.0
2026-08-06 12:00:00+05:30,57941.80078125,57956.19921875,57931.25,57944.6484375,0,0.0,0.0
2026-08-06 12:05:00+05:30,57942.5,57960.30078125,57932.5,57939.3984375,0,0.0,0.0
2026-08-06 12:10:00+05:30,57939.8984375,57953.44921875,57920.80078125,57936.8515625,0,0.0,0.0
2026-08-06 12:15:00+05:30,57937.94921875,57985.05078125,57934.75,57947.3515625,0,0.0,0.0
2026-08-06 12:20:00+05:30,57948.3515625,57962.6015625,57935.8984375,57949.6484375,0,0.0,0.0
2026-08-06 12:25:00+05:30,57949.8515625,57962.1015625,57942.0,57958.94921875,0,0.0,0.0
2026-08-06 12:30:00+05:30,57961.19921875,57966.05078125,57931.1015625,57958.55078125,0,0.0,0.0
2026-08-06 12:35:00+05:30,57958.55078125,57963.3984375,57935.3515625,57947.6484375,0,0.0,0.0
2026-08-06 12:40:00+05:30,57946.94921875,57965.6015625,57932.19921875,57950.6484375,0,0.0,0.0
2026-08-06 12:45:00+05:30,57947.44921875,57956.6015625,57904.25,57909.1015625,0,0.0,0.0
2026-08-06 12:50:00+05:30,57909.6015625,57920.25,57889.05078125,57904.8515625,0,0.0,0.0
2026-08-06 12:55:00+05:30,57905.6484375,57948.1015625,57883.30078125,57933.8984375,0,0.0,0.0
2026-08-06 13:00:00+05:30,57934.8984375,57963.44921875,57928.3515625,57938.05078125,0,0.0,0.0
2026-08-06 13:05:00+05:30,57940.3984375,57959.19921875,57905.25,57919.69921875,0,0.0,0.0
2026-08-06 13:10:00+05:30,57918.75,57971.05078125,57907.55078125,57932.6015625,0,0.0,0.0
2026-08-06 13:15:00+05:30,57933.8984375,57993.94921875,57907.75,57980.0,0,0.0,0.0
2026-08-06 13:20:00+05:30,57979.8515625,58001.8515625,57930.8984375,57935.55078125,0,0.0,0.0
2026-08-06 13:25:00+05:30,57936.1484375,57974.30078125,57925.1484375,57956.5,0,0.0,0.0
2026-08-06 13:30:00+05:30,57959.1484375,57988.44921875,57942.75,57956.3984375,0,0.0,0.0
2026-08-06 13:35:00+05:30,57958.1015625,58002.3984375,57941.8515625,57972.30078125,0,0.0,0.0
2026-08-06 13:40:00+05:30,57959.5,58015.55078125,57955.55078125,57996.8515625,0,0.0,0.0
2026-08-06 13:45:00+05:30,57996.94921875,58007.0,57970.1484375,57977.55078125,0,0.0,0.0
2026-08-06 13:50:00+05:30,57975.94921875,58021.0,57962.80078125,58002.3984375,0,0.0,0.0
2026-08-06 13:55:00+05:30,58006.25,58053.6015625,57980.8515625,58042.5,0,0.0,0.0
2026-08-06 14:00:00+05:30,58038.05078125,58048.5,58006.94921875,58027.80078125,0,0.0,0.0
2026-08-06 14:05:00+05:30,58025.0,58069.25,58020.3515625,58032.6015625,0,0.0,0.0
2026-08-06 14:10:00+05:30,58032.55078125,58076.6015625,58028.6484375,58054.1484375,0,0.0,0.0
2026-08-06 14:15:00+05:30,58054.19921875,58072.19921875,58049.0,58059.19921875,0,0.0,0.0
2026-08-06 14:20:00+05:30,58055.6484375,58065.8515625,58033.0,58050.75,0,0.0,0.0
2026-08-06 14:25:00+05:30,58051.69921875,58068.6484375,58030.1015625,58035.94921875,0,0.0,0.0
2026-08-06 14:30:00+05:30,58034.80078125,58046.55078125,57971.75,58022.75,0,0.0,0.0
2026-08-06 14:35:00+05:30,58023.6015625,58041.80078125,58014.69921875,58020.75,0,0.0,0.0
2026-08-06 14:40:00+05:30,58020.75,58050.5,58004.19921875,58032.44921875,0,0.0,0.0
2026-08-06 14:45:00+05:30,58036.75,58045.8984375,58016.8515625,58031.1484375,0,0.0,0.0
2026-08-06 14:50:00+05:30,58030.8515625,58049.94921875,58012.8984375,58019.3515625,0,0.0,0.0
2026-08-06 14:55:00+05:30,58015.80078125,58015.94921875,57981.6484375,58009.69921875,0,0.0,0.0
2026-08-06 15:00:00+05:30,58010.5,58036.44921875,57984.3984375,58003.3515625,0,0.0,0.0
2026-08-06 15:05:00+05:30,58005.5,58054.05078125,57998.3984375,58016.0,0,0.0,0.0
2026-08-06 15:10:00+05:30,58016.8984375,58044.05078125,57983.3515625,58014.69921875,0,0.0,0.0
2026-08-06 15:15:00+05:30,58007.94921875,58007.94921875,58007.94921875,58007.94921875,0,0.0,0.0
2026-08-06 15:20:00+05:30,58007.94921875,58007.94921875,58007.94921875,58007.94921875,0,0.0,0.0
2026-08-06 15:25:00+05:30,58007.94921875,58063.6484375,58007.94921875,58063.6484375,0,0.0,0.0
2026-08-07 09:15:00+05:30,57882.0,57936.3984375,57795.05078125,57863.55078125,0,0.0,0.0
2026-08-07 09:20:00+05:30,57863.55078125,57913.6484375,57840.19921875,57874.8515625,0,0.0,0.0
2026-08-07 09:25:00+05:30,57878.6015625,57908.5,57853.44921875,57888.69921875,0,0.0,0.0
2026-08-07 09:30:00+05:30,57889.25,57906.44921875,57869.55078125,57885.3515625,0,0.0,0.0
2026-08-07 09:35:00+05:30,57887.1484375,57910.6015625,57879.55078125,57886.8515625,0,0.0,0.0
2026-08-07 09:40:00+05:30,57888.25,57899.1015625,57855.25,57897.6015625,0,0.0,0.0
2026-08-07 09:45:00+05:30,57898.1484375,57899.19921875,57856.8984375,57873.69921875,0,0.0,0.0
2026-08-07 09:50:00+05:30,57874.3984375,57955.05078125,57872.75,57939.6015625,0,0.0,0.0
2026-08-07 09:55:00+05:30,57944.75,57952.0,57922.3984375,57928.25,0,0.0,0.0
2026-08-07 10:00:00+05:30,57928.3984375,57936.69921875,57907.1484375,57929.94921875,0,0.0,0.0
2026-08-07 10:05:00+05:30,57930.3515625,57964.19921875,57911.05078125,57946.0,0,0.0,0.0
2026-08-07 10:10:00+05:30,57947.30078125,57962.05078125,57904.8984375,57917.6484375,0,0.0,0.0
2026-08-07 10:15:00+05:30,57921.19921875,57928.69921875,57861.6015625,57872.69921875,0,0.0,0.0
2026-08-07 10:20:00+05:30,57873.80078125,57907.44921875,57863.8984375,57868.1015625,0,0.0,0.0
2026-08-07 10:25:00+05:30,57870.19921875,57880.25,57823.6015625,57836.25,0,0.0,0.0
2026-08-07 10:30:00+05:30,57839.30078125,57839.30078125,57788.30078125,57823.6484375,0,0.0,0.0
2026-08-07 10:35:00+05:30,57825.05078125,57856.3984375,57818.80078125,57852.5,0,0.0,0.0
2026-08-07 10:40:00+05:30,57852.19921875,57853.3515625,57803.94921875,57812.1015625,0,0.0,0.0
2026-08-07 10:45:00+05:30,57814.25,57860.3984375,57794.5,57842.19921875,0,0.0,0.0
2026-08-07 10:50:00+05:30,57840.1015625,57848.30078125,57813.69921875,57839.55078125,0,0.0,0.0
2026-08-07 10:55:00+05:30,57841.3984375,57861.25,57800.25,57800.25,0,0.0,0.0
2026-08-07 11:00:00+05:30,57803.25,57813.8515625,57740.94921875,57747.1484375,0,0.0,0.0
2026-08-07 11:05:00+05:30,57749.3984375,57807.55078125,57747.44921875,57800.80078125,0,0.0,0.0
2026-08-07 11:10:00+05:30,57804.1484375,57829.05078125,57794.55078125,57810.05078125,0,0.0,0.0
2026-08-07 11:15:00+05:30,57813.6484375,57813.6484375,57783.05078125,57805.80078125,0,0.0,0.0
2026-08-07 11:20:00+05:30,57813.19921875,57847.3515625,57809.30078125,57841.6015625,0,0.0,0.0
2026-08-07 11:25:00+05:30,57840.5,57853.25,57830.3984375,57838.6484375,0,0.0,0.0
2026-08-07 11:30:00+05:30,57838.6484375,57842.8515625,57786.19921875,57790.8515625,0,0.0,0.0
2026-08-07 11:35:00+05:30,57791.44921875,57794.80078125,57766.8515625,57794.80078125,0,0.0,0.0
2026-08-07 11:40:00+05:30,57796.8984375,57798.80078125,57767.44921875,57779.0,0,0.0,0.0
2026-08-07 11:45:00+05:30,57784.6484375,57788.55078125,57762.44921875,57767.75,0,0.0,0.0
2026-08-07 11:50:00+05:30,57768.1484375,57772.8984375,57735.3984375,57749.8515625,0,0.0,0.0
2026-08-07 11:55:00+05:30,57747.1015625,57773.44921875,57745.0,57770.75,0,0.0,0.0
2026-08-07 12:00:00+05:30,57771.8515625,57790.0,57757.94921875,57759.30078125,0,0.0,0.0
2026-08-07 12:05:00+05:30,57764.6484375,57768.0,57744.3515625,57747.5,0,0.0,0.0
2026-08-07 12:10:00+05:30,57749.69921875,57757.80078125,57721.75,57726.25,0,0.0,0.0
2026-08-07 12:15:00+05:30,57726.94921875,57731.0,57697.80078125,57707.75,0,0.0,0.0
2026-08-07 12:20:00+05:30,57709.0,57752.0,57701.55078125,57725.5,0,0.0,0.0
2026-08-07 12:25:00+05:30,57725.5,57794.8984375,57714.30078125,57776.75,0,0.0,0.0
2026-08-07 12:30:00+05:30,57780.05078125,57797.75,57758.3515625,57791.5,0,0.0,0.0
2026-08-07 12:35:00+05:30,57791.3984375,57796.30078125,57775.1484375,57786.8515625,0,0.0,0.0
2026-08-07 12:40:00+05:30,57788.25,57791.69921875,57775.80078125,57782.0,0,0.0,0.0
2026-08-07 12:45:00+05:30,57787.25,57812.75,57778.19921875,57804.44921875,0,0.0,0.0
2026-08-07 12:50:00+05:30,57806.1015625,57813.69921875,57777.5,57787.44921875,0,0.0,0.0
2026-08-07 12:55:00+05:30,57786.6015625,57792.69921875,57755.80078125,57774.8984375,0,0.0,0.0
2026-08-07 13:00:00+05:30,57770.80078125,57784.1484375,57759.8984375,57773.6484375,0,0.0,0.0
2026-08-07 13:05:00+05:30,57776.55078125,57806.25,57758.3515625,57764.1015625,0,0.0,0.0
2026-08-07 13:10:00+05:30,57766.05078125,57789.3515625,57747.3984375,57751.69921875,0,0.0,0.0
2026-08-07 13:15:00+05:30,57754.44921875,57772.1484375,57746.75,57757.8515625,0,0.0,0.0
2026-08-07 13:20:00+05:30,57760.3984375,57791.0,57752.44921875,57785.0,0,0.0,0.0
2026-08-07 13:25:00+05:30,57786.25,57801.3515625,57778.6484375,57782.19921875,0,0.0,0.0
2026-08-07 13:30:00+05:30,57786.25,57792.5,57705.94921875,57722.75,0,0.0,0.0
2026-08-07 13:35:00+05:30,57725.1484375,57745.44921875,57719.05078125,57728.44921875,0,0.0,0.0
2026-08-07 13:40:00+05:30,57731.0,57731.44921875,57703.94921875,57714.8984375,0,0.0,0.0
2026-08-07 13:45:00+05:30,57714.80078125,57904.1484375,57708.3515625,57894.05078125,0,0.0,0.0
2026-08-07 13:50:00+05:30,57901.75,57993.75,57876.3515625,57878.55078125,0,0.0,0.0
2026-08-07 13:55:00+05:30,57887.1484375,57912.75,57762.8984375,57859.75,0,0.0,0.0
2026-08-07 14:00:00+05:30,57862.6015625,57945.80078125,57825.55078125,57838.30078125,0,0.0,0.0
2026-08-07 14:05:00+05:30,57835.75,57862.69921875,57769.94921875,57802.30078125,0,0.0,0.0
2026-08-07 14:10:00+05:30,57800.6015625,57832.5,57793.3515625,57818.0,0,0.0,0.0
2026-08-07 14:15:00+05:30,57816.8515625,57868.44921875,57801.8515625,57832.25,0,0.0,0.0
2026-08-07 14:20:00+05:30,57834.30078125,57884.8984375,57828.69921875,57877.3515625,0,0.0,0.0
2026-08-07 14:25:00+05:30,57878.94921875,57900.1484375,57863.30078125,57879.5,0,0.0,0.0
2026-08-07 14:30:00+05:30,57879.25,57884.19921875,57812.69921875,57859.8515625,0,0.0,0.0
2026-08-07 14:35:00+05:30,57859.8515625,57895.6484375,57831.3984375,57837.69921875,0,0.0,0.0
2026-08-07 14:40:00+05:30,57836.69921875,57846.94921875,57807.55078125,57827.30078125,0,0.0,0.0
2026-08-07 14:45:00+05:30,57829.6484375,57836.80078125,57787.8984375,57810.5,0,0.0,0.0
2026-08-07 14:50:00+05:30,57812.3984375,57813.25,57688.30078125,57704.3984375,0,0.0,0.0
2026-08-07 14:55:00+05:30,57711.25,57761.80078125,57706.6015625,57754.05078125,0,0.0,0.0
2026-08-07 15:00:00+05:30,57757.94921875,57805.75,57754.44921875,57790.0,0,0.0,0.0
2026-08-07 15:05:00+05:30,57789.3984375,57814.8515625,57780.05078125,57812.1015625,0,0.0,0.0
2026-08-07 15:10:00+05:30,57810.94921875,57865.3515625,57782.94921875,57782.94921875,0,0.0,0.0
2026-08-07 15:15:00+05:30,57801.1484375,57801.1484375,57801.1484375,57801.1484375,0,0.0,0.0
2026-08-07 15:20:00+05:30,57801.1484375,57801.1484375,57801.1484375,57801.1484375,0,0.0,0.0
2026-08-07 15:25:00+05:30,57801.1484375,57801.1484375,57746.44921875,57746.44921875,0,0.0,0.0
2026-08-10 09:15:00+05:30,57810.6015625,58012.6015625,57810.6015625,57884.19921875,0,0.0,0.0
2026-08-10 09:20:00+05:30,57882.3515625,57937.25,57810.1015625,57810.1015625,0,0.0,0.0
2026-08-10 09:25:00+05:30,57808.8984375,57814.75,57714.44921875,57717.19921875,0,0.0,0.0
2026-08-10 09:30:00+05:30,57715.1015625,57730.8515625,57586.3984375,57588.6015625,0,0.0,0.0
2026-08-10 09:35:00+05:30,57587.55078125,57624.3515625,57539.6015625,57613.8515625,0,0.0,0.0
2026-08-10 09:40:00+05:30,57613.8515625,57633.55078125,57580.8515625,57630.80078125,0,0.0,0.0
2026-08-10 09:45:00+05:30,57631.8515625,57672.6484375,57609.0,57615.1015625,0,0.0,0.0
2026-08-10 09:50:00+05:30,57617.8984375,57633.0,57540.80078125,57563.1015625,0,0.0,0.0
2026-08-10 09:55:00+05:30,57564.55078125,57587.25,57527.75,57584.94921875,0,0.0,0.0
2026-08-10 10:00:00+05:30,57588.44921875,57663.94921875,57579.8984375,57621.05078125,0,0.0,0.0
2026-08-10 10:05:00+05:30,57628.19921875,57645.0,57581.30078125,57593.8984375,0,0.0,0.0
2026-08-10 10:10:00+05:30,57587.55078125,57638.80078125,57571.80078125,57624.80078125,0,0.0,0.0
2026-08-10 10:15:00+05:30,57626.05078125,57710.5,57624.1484375,57709.44921875,0,0.0,0.0
2026-08-10 10:20:00+05:30,57710.19921875,57727.69921875,57673.3515625,57704.44921875,0,0.0,0.0
2026-08-10 10:25:00+05:30,57709.30078125,57719.69921875,57673.80078125,57713.80078125,0,0.0,0.0
2026-08-10 10:30:00+05:30,57716.44921875,57727.19921875,57680.1484375,57700.3984375,0,0.0,0.0
2026-08-10 10:35:00+05:30,57695.6484375,57721.75,57687.1484375,57707.1484375,0,0.0,0.0
2026-08-10 10:40:00+05:30,57708.8515625,57741.6484375,57699.19921875,57728.55078125,0,0.0,0.0
2026-08-10 10:45:00+05:30,57730.69921875,57776.8515625,57720.80078125,57748.1484375,0,0.0,0.0
2026-08-10 10:50:00+05:30,57746.44921875,57751.8984375,57688.0,57698.6484375,0,0.0,0.0
2026-08-10 10:55:00+05:30,57697.19921875,57710.19921875,57674.75,57687.69921875,0,0.0,0.0
2026-08-10 11:00:00+05:30,57689.1484375,57706.6484375,57676.1484375,57695.30078125,0,0.0,0.0
2026-08-10 11:05:00+05:30,57693.6484375,57714.5,57670.19921875,57692.19921875,0,0.0,0.0
2026-08-10 11:10:00+05:30,57683.75,57720.19921875,57678.19921875,57716.0,0,0.0,0.0
2026-08-10 11:15:00+05:30,57718.6015625,57723.30078125,57675.0,57693.19921875,0,0.0,0.0
2026-08-10 11:20:00+05:30,57696.69921875,57711.55078125,57646.69921875,57667.94921875,0,0.0,0.0
2026-08-10 11:25:00+05:30,57664.1015625,57688.75,57646.25,57678.19921875,0,0.0,0.0
2026-08-10 11:30:00+05:30,57678.19921875,57683.30078125,57616.80078125,57636.6484375,0,0.0,0.0
2026-08-10 11:35:00+05:30,57637.1484375,57666.94921875,57619.3984375,57662.44921875,0,0.0,0.0
2026-08-10 11:40:00+05:30,57663.8984375,57677.8515625,57638.0,57645.19921875,0,0.0,0.0
2026-08-10 11:45:00+05:30,57641.94921875,57679.44921875,57612.69921875,57656.1015625,0,0.0,0.0
2026-08-10 11:50:00+05:30,57659.0,57683.69921875,57637.44921875,57637.8515625,0,0.0,0.0
2026-08-10 11:55:00+05:30,57637.8515625,57661.05078125,57614.1015625,57643.55078125,0,0.0,0.0
2026-08-10 12:00:00+05:30,57645.8984375,57654.80078125,57615.69921875,57649.75,0,0.0,0.0
2026-08-10 12:05:00+05:30,57651.80078125,57674.6484375,57631.80078125,57670.6015625,0,0.0,0.0
2026-08-10 12:10:00+05:30,57670.6015625,57693.69921875,57641.8984375,57682.1015625,0,0.0,0.0
2026-08-10 12:15:00+05:30,57682.1015625,57709.0,57656.6015625,57667.30078125,0,0.0,0.0
2026-08-10 12:20:00+05:30,57670.25,57682.94921875,57638.0,57647.69921875,0,0.0,0.0
2026-08-10 12:25:00+05:30,57650.3515625,57698.75,57640.80078125,57688.75,0,0.0,0.0
2026-08-10 12:30:00+05:30,57688.75,57711.05078125,57680.8984375,57693.6015625,0,0.0,0.0
2026-08-10 12:35:00+05:30,57692.3515625,57708.1484375,57667.1484375,57698.1484375,0,0.0,0.0
2026-08-10 12:40:00+05:30,57699.25,57714.5,57663.6484375,57668.1484375,0,0.0,0.0
2026-08-10 12:45:00+05:30,57670.5,57682.05078125,57637.25,57644.80078125,0,0.0,0.0
2026-08-10 12:50:00+05:30,57651.25,57660.25,57625.6015625,57629.75,0,0.0,0.0
2026-08-10 12:55:00+05:30,57629.75,57638.30078125,57602.3515625,57626.94921875,0,0.0,0.0
2026-08-10 13:00:00+05:30,57623.75,57643.55078125,57596.8515625,57634.3984375,0,0.0,0.0
2026-08-10 13:05:00+05:30,57637.55078125,57640.80078125,57579.5,57589.3984375,0,0.0,0.0
2026-08-10 13:10:00+05:30,57591.55078125,57600.5,57560.55078125,57578.8984375,0,0.0,0.0
2026-08-10 13:15:00+05:30,57580.0,57618.69921875,57579.6484375,57604.5,0,0.0,0.0
2026-08-10 13:20:00+05:30,57605.30078125,57620.1015625,57587.25,57607.19921875,0,0.0,0.0
2026-08-10 13:25:00+05:30,57606.5,57618.80078125,57593.6484375,57601.1484375,0,0.0,0.0
2026-08-10 13:30:00+05:30,57602.94921875,57624.19921875,57583.1015625,57613.69921875,0,0.0,0.0
2026-08-10 13:35:00+05:30,57616.3984375,57630.5,57608.94921875,57625.1015625,0,0.0,0.0
2026-08-10 13:40:00+05:30,57627.1484375,57651.8984375,57617.6484375,57646.55078125,0,0.0,0.0
2026-08-10 13:45:00+05:30,57647.19921875,57666.3984375,57604.80078125,57631.05078125,0,0.0,0.0
2026-08-10 13:50:00+05:30,57631.1484375,57645.30078125,57621.3515625,57629.1015625,0,0.0,0.0
2026-08-10 13:55:00+05:30,57631.1484375,57640.5,57591.80078125,57608.3984375,0,0.0,0.0
2026-08-10 14:00:00+05:30,57600.19921875,57617.80078125,57568.30078125,57593.94921875,0,0.0,0.0
2026-08-10 14:05:00+05:30,57597.19921875,57651.75,57591.80078125,57635.75,0,0.0,0.0
2026-08-10 14:10:00+05:30,57634.6015625,57648.80078125,57619.30078125,57630.8984375,0,0.0,0.0
2026-08-10 14:15:00+05:30,57632.6015625,57650.8984375,57617.75,57620.8515625,0,0.0,0.0
2026-08-10 14:20:00+05:30,57622.55078125,57645.5,57617.8984375,57640.44921875,0,0.0,0.0
2026-08-10 14:25:00+05:30,57641.05078125,57650.55078125,57621.1484375,57645.5,0,0.0,0.0
2026-08-10 14:30:00+05:30,57644.1015625,57655.1015625,57631.25,57641.1484375,0,0.0,0.0
2026-08-10 14:35:00+05:30,57641.80078125,57642.44921875,57608.69921875,57621.6015625,0,0.0,0.0
2026-08-10 14:40:00+05:30,57620.19921875,57627.19921875,57587.94921875,57607.1484375,0,0.0,0.0
2026-08-10 14:45:00+05:30,57606.44921875,57609.3984375,57554.0,57561.80078125,0,0.0,0.0
2026-08-10 14:50:00+05:30,57561.44921875,57583.30078125,57542.3984375,57572.25,0,0.0,0.0
2026-08-10 14:55:00+05:30,57571.55078125,57598.75,57565.1484375,57593.0,0,0.0,0.0
2026-08-10 15:00:00+05:30,57591.25,57612.69921875,57559.3515625,57607.94921875,0,0.0,0.0
2026-08-10 15:05:00+05:30,57607.3984375,57608.3515625,57563.1015625,57571.05078125,0,0.0,0.0
2026-08-10 15:10:00+05:30,57575.19921875,57619.80078125,57543.19921875,57606.1015625,0,0.0,0.0
2026-08-10 15:15:00+05:30,57606.1015625,57606.1015625,57606.1015625,57606.1015625,0,0.0,0.0
2026-08-10 15:20:00+05:30,57606.1015625,57606.1015625,57606.1015625,57606.1015625,0,0.0,0.0
2026-08-10 15:25:00+05:30,57606.1015625,57686.94921875,57606.1015625,57686.94921875,0,0.0,0.0
2026-08-11 09:15:00+05:30,57604.3515625,57605.44921875,57284.94921875,57338.6015625,0,0.0,0.0
2026-08-11 09:20:00+05:30,57339.94921875,57348.19921875,57311.8984375,57337.55078125,0,0.0,0.0
2026-08-11 09:25:00+05:30,57336.05078125,57354.1015625,57287.44921875,57297.75,0,0.0,0.0
2026-08-11 09:30:00+05:30,57297.30078125,57298.5,57227.3515625,57250.05078125,0,0.0,0.0
2026-08-11 09:35:00+05:30,57248.80078125,57276.6484375,57218.25,57225.5,0,0.0,0.0
2026-08-11 09:40:00+05:30,57226.6015625,57230.05078125,57178.80078125,57218.3984375,0,0.0,0.0
2026-08-11 09:45:00+05:30,57217.6015625,57233.80078125,57158.80078125,57175.69921875,0,0.0,0.0
2026-08-11 09:50:00+05:30,57172.75,57203.69921875,57159.0,57166.69921875,0,0.0,0.0
2026-08-11 09:55:00+05:30,57173.80078125,57225.44921875,57158.69921875,57209.8515625,0,0.0,0.0
2026-08-11 10:00:00+05:30,57209.69921875,57237.8515625,57194.5,57232.44921875,0,0.0,0.0
2026-08-11 10:05:00+05:30,57234.30078125,57255.1484375,57199.5,57210.5,0,0.0,0.0
2026-08-11 10:10:00+05:30,57211.30078125,57246.19921875,57193.69921875,57214.69921875,0,0.0,0.0
2026-08-11 10:15:00+05:30,57214.80078125,57216.69921875,57180.5,57188.0,0,0.0,0.0
2026-08-11 10:20:00+05:30,57188.0,57208.3515625,57176.05078125,57196.1484375,0,0.0,0.0
2026-08-11 10:25:00+05:30,57196.05078125,57285.19921875,57181.80078125,57262.5,0,0.0,0.0
2026-08-11 10:30:00+05:30,57262.1015625,57273.6015625,57240.1484375,57263.3984375,0,0.0,0.0
2026-08-11 10:35:00+05:30,57262.6484375,57280.94921875,57241.75,57267.1484375,0,0.0,0.0
2026-08-11 10:40:00+05:30,57268.55078125,57308.94921875,57261.3984375,57273.6484375,0,0.0,0.0
2026-08-11 10:45:00+05:30,57273.6484375,57273.6484375,57236.69921875,57246.5,0,0.0,0.0
2026-08-11 10:50:00+05:30,57247.94921875,57318.94921875,57245.8515625,57301.80078125,0,0.0,0.0
2026-08-11 10:55:00+05:30,57301.1015625,57326.5,57286.25,57292.5,0,0.0,0.0
2026-08-11 11:00:00+05:30,57292.5,57319.1484375,57257.3984375,57273.05078125,0,0.0,0.0
2026-08-11 11:05:00+05:30,57273.05078125,57300.3515625,57260.8984375,57264.25,0,0.0,0.0
2026-08-11 11:10:00+05:30,57263.1484375,57305.80078125,57249.3515625,57297.94921875,0,0.0,0.0
2026-08-11 11:15:00+05:30,57297.30078125,57332.19921875,57287.1015625,57293.3984375,0,0.0,0.0
2026-08-11 11:20:00+05:30,57292.75,57299.30078125,57267.6484375,57276.6015625,0,0.0,0.0
2026-08-11 11:25:00+05:30,57277.44921875,57286.0,57260.05078125,57260.05078125,0,0.0,0.0
2026-08-11 11:30:00+05:30,57260.6015625,57276.80078125,57259.8984375,57270.19921875,0,0.0,0.0
2026-08-11 11:35:00+05:30,57269.69921875,57292.55078125,57258.80078125,57290.55078125,0,0.0,0.0
2026-08-11 11:40:00+05:30,57290.55078125,57322.05078125,57288.6484375,57290.44921875,0,0.0,0.0
2026-08-11 11:45:00+05:30,57289.6484375,57307.6484375,57280.3984375,57300.1015625,0,0.0,0.0
2026-08-11 11:50:00+05:30,57300.80078125,57305.0,57268.3984375,57272.55078125,0,0.0,0.0
2026-08-11 11:55:00+05:30,57271.05078125,57285.8515625,57257.8984375,57285.44921875,0,0.0,0.0
2026-08-11 12:00:00+05:30,57286.05078125,57289.55078125,57246.1015625,57258.0,0,0.0,0.0
2026-08-11 12:05:00+05:30,57258.0,57282.05078125,57245.94921875,57264.3984375,0,0.0,0.0
2026-08-11 12:10:00+05:30,57262.55078125,57314.3984375,57259.69921875,57280.3984375,0,0.0,0.0
2026-08-11 12:15:00+05:30,57280.0,57292.55078125,57265.25,57276.80078125,0,0.0,0.0
2026-08-11 12:20:00+05:30,57276.80078125,57286.8984375,57253.44921875,57257.44921875,0,0.0,0.0
2026-08-11 12:25:00+05:30,57259.8984375,57308.1015625,57256.75,57304.69921875,0,0.0,0.0
2026-08-11 12:30:00+05:30,57302.19921875,57311.05078125,57274.44921875,57291.8984375,0,0.0,0.0
2026-08-11 12:35:00+05:30,57291.8984375,57297.19921875,57273.19921875,57282.55078125,0,0.0,0.0
2026-08-11 12:40:00+05:30,57280.80078125,57331.5,57266.05078125,57328.80078125,0,0.0,0.0
2026-08-11 12:45:00+05:30,57326.5,57378.6484375,57317.69921875,57356.75,0,0.0,0.0
2026-08-11 12:50:00+05:30,57357.0,57375.44921875,57340.0,57341.44921875,0,0.0,0.0
2026-08-11 12:55:00+05:30,57340.0,57349.5,57320.75,57327.8984375,0,0.0,0.0
2026-08-11 13:00:00+05:30,57327.8984375,57380.19921875,57319.94921875,57376.3515625,0,0.0,0.0
2026-08-11 13:05:00+05:30,57377.80078125,57412.25,57350.6015625,57403.94921875,0,0.0,0.0
2026-08-11 13:10:00+05:30,57403.25,57411.80078125,57351.44921875,57366.3984375,0,0.0,0.0
2026-08-11 13:15:00+05:30,57366.3984375,57376.3515625,57318.6484375,57332.05078125,0,0.0,0.0
2026-08-11 13:20:00+05:30,57328.8515625,57349.8984375,57311.94921875,57344.8984375,0,0.0,0.0
2026-08-11 13:25:00+05:30,57346.69921875,57397.1484375,57338.6484375,57392.94921875,0,0.0,0.0
2026-08-11 13:30:00+05:30,57391.80078125,57450.8515625,57386.1484375,57439.69921875,0,0.0,0.0
2026-08-11 13:35:00+05:30,57438.1484375,57447.5,57370.25,57373.3984375,0,0.0,0.0
2026-08-11 13:40:00+05:30,57374.05078125,57408.5,57371.3984375,57379.3984375,0,0.0,0.0
2026-08-11 13:45:00+05:30,57381.19921875,57410.6484375,57376.94921875,57378.05078125,0,0.0,0.0
2026-08-11 13:50:00+05:30,57377.0,57395.3515625,57365.1484375,57378.25,0,0.0,0.0
2026-08-11 13:55:00+05:30,57376.1484375,57386.44921875,57357.44921875,57370.5,0,0.0,0.0
2026-08-11 14:00:00+05:30,57372.3515625,57394.25,57363.6484375,57379.30078125,0,0.0,0.0
2026-08-11 14:05:00+05:30,57379.19921875,57408.25,57359.25,57397.05078125,0,0.0,0.0
2026-08-11 14:10:00+05:30,57400.8515625,57417.80078125,57379.1484375,57412.19921875,0,0.0,0.0
2026-08-11 14:15:00+05:30,57410.44921875,57434.1015625,57388.25,57392.44921875,0,0.0,0.0
2026-08-11 14:20:00+05:30,57394.19921875,57400.80078125,57369.30078125,57384.0,0,0.0,0.0
2026-08-11 14:25:00+05:30,57389.25,57417.0,57360.8515625,57368.75,0,0.0,0.0
2026-08-11 14:30:00+05:30,57373.30078125,57392.05078125,57338.05078125,57353.25,0,0.0,0.0
2026-08-11 14:35:00+05:30,57353.30078125,57362.75,57315.1484375,57327.69921875,0,0.0,0.0
2026-08-11 14:40:00+05:30,57326.3515625,57356.6015625,57326.05078125,57344.80078125,0,0.0,0.0
2026-08-11 14:45:00+05:30,57353.5,57353.94921875,57332.3984375,57340.6484375,0,0.0,0.0
2026-08-11 14:50:00+05:30,57352.1015625,57370.3984375,57337.8984375,57358.3984375,0,0.0,0.0
2026-08-11 14:55:00+05:30,57365.19921875,57378.55078125,57345.69921875,57354.94921875,0,0.0,0.0
2026-08-11 15:00:00+05:30,57355.6484375,57390.80078125,57346.0,57389.6484375,0,0.0,0.0
2026-08-11 15:05:00+05:30,57391.25,57405.80078125,57337.6484375,57368.94921875,0,0.0,0.0
2026-08-11 15:10:00+05:30,57369.30078125,57385.8515625,57324.25,57368.1484375,0,0.0,0.0
2026-08-11 15:15:00+05:30,57366.05078125,57366.05078125,57366.05078125,57366.05078125,0,0.0,0.0
2026-08-11 15:20:00+05:30,57366.05078125,57366.05078125,57366.05078125,57366.05078125,0,0.0,0.0
2026-08-11 15:25:00+05:30,57366.05078125,57446.25,57366.05078125,57446.25,0,0.0,0.0
2026-08-12 09:15:00+05:30,57376.8515625,57419.5,57257.3515625,57336.19921875,0,0.0,0.0
2026-08-12 09:20:00+05:30,57336.5,57552.8515625,57336.1015625,57535.80078125,0,0.0,0.0
2026-08-12 09:25:00+05:30,57541.80078125,57751.80078125,57538.25,57707.8515625,0,0.0,0.0
2026-08-12 09:30:00+05:30,57708.19921875,57716.25,57607.05078125,57668.3984375,0,0.0,0.0
2026-08-12 09:35:00+05:30,57670.69921875,57740.30078125,57646.8515625,57674.0,0,0.0,0.0
2026-08-12 09:40:00+05:30,57673.80078125,57740.75,57668.75,57687.55078125,0,0.0,0.0
2026-08-12 09:45:00+05:30,57689.94921875,57692.05078125,57608.30078125,57633.3984375,0,0.0,0.0
2026-08-12 09:50:00+05:30,57637.44921875,57669.8984375,57597.1015625,57667.25,0,0.0,0.0
2026-08-12 09:55:00+05:30,57669.55078125,57669.55078125,57594.5,57613.05078125,0,0.0,0.0
2026-08-12 10:00:00+05:30,57614.6484375,57624.1484375,57582.6015625,57611.1015625,0,0.0,0.0
2026-08-12 10:05:00+05:30,57609.25,57637.44921875,57609.25,57636.69921875,0,0.0,0.0
2026-08-12 10:10:00+05:30,57637.94921875,57671.94921875,57629.19921875,57665.80078125,0,0.0,0.0
2026-08-12 10:15:00+05:30,57671.25,57705.5,57639.44921875,57688.6484375,0,0.0,0.0
2026-08-12 10:20:00+05:30,57694.94921875,57734.25,57683.05078125,57715.19921875,0,0.0,0.0
2026-08-12 10:25:00+05:30,57717.3984375,57719.3984375,57676.3515625,57692.3515625,0,0.0,0.0
2026-08-12 10:30:00+05:30,57694.25,57783.0,57688.69921875,57746.0,0,0.0,0.0
2026-08-12 10:35:00+05:30,57751.19921875,57752.3515625,57705.25,57721.1015625,0,0.0,0.0
2026-08-12 10:40:00+05:30,57725.75,57726.1015625,57669.1015625,57690.5,0,0.0,0.0
2026-08-12 10:45:00+05:30,57693.5,57693.5,57637.1015625,57661.1484375,0,0.0,0.0
2026-08-12 10:50:00+05:30,57665.3515625,57676.94921875,57652.44921875,57675.3984375,0,0.0,0.0
2026-08-12 10:55:00+05:30,57675.3515625,57676.44921875,57583.3984375,57605.75,0,0.0,0.0
2026-08-12 11:00:00+05:30,57608.6484375,57614.1015625,57566.44921875,57584.25,0,0.0,0.0
2026-08-12 11:05:00+05:30,57583.25,57622.55078125,57581.0,57616.3515625,0,0.0,0.0
2026-08-12 11:10:00+05:30,57619.3515625,57623.1015625,57562.75,57574.8515625,0,0.0,0.0
2026-08-12 11:15:00+05:30,57574.8515625,57580.8515625,57551.94921875,57573.0,0,0.0,0.0
2026-08-12 11:20:00+05:30,57573.8515625,57642.25,57558.25,57587.55078125,0,0.0,0.0
2026-08-12 11:25:00+05:30,57590.05078125,57601.1484375,57553.1484375,57554.1484375,0,0.0,0.0
2026-08-12 11:30:00+05:30,57554.3515625,57584.75,57516.75,57572.19921875,0,0.0,0.0
2026-08-12 11:35:00+05:30,57575.75,57578.5,57523.8984375,57526.94921875,0,0.0,0.0
2026-08-12 11:40:00+05:30,57529.94921875,57555.3984375,57496.80078125,57550.80078125,0,0.0,0.0
2026-08-12 11:45:00+05:30,57552.3515625,57556.6015625,57515.94921875,57529.8515625,0,0.0,0.0
2026-08-12 11:50:00+05:30,57531.1484375,57545.8515625,57494.19921875,57528.1484375,0,0.0,0.0
2026-08-12 11:55:00+05:30,57532.94921875,57543.6015625,57500.3984375,57537.69921875,0,0.0,0.0
2026-08-12 12:00:00+05:30,57541.75,57550.44921875,57517.0,57523.6015625,0,0.0,0.0
2026-08-12 12:05:00+05:30,57525.1484375,57547.75,57515.80078125,57529.6015625,0,0.0,0.0
2026-08-12 12:10:00+05:30,57531.25,57533.05078125,57470.3984375,57498.6484375,0,0.0,0.0
2026-08-12 12:15:00+05:30,57503.6015625,57523.05078125,57492.94921875,57495.8515625,0,0.0,0.0
2026-08-12 12:20:00+05:30,57499.19921875,57500.75,57470.0,57488.25,0,0.0,0.0
2026-08-12 12:25:00+05:30,57490.5,57519.1484375,57480.1015625,57516.5,0,0.0,0.0
2026-08-12 12:30:00+05:30,57516.25,57545.05078125,57495.3984375,57541.69921875,0,0.0,0.0
2026-08-12 12:35:00+05:30,57543.3984375,57545.8515625,57513.55078125,57539.44921875,0,0.0,0.0
2026-08-12 12:40:00+05:30,57541.3515625,57588.19921875,57522.1015625,57526.55078125,0,0.0,0.0
2026-08-12 12:45:00+05:30,57530.8515625,57549.8984375,57514.5,57531.25,0,0.0,0.0
2026-08-12 12:50:00+05:30,57531.19921875,57554.8515625,57500.94921875,57500.94921875,0,0.0,0.0
2026-08-12 12:55:00+05:30,57499.3984375,57523.19921875,57496.25,57513.8515625,0,0.0,0.0
2026-08-12 13:00:00+05:30,57514.05078125,57523.30078125,57504.55078125,57517.1015625,0,0.0,0.0
2026-08-12 13:05:00+05:30,57518.3515625,57528.05078125,57496.05078125,57503.55078125,0,0.0,0.0
2026-08-12 13:10:00+05:30,57506.1484375,57506.55078125,57482.6484375,57499.8515625,0,0.0,0.0
2026-08-12 13:15:00+05:30,57500.69921875,57526.69921875,57491.5,57509.5,0,0.0,0.0
2026-08-12 13:20:00+05:30,57510.25,57526.05078125,57496.0,57517.6484375,0,0.0,0.0
2026-08-12 13:25:00+05:30,57518.3515625,57521.80078125,57471.5,57507.69921875,0,0.0,0.0
2026-08-12 13:30:00+05:30,57518.0,57525.94921875,57505.19921875,57516.80078125,0,0.0,0.0
2026-08-12 13:35:00+05:30,57517.69921875,57557.6015625,57512.30078125,57538.8984375,0,0.0,0.0
2026-08-12 13:40:00+05:30,57538.8515625,57556.8984375,57506.05078125,57516.1015625,0,0.0,0.0
2026-08-12 13:45:00+05:30,57515.69921875,57527.8984375,57511.8515625,57516.69921875,0,0.0,0.0
2026-08-12 13:50:00+05:30,57522.1015625,57543.30078125,57515.3515625,57527.44921875,0,0.0,0.0
2026-08-12 13:55:00+05:30,57525.8515625,57534.94921875,57507.44921875,57520.30078125,0,0.0,0.0
2026-08-12 14:00:00+05:30,57519.1015625,57527.1015625,57490.1484375,57495.19921875,0,0.0,0.0
2026-08-12 14:05:00+05:30,57495.8984375,57516.75,57491.6015625,57500.05078125,0,0.0,0.0
2026-08-12 14:10:00+05:30,57501.44921875,57504.94921875,57478.3515625,57482.5,0,0.0,0.0
2026-08-12 14:15:00+05:30,57487.44921875,57512.80078125,57478.94921875,57508.1015625,0,0.0,0.0
2026-08-12 14:20:00+05:30,57509.19921875,57525.3515625,57497.6484375,57501.6484375,0,0.0,0.0
2026-08-12 14:25:00+05:30,57501.6484375,57533.05078125,57495.5,57527.19921875,0,0.0,0.0
2026-08-12 14:30:00+05:30,57529.0,57654.69921875,57527.05078125,57645.6484375,0,0.0,0.0
2026-08-12 14:35:00+05:30,57648.75,57662.6015625,57607.44921875,57631.05078125,0,0.0,0.0
2026-08-12 14:40:00+05:30,57633.69921875,57678.75,57624.55078125,57663.8515625,0,0.0,0.0
2026-08-12 14:45:00+05:30,57666.19921875,57719.8984375,57659.1484375,57682.30078125,0,0.0,0.0
2026-08-12 14:50:00+05:30,57686.69921875,57775.05078125,57659.94921875,57775.05078125,0,0.0,0.0
2026-08-12 14:55:00+05:30,57774.8515625,57836.55078125,57743.94921875,57832.0,0,0.0,0.0
2026-08-12 15:00:00+05:30,57833.0,57850.5,57813.30078125,57823.05078125,0,0.0,0.0
2026-08-12 15:05:00+05:30,57819.69921875,57823.1015625,57767.0,57806.25,0,0.0,0.0
2026-08-12 15:10:00+05:30,57806.3515625,57833.80078125,57770.30078125,57772.0,0,0.0,0.0
2026-08-12 15:15:00+05:30,57771.3515625,57771.3515625,57771.3515625,57771.3515625,0,0.0,0.0
2026-08-12 15:20:00+05:30,57771.3515625,57771.3515625,57771.3515625,57771.3515625,0,0.0,0.0
2026-08-12 15:25:00+05:30,57771.3515625,57885.8515625,57771.3515625,57885.8515625,0,0.0,0.0
2026-08-13 09:15:00+05:30,57782.8515625,57782.8515625,57594.69921875,57635.3515625,0,0.0,0.0
2026-08-13 09:20:00+05:30,57636.1484375,57654.1484375,57566.44921875,57592.19921875,0,0.0,0.0
2026-08-13 09:25:00+05:30,57597.5,57600.0,57554.75,57591.3515625,0,0.0,0.0
2026-08-13 09:30:00+05:30,57594.19921875,57619.55078125,57550.25,57567.55078125,0,0.0,0.0
2026-08-13 09:35:00+05:30,57566.8515625,57605.8984375,57555.5,57604.1015625,0,0.0,0.0
2026-08-13 09:40:00+05:30,57606.94921875,57644.94921875,57602.5,57628.94921875,0,0.0,0.0
2026-08-13 09:45:00+05:30,57631.1484375,57725.3515625,57615.75,57686.1484375,0,0.0,0.0
2026-08-13 09:50:00+05:30,57687.05078125,57729.8984375,57667.44921875,57704.3984375,0,0.0,0.0
2026-08-13 09:55:00+05:30,57707.3984375,57715.8515625,57669.55078125,57696.75,0,0.0,0.0
2026-08-13 10:00:00+05:30,57698.0,57702.44921875,57667.0,57668.75,0,0.0,0.0
2026-08-13 10:05:00+05:30,57672.8515625,57686.1015625,57643.19921875,57660.1484375,0,0.0,0.0
2026-08-13 10:10:00+05:30,57663.6484375,57673.44921875,57603.94921875,57611.69921875,0,0.0,0.0
2026-08-13 10:15:00+05:30,57613.3984375,57620.05078125,57574.69921875,57587.25,0,0.0,0.0
2026-08-13 10:20:00+05:30,57586.55078125,57608.44921875,57572.05078125,57588.5,0,0.0,0.0
2026-08-13 10:25:00+05:30,57588.3515625,57605.1484375,57577.8984375,57581.8515625,0,0.0,0.0
2026-08-13 10:30:00+05:30,57582.75,57601.0,57554.05078125,57589.69921875,0,0.0,0.0
2026-08-13 10:35:00+05:30,57590.0,57593.55078125,57566.44921875,57574.44921875,0,0.0,0.0
2026-08-13 10:40:00+05:30,57574.55078125,57602.44921875,57565.8984375,57601.44921875,0,0.0,0.0
2026-08-13 10:45:00+05:30,57601.30078125,57632.3984375,57587.55078125,57629.8984375,0,0.0,0.0
2026-08-13 10:50:00+05:30,57631.55078125,57651.6484375,57621.8984375,57645.6015625,0,0.0,0.0
2026-08-13 10:55:00+05:30,57647.1015625,57656.1484375,57632.1015625,57634.19921875,0,0.0,0.0
2026-08-13 11:00:00+05:30,57638.75,57639.80078125,57578.80078125,57583.25,0,0.0,0.0
2026-08-13 11:05:00+05:30,57583.69921875,57600.5,57563.3515625,57596.6484375,0,0.0,0.0
2026-08-13 11:10:00+05:30,57595.44921875,57601.05078125,57571.30078125,57573.44921875,0,0.0,0.0
2026-08-13 11:15:00+05:30,57574.1484375,57575.8984375,57551.94921875,57570.69921875,0,0.0,0.0
2026-08-13 11:20:00+05:30,57572.94921875,57584.25,57548.6015625,57576.0,0,0.0,0.0
2026-08-13 11:25:00+05:30,57574.0,57601.75,57571.6484375,57595.0,0,0.0,0.0
2026-08-13 11:30:00+05:30,57597.1484375,57605.3515625,57588.44921875,57595.19921875,0,0.0,0.0
2026-08-13 11:35:00+05:30,57594.55078125,57628.19921875,57594.55078125,57624.3984375,0,0.0,0.0
2026-08-13 11:40:00+05:30,57627.8515625,57634.80078125,57593.8984375,57610.1484375,0,0.0,0.0
2026-08-13 11:45:00+05:30,57611.3515625,57631.80078125,57581.8984375,57592.1484375,0,0.0,0.0
2026-08-13 11:50:00+05:30,57591.8984375,57616.6484375,57585.3984375,57604.6015625,0,0.0,0.0
2026-08-13 11:55:00+05:30,57606.3515625,57648.30078125,57585.1484375,57648.30078125,0,0.0,0.0
2026-08-13 12:00:00+05:30,57646.05078125,57706.5,57639.55078125,57688.94921875,0,0.0,0.0
2026-08-13 12:05:00+05:30,57692.30078125,57692.30078125,57663.3515625,57667.30078125,0,0.0,0.0
2026-08-13 12:10:00+05:30,57669.8515625,57673.1015625,57635.94921875,57658.80078125,0,0.0,0.0
2026-08-13 12:15:00+05:30,57660.6484375,57675.3515625,57609.6015625,57622.8515625,0,0.0,0.0
2026-08-13 12:20:00+05:30,57624.94921875,57648.3984375,57612.25,57642.1484375,0,0.0,0.0
2026-08-13 12:25:00+05:30,57642.1484375,57668.69921875,57640.5,57661.8515625,0,0.0,0.0
2026-08-13 12:30:00+05:30,57666.55078125,57671.1484375,57650.6015625,57662.5,0,0.0,0.0
2026-08-13 12:35:00+05:30,57664.8984375,57669.19921875,57638.3515625,57643.55078125,0,0.0,0.0
2026-08-13 12:40:00+05:30,57645.3984375,57671.0,57643.1484375,57654.19921875,0,0.0,0.0
2026-08-13 12:45:00+05:30,57654.3984375,57656.6484375,57629.1484375,57643.3515625,0,0.0,0.0
2026-08-13 12:50:00+05:30,57644.30078125,57645.94921875,57615.30078125,57627.8515625,0,0.0,0.0
2026-08-13 12:55:00+05:30,57629.80078125,57634.44921875,57601.8515625,57615.25,0,0.0,0.0
2026-08-13 13:00:00+05:30,57617.6484375,57622.69921875,57592.30078125,57599.69921875,0,0.0,0.0
2026-08-13 13:05:00+05:30,57602.30078125,57619.80078125,57594.55078125,57617.8984375,0,0.0,0.0
2026-08-13 13:10:00+05:30,57617.8984375,57627.69921875,57574.05078125,57589.6484375,0,0.0,0.0
2026-08-13 13:15:00+05:30,57592.5,57602.69921875,57557.44921875,57564.25,0,0.0,0.0
2026-08-13 13:20:00+05:30,57565.94921875,57587.75,57560.5,57586.94921875,0,0.0,0.0
2026-08-13 13:25:00+05:30,57587.30078125,57587.30078125,57563.8515625,57576.8984375,0,0.0,0.0
2026-08-13 13:30:00+05:30,57579.80078125,57602.19921875,57553.25,57571.44921875,0,0.0,0.0
2026-08-13 13:35:00+05:30,57573.25,57601.05078125,57568.6484375,57597.0,0,0.0,0.0
2026-08-13 13:40:00+05:30,57597.94921875,57636.6484375,57586.8515625,57623.1484375,0,0.0,0.0
2026-08-13 13:45:00+05:30,57625.5,57649.3515625,57592.05078125,57616.1015625,0,0.0,0.0
2026-08-13 13:50:00+05:30,57618.6015625,57626.5,57597.44921875,57618.30078125,0,0.0,0.0
2026-08-13 13:55:00+05:30,57622.75,57653.19921875,57617.25,57651.69921875,0,0.0,0.0
2026-08-13 14:00:00+05:30,57650.30078125,57654.3515625,57610.3984375,57627.1015625,0,0.0,0.0
2026-08-13 14:05:00+05:30,57629.44921875,57631.80078125,57580.69921875,57589.19921875,0,0.0,0.0
2026-08-13 14:10:00+05:30,57591.75,57596.8984375,57567.30078125,57583.30078125,0,0.0,0.0
2026-08-13 14:15:00+05:30,57583.55078125,57588.44921875,57554.1484375,57585.3515625,0,0.0,0.0
2026-08-13 14:20:00+05:30,57584.5,57619.8515625,57584.5,57608.75,0,0.0,0.0
2026-08-13 14:25:00+05:30,57608.25,57624.0,57593.6484375,57613.3984375,0,0.0,0.0
2026-08-13 14:30:00+05:30,57616.30078125,57645.1015625,57594.1015625,57600.1015625,0,0.0,0.0
2026-08-13 14:35:00+05:30,57603.8984375,57613.69921875,57584.55078125,57607.6484375,0,0.0,0.0
2026-08-13 14:40:00+05:30,57608.30078125,57619.8515625,57592.69921875,57597.5,0,0.0,0.0
2026-08-13 14:45:00+05:30,57602.25,57614.6484375,57589.80078125,57604.75,0,0.0,0.0
2026-08-13 14:50:00+05:30,57600.75,57625.75,57589.19921875,57601.69921875,0,0.0,0.0
2026-08-13 14:55:00+05:30,57603.1015625,57612.19921875,57570.19921875,57584.8984375,0,0.0,0.0
2026-08-13 15:00:00+05:30,57587.6015625,57619.25,57580.1015625,57596.69921875,0,0.0,0.0
2026-08-13 15:05:00+05:30,57598.94921875,57605.6015625,57569.0,57599.0,0,0.0,0.0
2026-08-13 15:10:00+05:30,57596.0,57621.6015625,57578.0,57591.0,0,0.0,0.0
2026-08-13 15:15:00+05:30,57591.0,57591.0,57591.0,57591.0,0,0.0,0.0
2026-08-13 15:20:00+05:30,57591.0,57591.0,57591.0,57591.0,0,0.0,0.0
2026-08-13 15:25:00+05:30,57591.0,57635.25,57591.0,57635.25,0,0.0,0.0
2026-08-14 09:15:00+05:30,57592.25,57600.19921875,57498.19921875,57543.05078125,0,0.0,0.0
2026-08-14 09:20:00+05:30,57544.25,57553.5,57490.75,57516.30078125,0,0.0,0.0
2026-08-14 09:25:00+05:30,57517.25,57539.3515625,57482.80078125,57489.8984375,0,0.0,0.0
2026-08-14 09:30:00+05:30,57493.44921875,57561.5,57461.3515625,57514.3984375,0,0.0,0.0
2026-08-14 09:35:00+05:30,57517.30078125,57562.94921875,57506.05078125,57549.1015625,0,0.0,0.0
2026-08-14 09:40:00+05:30,57549.25,57568.6015625,57534.05078125,57562.30078125,0,0.0,0.0
2026-08-14 09:45:00+05:30,57562.05078125,57617.1484375,57548.94921875,57606.05078125,0,0.0,0.0
2026-08-14 09:50:00+05:30,57606.1484375,57618.3515625,57540.6484375,57547.8984375,0,0.0,0.0
2026-08-14 09:55:00+05:30,57546.6015625,57608.94921875,57536.3515625,57604.69921875,0,0.0,0.0
2026-08-14 10:00:00+05:30,57602.75,57605.75,57575.0,57592.05078125,0,0.0,0.0
2026-08-14 10:05:00+05:30,57591.1015625,57643.25,57573.30078125,57637.25,0,0.0,0.0
2026-08-14 10:10:00+05:30,57636.44921875,57679.80078125,57620.1015625,57629.3515625,0,0.0,0.0
2026-08-14 10:15:00+05:30,57633.5,57634.55078125,57553.30078125,57556.94921875,0,0.0,0.0
2026-08-14 10:20:00+05:30,57555.6015625,57571.05078125,57528.80078125,57534.1015625,0,0.0,0.0
2026-08-14 10:25:00+05:30,57536.80078125,57543.6015625,57519.8984375,57527.6484375,0,0.0,0.0
2026-08-14 10:30:00+05:30,57528.75,57531.6484375,57442.3984375,57476.8984375,0,0.0,0.0
2026-08-14 10:35:00+05:30,57478.19921875,57518.44921875,57474.6015625,57514.55078125,0,0.0,0.0
2026-08-14 10:40:00+05:30,57514.3984375,57520.80078125,57488.30078125,57507.3984375,0,0.0,0.0
2026-08-14 10:45:00+05:30,57507.69921875,57517.6484375,57484.8984375,57502.3515625,0,0.0,0.0
2026-08-14 10:50:00+05:30,57502.3984375,57529.1015625,57495.1015625,57513.1484375,0,0.0,0.0
2026-08-14 10:55:00+05:30,57506.8984375,57510.80078125,57470.3984375,57475.1484375,0,0.0,0.0
2026-08-14 11:00:00+05:30,57476.19921875,57476.5,57444.8515625,57469.05078125,0,0.0,0.0
2026-08-14 11:05:00+05:30,57469.05078125,57478.44921875,57454.8984375,57466.44921875,0,0.0,0.0
2026-08-14 11:10:00+05:30,57465.1015625,57476.25,57444.19921875,57457.05078125,0,0.0,0.0
2026-08-14 11:15:00+05:30,57458.25,57469.8515625,57441.80078125,57465.5,0,0.0,0.0
2026-08-14 11:20:00+05:30,57468.5,57479.44921875,57438.55078125,57448.80078125,0,0.0,0.0
2026-08-14 11:25:00+05:30,57453.8984375,57459.44921875,57398.44921875,57409.0,0,0.0,0.0
2026-08-14 11:30:00+05:30,57408.30078125,57437.55078125,57380.6484375,57431.3984375,0,0.0,0.0
2026-08-14 11:35:00+05:30,57429.94921875,57443.25,57396.69921875,57433.3984375,0,0.0,0.0
2026-08-14 11:40:00+05:30,57439.80078125,57462.44921875,57431.94921875,57454.8515625,0,0.0,0.0
2026-08-14 11:45:00+05:30,57456.30078125,57460.69921875,57424.75,57430.44921875,0,0.0,0.0
2026-08-14 11:50:00+05:30,57430.44921875,57459.19921875,57417.80078125,57424.25,0,0.0,0.0
2026-08-14 11:55:00+05:30,57421.3515625,57432.8984375,57406.3984375,57421.80078125,0,0.0,0.0
2026-08-14 12:00:00+05:30,57426.69921875,57428.94921875,57385.44921875,57388.8984375,0,0.0,0.0
2026-08-14 12:05:00+05:30,57389.5,57430.75,57385.44921875,57413.25,0,0.0,0.0
2026-08-14 12:10:00+05:30,57414.80078125,57457.8984375,57409.05078125,57457.8984375,0,0.0,0.0
2026-08-14 12:15:00+05:30,57457.55078125,57467.1015625,57443.3984375,57463.19921875,0,0.0,0.0
2026-08-14 12:20:00+05:30,57462.1015625,57492.5,57456.0,57487.55078125,0,0.0,0.0
2026-08-14 12:25:00+05:30,57488.44921875,57495.1484375,57455.94921875,57466.3984375,0,0.0,0.0
2026-08-14 12:30:00+05:30,57466.6484375,57469.75,57443.30078125,57466.44921875,0,0.0,0.0
2026-08-14 12:35:00+05:30,57465.3515625,57466.05078125,57432.3515625,57441.3515625,0,0.0,0.0
2026-08-14 12:40:00+05:30,57443.8515625,57447.1484375,57411.3515625,57422.69921875,0,0.0,0.0
2026-08-14 12:45:00+05:30,57423.19921875,57444.75,57416.6015625,57431.5,0,0.0,0.0
2026-08-14 12:50:00+05:30,57430.3984375,57449.6484375,57415.55078125,57449.19921875,0,0.0,0.0
2026-08-14 12:55:00+05:30,57448.05078125,57455.25,57424.8515625,57437.6484375,0,0.0,0.0
2026-08-14 13:00:00+05:30,57439.25,57453.75,57431.25,57439.5,0,0.0,0.0
2026-08-14 13:05:00+05:30,57439.8515625,57454.80078125,57432.69921875,57437.94921875,0,0.0,0.0
2026-08-14 13:10:00+05:30,57436.6015625,57473.55078125,57434.1015625,57469.8515625,0,0.0,0.0
2026-08-14 13:15:00+05:30,57469.19921875,57472.80078125,57441.0,57455.1484375,0,0.0,0.0
2026-08-14 13:20:00+05:30,57451.44921875,57466.1484375,57443.3984375,57451.3515625,0,0.0,0.0
2026-08-14 13:25:00+05:30,57451.05078125,57455.5,57419.80078125,57434.8984375,0,0.0,0.0
2026-08-14 13:30:00+05:30,57435.75,57442.0,57381.30078125,57394.05078125,0,0.0,0.0
2026-08-14 13:35:00+05:30,57393.19921875,57430.25,57389.1015625,57424.5,0,0.0,0.0
2026-08-14 13:40:00+05:30,57425.69921875,57452.3515625,57420.5,57444.8515625,0,0.0,0.0
2026-08-14 13:45:00+05:30,57446.05078125,57541.69921875,57444.05078125,57501.1015625,0,0.0,0.0
2026-08-14 13:50:00+05:30,57501.80078125,57531.75,57499.19921875,57522.1484375,0,0.0,0.0
2026-08-14 13:55:00+05:30,57525.1484375,57554.75,57515.55078125,57547.05078125,0,0.0,0.0
2026-08-14 14:00:00+05:30,57545.94921875,57601.44921875,57543.19921875,57570.5,0,0.0,0.0
2026-08-14 14:05:00+05:30,57573.44921875,57608.80078125,57557.3515625,57597.8515625,0,0.0,0.0
2026-08-14 14:10:00+05:30,57598.44921875,57605.55078125,57565.44921875,57583.19921875,0,0.0,0.0
2026-08-14 14:15:00+05:30,57581.5,57594.8984375,57547.69921875,57555.8515625,0,0.0,0.0
2026-08-14 14:20:00+05:30,57553.6015625,57562.8515625,57525.94921875,57538.6015625,0,0.0,0.0
2026-08-14 14:25:00+05:30,57539.0,57547.30078125,57516.05078125,57530.69921875,0,0.0,0.0
2026-08-14 14:30:00+05:30,57530.69921875,57559.25,57518.6015625,57536.19921875,0,0.0,0.0
2026-08-14 14:35:00+05:30,57537.8984375,57543.30078125,57516.8515625,57522.8984375,0,0.0,0.0
2026-08-14 14:40:00+05:30,57522.30078125,57546.8984375,57517.6484375,57518.75,0,0.0,0.0
2026-08-14 14:45:00+05:30,57519.1015625,57534.55078125,57498.3515625,57503.0,0,0.0,0.0
2026-08-14 14:50:00+05:30,57500.0,57535.55078125,57498.8984375,57530.19921875,0,0.0,0.0
2026-08-14 14:55:00+05:30,57527.3515625,57543.6015625,57511.80078125,57516.1484375,0,0.0,0.0
2026-08-14 15:00:00+05:30,57514.94921875,57531.05078125,57511.1015625,57527.19921875,0,0.0,0.0
2026-08-14 15:05:00+05:30,57525.3515625,57535.0,57494.44921875,57505.3984375,0,0.0,0.0
2026-08-14 15:10:00+05:30,57503.6484375,57525.55078125,57459.1015625,57459.1015625,0,0.0,0.0
2026-08-14 15:15:00+05:30,57459.1015625,57459.1015625,57459.1015625,57459.1015625,0,0.0,0.0
2026-08-14 15:20:00+05:30,57459.1015625,57459.1015625,57459.1015625,57459.1015625,0,0.0,0.0
2026-08-14 15:25:00+05:30,57459.1015625,57491.1015625,57459.1015625,57491.1015625,0,0.0,0.0
2026-08-17 09:15:00+05:30,57453.94921875,57472.1015625,57166.1484375,57290.8515625,0,0.0,0.0
2026-08-17 09:20:00+05:30,57290.8515625,57290.8515625,57196.0,57271.1015625,0,0.0,0.0
2026-08-17 09:25:00+05:30,57265.94921875,57306.69921875,57249.94921875,57266.6484375,0,0.0,0.0
2026-08-17 09:30:00+05:30,57265.8515625,57272.44921875,57213.6015625,57236.3515625,0,0.0,0.0
2026-08-17 09:35:00+05:30,57235.25,57299.6484375,57229.0,57274.94921875,0,0.0,0.0
2026-08-17 09:40:00+05:30,57274.0,57363.6015625,57271.94921875,57319.30078125,0,0.0,0.0
2026-08-17 09:45:00+05:30,57319.19921875,57332.25,57288.25,57321.5,0,0.0,0.0
2026-08-17 09:50:00+05:30,57319.3984375,57340.05078125,57280.69921875,57307.1484375,0,0.0,0.0
2026-08-17 09:55:00+05:30,57307.1484375,57322.1015625,57286.05078125,57288.8515625,0,0.0,0.0
2026-08-17 10:00:00+05:30,57287.8515625,57324.8515625,57278.05078125,57296.1484375,0,0.0,0.0
2026-08-17 10:05:00+05:30,57292.80078125,57309.0,57281.3984375,57300.44921875,0,0.0,0.0
2026-08-17 10:10:00+05:30,57301.69921875,57304.55078125,57254.6484375,57269.8515625,0,0.0,0.0
2026-08-17 10:15:00+05:30,57269.8515625,57278.6484375,57174.94921875,57187.0,0,0.0,0.0
2026-08-17 10:20:00+05:30,57184.6015625,57191.0,57123.55078125,57123.55078125,0,0.0,0.0
2026-08-17 10:25:00+05:30,57123.5,57170.3515625,57119.94921875,57158.30078125,0,0.0,0.0
2026-08-17 10:30:00+05:30,57159.44921875,57164.25,57131.55078125,57151.8515625,0,0.0,0.0
2026-08-17 10:35:00+05:30,57147.8515625,57162.05078125,57137.05078125,57150.19921875,0,0.0,0.0
2026-08-17 10:40:00+05:30,57148.5,57173.5,57135.1015625,57148.1015625,0,0.0,0.0
2026-08-17 10:45:00+05:30,57144.1484375,57182.6484375,57132.3984375,57174.05078125,0,0.0,0.0
2026-08-17 10:50:00+05:30,57175.6015625,57198.75,57165.0,57185.44921875,0,0.0,0.0
2026-08-17 10:55:00+05:30,57185.3515625,57204.6484375,57173.0,57195.0,0,0.0,0.0
2026-08-17 11:00:00+05:30,57189.0,57196.05078125,57168.1484375,57168.1484375,0,0.0,0.0
2026-08-17 11:05:00+05:30,57167.6015625,57172.6484375,57137.44921875,57152.80078125,0,0.0,0.0
2026-08-17 11:10:00+05:30,57150.75,57159.8984375,57131.69921875,57133.6015625,0,0.0,0.0
2026-08-17 11:15:00+05:30,57134.44921875,57164.19921875,57123.30078125,57152.0,0,0.0,0.0
2026-08-17 11:20:00+05:30,57152.0,57155.05078125,57129.19921875,57137.6015625,0,0.0,0.0
2026-08-17 11:25:00+05:30,57134.55078125,57168.55078125,57132.1484375,57151.75,0,0.0,0.0
2026-08-17 11:30:00+05:30,57150.8984375,57177.5,57128.3984375,57166.19921875,0,0.0,0.0
2026-08-17 11:35:00+05:30,57164.94921875,57175.5,57134.8984375,57140.55078125,0,0.0,0.0
2026-08-17 11:40:00+05:30,57140.1484375,57164.44921875,57137.55078125,57151.3984375,0,0.0,0.0
2026-08-17 11:45:00+05:30,57147.94921875,57170.30078125,57142.8515625,57160.75,0,0.0,0.0
2026-08-17 11:50:00+05:30,57161.1015625,57220.1015625,57156.05078125,57179.80078125,0,0.0,0.0
2026-08-17 11:55:00+05:30,57177.8984375,57220.6484375,57176.80078125,57214.05078125,0,0.0,0.0
2026-08-17 12:00:00+05:30,57215.69921875,57235.44921875,57208.55078125,57215.94921875,0,0.0,0.0
2026-08-17 12:05:00+05:30,57216.3515625,57225.05078125,57189.1015625,57201.6484375,0,0.0,0.0
2026-08-17 12:10:00+05:30,57199.30078125,57227.55078125,57193.05078125,57220.55078125,0,0.0,0.0
2026-08-17 12:15:00+05:30,57219.6015625,57289.6015625,57212.75,57283.5,0,0.0,0.0
2026-08-17 12:20:00+05:30,57284.6015625,57290.6015625,57269.30078125,57278.80078125,0,0.0,0.0
2026-08-17 12:25:00+05:30,57278.80078125,57302.75,57267.44921875,57296.1015625,0,0.0,0.0
2026-08-17 12:30:00+05:30,57290.8515625,57379.8984375,57290.8515625,57356.5,0,0.0,0.0
2026-08-17 12:35:00+05:30,57357.6484375,57373.25,57339.25,57353.30078125,0,0.0,0.0
2026-08-17 12:40:00+05:30,57352.6015625,57388.5,57350.44921875,57367.05078125,0,0.0,0.0
2026-08-17 12:45:00+05:30,57367.05078125,57461.6015625,57367.05078125,57428.3515625,0,0.0,0.0
2026-08-17 12:50:00+05:30,57428.25,57486.44921875,57428.25,57477.6484375,0,0.0,0.0
2026-08-17 12:55:00+05:30,57478.3984375,57574.25,57478.3984375,57574.25,0,0.0,0.0
2026-08-17 13:00:00+05:30,57574.0,57675.44921875,57569.8984375,57621.05078125,0,0.0,0.0
2026-08-17 13:05:00+05:30,57619.5,57658.05078125,57607.19921875,57617.75,0,0.0,0.0
2026-08-17 13:10:00+05:30,57617.75,57683.30078125,57612.8984375,57656.75,0,0.0,0.0
2026-08-17 13:15:00+05:30,57656.3515625,57676.8984375,57639.25,57657.94921875,0,0.0,0.0
2026-08-17 13:20:00+05:30,57659.6484375,57675.0,57626.6484375,57628.3984375,0,0.0,0.0
2026-08-17 13:25:00+05:30,57627.25,57648.0,57618.5,57635.94921875,0,0.0,0.0
2026-08-17 13:30:00+05:30,57637.25,57658.94921875,57621.6015625,57629.1484375,0,0.0,0.0
2026-08-17 13:35:00+05:30,57631.1484375,57645.1015625,57613.0,57635.6484375,0,0.0,0.0
2026-08-17 13:40:00+05:30,57635.8984375,57665.8984375,57617.19921875,57655.05078125,0,0.0,0.0
2026-08-17 13:45:00+05:30,57656.44921875,57672.25,57610.6484375,57613.25,0,0.0,0.0
2026-08-17 13:50:00+05:30,57613.69921875,57614.80078125,57573.8984375,57579.6015625,0,0.0,0.0
2026-08-17 13:55:00+05:30,57582.8515625,57605.6484375,57560.0,57597.8515625,0,0.0,0.0
2026-08-17 14:00:00+05:30,57600.8515625,57605.25,57582.25,57593.3984375,0,0.0,0.0
2026-08-17 14:05:00+05:30,57595.6484375,57603.05078125,57585.75,57588.55078125,0,0.0,0.0
2026-08-17 14:10:00+05:30,57590.80078125,57595.19921875,57568.3515625,57572.3984375,0,0.0,0.0
2026-08-17 14:15:00+05:30,57570.8984375,57619.3984375,57560.69921875,57611.80078125,0,0.0,0.0
2026-08-17 14:20:00+05:30,57609.30078125,57613.25,57542.94921875,57547.8984375,0,0.0,0.0
2026-08-17 14:25:00+05:30,57548.5,57588.3515625,57539.94921875,57585.3515625,0,0.0,0.0
2026-08-17 14:30:00+05:30,57587.75,57597.25,57573.80078125,57588.19921875,0,0.0,0.0
2026-08-17 14:35:00+05:30,57588.69921875,57595.1484375,57559.69921875,57588.1015625,0,0.0,0.0
2026-08-17 14:40:00+05:30,57587.44921875,57632.69921875,57578.3984375,57629.1015625,0,0.0,0.0
2026-08-17 14:45:00+05:30,57631.44921875,57640.25,57608.1015625,57630.8515625,0,0.0,0.0
2026-08-17 14:50:00+05:30,57628.55078125,57688.75,57614.1484375,57687.80078125,0,0.0,0.0
2026-08-17 14:55:00+05:30,57688.69921875,57690.75,57668.6484375,57677.5,0,0.0,0.0
2026-08-17 15:00:00+05:30,57674.8515625,57714.30078125,57648.6484375,57705.1015625,0,0.0,0.0
2026-08-17 15:05:00+05:30,57706.44921875,57716.6484375,57669.94921875,57700.25,0,0.0,0.0
2026-08-17 15:10:00+05:30,57698.6015625,57756.69921875,57668.19921875,57711.94921875,0,0.0,0.0
2026-08-17 15:15:00+05:30,57716.05078125,57716.05078125,57716.05078125,57716.05078125,0,0.0,0.0
2026-08-17 15:20:00+05:30,57716.05078125,57716.05078125,57716.05078125,57716.05078125,0,0.0,0.0
2026-08-17 15:25:00+05:30,57716.05078125,57716.05078125,57497.80078125,57497.80078125,0,0.0,0.0
2026-08-18 09:15:00+05:30,57325.55078125,57584.69921875,57325.55078125,57450.5,0,0.0,0.0
2026-08-18 09:20:00+05:30,57447.44921875,57448.6484375,57400.69921875,57405.30078125,0,0.0,0.0
2026-08-18 09:25:00+05:30,57410.30078125,57424.25,57373.3984375,57379.5,0,0.0,0.0
2026-08-18 09:30:00+05:30,57381.1484375,57382.8984375,57331.44921875,57372.25,0,0.0,0.0
2026-08-18 09:35:00+05:30,57370.8515625,57418.75,57359.0,57418.75,0,0.0,0.0
2026-08-18 09:40:00+05:30,57418.6015625,57419.44921875,57340.3515625,57340.69921875,0,0.0,0.0
2026-08-18 09:45:00+05:30,57342.05078125,57377.3984375,57324.8984375,57375.6015625,0,0.0,0.0
2026-08-18 09:50:00+05:30,57376.3984375,57379.6015625,57345.94921875,57359.3984375,0,0.0,0.0
2026-08-18 09:55:00+05:30,57355.8984375,57360.8984375,57323.69921875,57332.69921875,0,0.0,0.0
2026-08-18 10:00:00+05:30,57330.6484375,57331.1015625,57280.19921875,57310.1015625,0,0.0,0.0
2026-08-18 10:05:00+05:30,57309.3984375,57331.3515625,57308.0,57314.6484375,0,0.0,0.0
2026-08-18 10:10:00+05:30,57314.1015625,57320.1015625,57299.6484375,57305.05078125,0,0.0,0.0
2026-08-18 10:15:00+05:30,57306.25,57306.25,57274.3984375,57298.19921875,0,0.0,0.0
2026-08-18 10:20:00+05:30,57299.5,57315.8984375,57288.80078125,57299.1484375,0,0.0,0.0
2026-08-18 10:25:00+05:30,57304.94921875,57366.5,57285.19921875,57345.5,0,0.0,0.0
2026-08-18 10:30:00+05:30,57349.0,57362.5,57333.80078125,57357.1015625,0,0.0,0.0
2026-08-18 10:35:00+05:30,57357.8984375,57370.75,57343.25,57343.25,0,0.0,0.0
2026-08-18 10:40:00+05:30,57347.0,57347.0,57294.25,57310.55078125,0,0.0,0.0
2026-08-18 10:45:00+05:30,57310.55078125,57310.55078125,57262.44921875,57281.6015625,0,0.0,0.0
2026-08-18 10:50:00+05:30,57283.5,57292.1484375,57231.6484375,57258.25,0,0.0,0.0
2026-08-18 10:55:00+05:30,57259.8984375,57268.94921875,57244.55078125,57266.69921875,0,0.0,0.0
2026-08-18 11:00:00+05:30,57267.69921875,57273.30078125,57253.3984375,57273.30078125,0,0.0,0.0
2026-08-18 11:05:00+05:30,57272.8515625,57308.05078125,57262.94921875,57303.25,0,0.0,0.0
2026-08-18 11:10:00+05:30,57304.19921875,57307.3984375,57269.30078125,57301.19921875,0,0.0,0.0
2026-08-18 11:15:00+05:30,57302.8984375,57312.44921875,57273.80078125,57284.05078125,0,0.0,0.0
2026-08-18 11:20:00+05:30,57285.05078125,57287.69921875,57261.5,57270.25,0,0.0,0.0
2026-08-18 11:25:00+05:30,57272.30078125,57282.69921875,57237.3984375,57247.0,0,0.0,0.0
2026-08-18 11:30:00+05:30,57248.55078125,57257.25,57218.75,57255.5,0,0.0,0.0
2026-08-18 11:35:00+05:30,57256.3515625,57303.75,57249.05078125,57286.94921875,0,0.0,0.0
2026-08-18 11:40:00+05:30,57290.05078125,57294.19921875,57267.25,57282.19921875,0,0.0,0.0
2026-08-18 11:45:00+05:30,57282.1484375,57295.5,57271.3515625,57289.94921875,0,0.0,0.0
2026-08-18 11:50:00+05:30,57287.3515625,57324.8984375,57285.3984375,57314.5,0,0.0,0.0
2026-08-18 11:55:00+05:30,57317.94921875,57346.5,57306.3515625,57341.3984375,0,0.0,0.0
2026-08-18 12:00:00+05:30,57341.80078125,57377.05078125,57329.44921875,57370.80078125,0,0.0,0.0
2026-08-18 12:05:00+05:30,57373.1484375,57387.0,57363.30078125,57370.0,0,0.0,0.0
2026-08-18 12:10:00+05:30,57369.44921875,57374.69921875,57333.25,57350.55078125,0,0.0,0.0
2026-08-18 12:15:00+05:30,57350.25,57360.0,57326.44921875,57341.1015625,0,0.0,0.0
2026-08-18 12:20:00+05:30,57341.1015625,57354.75,57333.80078125,57341.75,0,0.0,0.0
2026-08-18 12:25:00+05:30,57344.8984375,57375.1484375,57336.3984375,57356.94921875,0,0.0,0.0
2026-08-18 12:30:00+05:30,57356.94921875,57375.55078125,57346.05078125,57358.1484375,0,0.0,0.0
2026-08-18 12:35:00+05:30,57358.1484375,57367.6015625,57338.6484375,57346.0,0,0.0,0.0
2026-08-18 12:40:00+05:30,57347.25,57349.05078125,57304.5,57310.80078125,0,0.0,0.0
2026-08-18 12:45:00+05:30,57310.80078125,57329.80078125,57300.44921875,57324.8515625,0,0.0,0.0
2026-08-18 12:50:00+05:30,57326.1015625,57346.05078125,57317.3984375,57338.05078125,0,0.0,0.0
2026-08-18 12:55:00+05:30,57338.05078125,57353.6015625,57325.44921875,57331.05078125,0,0.0,0.0
2026-08-18 13:00:00+05:30,57333.69921875,57334.05078125,57290.94921875,57311.6015625,0,0.0,0.0
2026-08-18 13:05:00+05:30,57306.25,57320.25,57286.69921875,57314.94921875,0,0.0,0.0
2026-08-18 13:10:00+05:30,57316.80078125,57337.6484375,57313.94921875,57324.3515625,0,0.0,0.0
2026-08-18 13:15:00+05:30,57322.94921875,57326.19921875,57305.8515625,57323.94921875,0,0.0,0.0
2026-08-18 13:20:00+05:30,57323.44921875,57324.30078125,57279.05078125,57301.75,0,0.0,0.0
2026-08-18 13:25:00+05:30,57305.80078125,57311.3515625,57277.3515625,57306.05078125,0,0.0,0.0
2026-08-18 13:30:00+05:30,57305.69921875,57327.94921875,57300.3984375,57314.75,0,0.0,0.0
2026-08-18 13:35:00+05:30,57316.1484375,57328.05078125,57275.75,57285.80078125,0,0.0,0.0
2026-08-18 13:40:00+05:30,57285.25,57317.1015625,57281.44921875,57308.44921875,0,0.0,0.0
2026-08-18 13:45:00+05:30,57308.3984375,57320.8984375,57299.1015625,57314.8984375,0,0.0,0.0
2026-08-18 13:50:00+05:30,57317.8515625,57323.1015625,57288.80078125,57296.75,0,0.0,0.0
2026-08-18 13:55:00+05:30,57301.6015625,57307.80078125,57276.1484375,57280.3984375,0,0.0,0.0
2026-08-18 14:00:00+05:30,57280.3984375,57361.30078125,57280.3984375,57358.75,0,0.0,0.0
2026-08-18 14:05:00+05:30,57357.8984375,57366.75,57330.05078125,57342.8515625,0,0.0,0.0
2026-08-18 14:10:00+05:30,57344.5,57354.94921875,57328.6484375,57348.75,0,0.0,0.0
2026-08-18 14:15:00+05:30,57351.30078125,57353.55078125,57316.80078125,57320.1015625,0,0.0,0.0
2026-08-18 14:20:00+05:30,57320.25,57361.3515625,57302.30078125,57343.19921875,0,0.0,0.0
2026-08-18 14:25:00+05:30,57345.0,57359.44921875,57289.80078125,57337.3515625,0,0.0,0.0
2026-08-18 14:30:00+05:30,57340.3515625,57368.94921875,57323.1484375,57343.3515625,0,0.0,0.0
2026-08-18 14:35:00+05:30,57347.19921875,57353.8515625,57314.75,57332.69921875,0,0.0,0.0
2026-08-18 14:40:00+05:30,57333.1484375,57361.8515625,57319.30078125,57359.44921875,0,0.0,0.0
2026-08-18 14:45:00+05:30,57358.05078125,57361.0,57339.8984375,57357.80078125,0,0.0,0.0
2026-08-18 14:50:00+05:30,57357.80078125,57384.3984375,57355.0,57368.30078125,0,0.0,0.0
2026-08-18 14:55:00+05:30,57368.30078125,57410.44921875,57361.05078125,57387.1015625,0,0.0,0.0
2026-08-18 15:00:00+05:30,57385.69921875,57414.8984375,57368.44921875,57374.25,0,0.0,0.0
2026-08-18 15:05:00+05:30,57379.05078125,57382.55078125,57346.75,57360.1484375,0,0.0,0.0
2026-08-18 15:10:00+05:30,57360.75,57368.80078125,57291.8984375,57324.94921875,0,0.0,0.0
2026-08-18 15:15:00+05:30,57314.55078125,57314.55078125,57308.1484375,57308.1484375,0,0.0,0.0
2026-08-18 15:20:00+05:30,57308.1484375,57308.1484375,57308.1484375,57308.1484375,0,0.0,0.0
2026-08-18 15:25:00+05:30,57308.1484375,57308.1484375,57262.3984375,57262.3984375,0,0.0,0.0
2026-08-19 09:15:00+05:30,57312.1015625,57323.3515625,57126.69921875,57154.3984375,0,0.0,0.0
2026-08-19 09:20:00+05:30,57156.19921875,57171.6015625,57107.75,57122.5,0,0.0,0.0
2026-08-19 09:25:00+05:30,57121.3984375,57147.0,57096.25,57106.3984375,0,0.0,0.0
2026-08-19 09:30:00+05:30,57107.5,57111.30078125,57031.80078125,57036.30078125,0,0.0,0.0
2026-08-19 09:35:00+05:30,57045.80078125,57045.80078125,57001.75,57037.3984375,0,0.0,0.0
2026-08-19 09:40:00+05:30,57043.19921875,57112.80078125,57023.3984375,57099.25,0,0.0,0.0
2026-08-19 09:45:00+05:30,57102.05078125,57128.44921875,57067.94921875,57128.30078125,0,0.0,0.0
2026-08-19 09:50:00+05:30,57126.94921875,57213.0,57114.94921875,57199.25,0,0.0,0.0
2026-08-19 09:55:00+05:30,57200.5,57204.6015625,57152.5,57162.94921875,0,0.0,0.0
2026-08-19 10:00:00+05:30,57159.19921875,57217.8515625,57151.6015625,57189.94921875,0,0.0,0.0
2026-08-19 10:05:00+05:30,57194.6015625,57232.1484375,57189.19921875,57218.55078125,0,0.0,0.0
2026-08-19 10:10:00+05:30,57215.55078125,57244.94921875,57179.0,57210.6484375,0,0.0,0.0
2026-08-19 10:15:00+05:30,57214.69921875,57222.5,57129.94921875,57147.94921875,0,0.0,0.0
2026-08-19 10:20:00+05:30,57145.44921875,57157.55078125,57093.8984375,57102.75,0,0.0,0.0
2026-08-19 10:25:00+05:30,57104.05078125,57123.05078125,57098.69921875,57103.8984375,0,0.0,0.0
2026-08-19 10:30:00+05:30,57104.6484375,57125.19921875,57074.5,57096.55078125,0,0.0,0.0
2026-08-19 10:35:00+05:30,57097.69921875,57104.0,57064.19921875,57086.05078125,0,0.0,0.0
2026-08-19 10:40:00+05:30,57086.05078125,57090.94921875,57052.8515625,57084.25,0,0.0,0.0
2026-08-19 10:45:00+05:30,57083.55078125,57089.55078125,57062.5,57065.1484375,0,0.0,0.0
2026-08-19 10:50:00+05:30,57068.0,57080.8515625,57055.8984375,57079.55078125,0,0.0,0.0
2026-08-19 10:55:00+05:30,57082.3984375,57098.30078125,57069.44921875,57070.44921875,0,0.0,0.0
2026-08-19 11:00:00+05:30,57077.55078125,57083.6015625,57049.1015625,57074.1484375,0,0.0,0.0
2026-08-19 11:05:00+05:30,57072.5,57082.19921875,57014.75,57043.30078125,0,0.0,0.0
2026-08-19 11:10:00+05:30,57040.8984375,57070.75,57038.0,57049.8984375,0,0.0,0.0
2026-08-19 11:15:00+05:30,57055.3515625,57073.25,57052.8515625,57065.30078125,0,0.0,0.0
2026-08-19 11:20:00+05:30,57076.8515625,57085.44921875,57050.75,57051.30078125,0,0.0,0.0
2026-08-19 11:25:00+05:30,57056.8515625,57061.3515625,57028.5,57044.19921875,0,0.0,0.0
2026-08-19 11:30:00+05:30,57045.6015625,57078.94921875,57045.6015625,57070.80078125,0,0.0,0.0
2026-08-19 11:35:00+05:30,57076.05078125,57078.3515625,57048.6015625,57060.3515625,0,0.0,0.0
2026-08-19 11:40:00+05:30,57063.3984375,57068.8984375,57044.75,57064.44921875,0,0.0,0.0
2026-08-19 11:45:00+05:30,57068.8984375,57136.0,57058.05078125,57128.0,0,0.0,0.0
2026-08-19 11:50:00+05:30,57128.69921875,57218.8984375,57124.69921875,57202.80078125,0,0.0,0.0
2026-08-19 11:55:00+05:30,57204.25,57207.44921875,57180.44921875,57185.44921875,0,0.0,0.0
2026-08-19 12:00:00+05:30,57188.3984375,57192.75,57091.6484375,57098.25,0,0.0,0.0
2026-08-19 12:05:00+05:30,57098.1484375,57127.5,57081.25,57094.1484375,0,0.0,0.0
2026-08-19 12:10:00+05:30,57100.44921875,57101.0,57064.1484375,57064.5,0,0.0,0.0
2026-08-19 12:15:00+05:30,57065.19921875,57102.6015625,57062.6484375,57093.75,0,0.0,0.0
2026-08-19 12:20:00+05:30,57093.1484375,57116.80078125,57083.1484375,57112.1015625,0,0.0,0.0
2026-08-19 12:25:00+05:30,57112.44921875,57113.8515625,57076.55078125,57093.80078125,0,0.0,0.0
2026-08-19 12:30:00+05:30,57096.30078125,57098.1484375,57061.55078125,57066.0,0,0.0,0.0
2026-08-19 12:35:00+05:30,57065.30078125,57098.3515625,57046.55078125,57072.1015625,0,0.0,0.0
2026-08-19 12:40:00+05:30,57075.1015625,57084.6484375,57051.6484375,57064.6015625,0,0.0,0.0
2026-08-19 12:45:00+05:30,57067.1015625,57076.3984375,57048.30078125,57067.69921875,0,0.0,0.0
2026-08-19 12:50:00+05:30,57071.44921875,57097.94921875,57062.6484375,57080.3515625,0,0.0,0.0
2026-08-19 12:55:00+05:30,57085.25,57091.6484375,57056.8984375,57082.69921875,0,0.0,0.0
2026-08-19 13:00:00+05:30,57082.5,57113.55078125,57066.8984375,57104.80078125,0,0.0,0.0
2026-08-19 13:05:00+05:30,57106.8515625,57123.55078125,57087.25,57120.6015625,0,0.0,0.0
2026-08-19 13:10:00+05:30,57120.6015625,57126.69921875,57060.0,57063.1015625,0,0.0,0.0
2026-08-19 13:15:00+05:30,57064.3515625,57078.5,57042.25,57048.30078125,0,0.0,0.0
2026-08-19 13:20:00+05:30,57054.0,57068.80078125,57037.55078125,57062.25,0,0.0,0.0
2026-08-19 13:25:00+05:30,57061.6015625,57082.5,57052.94921875,57074.30078125,0,0.0,0.0
2026-08-19 13:30:00+05:30,57071.30078125,57080.75,57055.3984375,57066.30078125,0,0.0,0.0
2026-08-19 13:35:00+05:30,57069.44921875,57105.19921875,57057.44921875,57098.94921875,0,0.0,0.0
2026-08-19 13:40:00+05:30,57103.30078125,57124.3984375,57092.25,57102.05078125,0,0.0,0.0
2026-08-19 13:45:00+05:30,57102.05078125,57133.3984375,57077.0,57092.80078125,0,0.0,0.0
2026-08-19 13:50:00+05:30,57094.94921875,57103.8515625,57063.19921875,57086.25,0,0.0,0.0
2026-08-19 13:55:00+05:30,57088.8515625,57121.1484375,57079.3984375,57116.0,0,0.0,0.0
2026-08-19 14:00:00+05:30,57118.69921875,57180.1015625,57108.8984375,57168.75,0,0.0,0.0
2026-08-19 14:05:00+05:30,57171.19921875,57194.44921875,57152.1484375,57163.80078125,0,0.0,0.0
2026-08-19 14:10:00+05:30,57164.6484375,57177.80078125,57136.05078125,57139.8515625,0,0.0,0.0
2026-08-19 14:15:00+05:30,57139.30078125,57151.6015625,57116.25,57129.1484375,0,0.0,0.0
2026-08-19 14:20:00+05:30,57127.94921875,57139.6015625,57096.8515625,57113.55078125,0,0.0,0.0
2026-08-19 14:25:00+05:30,57113.44921875,57144.69921875,57101.25,57143.19921875,0,0.0,0.0
2026-08-19 14:30:00+05:30,57142.6015625,57184.5,57138.44921875,57174.05078125,0,0.0,0.0
2026-08-19 14:35:00+05:30,57176.1015625,57304.3515625,57161.6484375,57196.3984375,0,0.0,0.0
2026-08-19 14:40:00+05:30,57202.1484375,57245.8515625,57183.55078125,57227.19921875,0,0.0,0.0
2026-08-19 14:45:00+05:30,57229.80078125,57250.94921875,57195.5,57199.1484375,0,0.0,0.0
2026-08-19 14:50:00+05:30,57204.6484375,57220.19921875,57183.3984375,57198.6015625,0,0.0,0.0
2026-08-19 14:55:00+05:30,57202.05078125,57228.19921875,57187.3515625,57211.19921875,0,0.0,0.0
2026-08-19 15:00:00+05:30,57209.25,57227.6015625,57200.80078125,57206.1484375,0,0.0,0.0
2026-08-19 15:05:00+05:30,57205.3515625,57205.3515625,57155.80078125,57179.3515625,0,0.0,0.0
2026-08-19 15:10:00+05:30,57177.44921875,57195.5,57147.25,57156.8984375,0,0.0,0.0
2026-08-19 15:15:00+05:30,57157.75,57157.75,57157.75,57157.75,0,0.0,0.0
2026-08-19 15:20:00+05:30,57157.75,57157.75,57157.75,57157.75,0,0.0,0.0
2026-08-19 15:25:00+05:30,57157.75,57239.75,57157.75,57239.75,0,0.0,0.0
2026-08-20 09:15:00+05:30,57505.8515625,57600.0,57496.3515625,57537.1484375,0,0.0,0.0
2026-08-20 09:20:00+05:30,57530.94921875,57561.05078125,57511.1015625,57511.1015625,0,0.0,0.0
2026-08-20 09:25:00+05:30,57512.6484375,57591.55078125,57505.6015625,57585.30078125,0,0.0,0.0
2026-08-20 09:30:00+05:30,57586.69921875,57594.5,57543.3984375,57549.80078125,0,0.0,0.0
2026-08-20 09:35:00+05:30,57549.8984375,57589.6484375,57540.6015625,57589.6484375,0,0.0,0.0
2026-08-20 09:40:00+05:30,57590.8984375,57668.1015625,57585.5,57665.19921875,0,0.0,0.0
2026-08-20 09:45:00+05:30,57666.55078125,57675.30078125,57614.19921875,57619.5,0,0.0,0.0
2026-08-20 09:50:00+05:30,57625.0,57641.6484375,57598.1484375,57636.69921875,0,0.0,0.0
2026-08-20 09:55:00+05:30,57636.8984375,57685.5,57634.5,57664.5,0,0.0,0.0
2026-08-20 10:00:00+05:30,57662.80078125,57676.1015625,57634.8984375,57649.1484375,0,0.0,0.0
2026-08-20 10:05:00+05:30,57648.44921875,57662.05078125,57635.6484375,57647.5,0,0.0,0.0
2026-08-20 10:10:00+05:30,57647.5,57677.19921875,57646.5,57669.75,0,0.0,0.0
2026-08-20 10:15:00+05:30,57664.05078125,57698.8515625,57663.75,57667.30078125,0,0.0,0.0
2026-08-20 10:20:00+05:30,57667.5,57690.5,57656.0,57671.8515625,0,0.0,0.0
2026-08-20 10:25:00+05:30,57673.8984375,57685.25,57639.3984375,57639.3984375,0,0.0,0.0
2026-08-20 10:30:00+05:30,57636.3984375,57654.6484375,57620.6015625,57630.5,0,0.0,0.0
2026-08-20 10:35:00+05:30,57631.3984375,57647.3515625,57613.80078125,57629.69921875,0,0.0,0.0
2026-08-20 10:40:00+05:30,57630.19921875,57664.44921875,57620.5,57656.3984375,0,0.0,0.0
2026-08-20 10:45:00+05:30,57658.1484375,57686.6015625,57642.1015625,57678.05078125,0,0.0,0.0
2026-08-20 10:50:00+05:30,57679.8515625,57684.6015625,57651.19921875,57659.25,0,0.0,0.0
2026-08-20 10:55:00+05:30,57658.44921875,57691.25,57656.1015625,57683.1484375,0,0.0,0.0
2026-08-20 11:00:00+05:30,57686.25,57698.8515625,57664.6484375,57677.19921875,0,0.0,0.0
2026-08-20 11:05:00+05:30,57679.69921875,57686.8984375,57663.75,57681.0,0,0.0,0.0
2026-08-20 11:10:00+05:30,57682.25,57686.6015625,57664.8515625,57676.75,0,0.0,0.0
2026-08-20 11:15:00+05:30,57679.6015625,57681.94921875,57641.1484375,57642.30078125,0,0.0,0.0
2026-08-20 11:20:00+05:30,57642.55078125,57651.3984375,57608.6484375,57617.1015625,0,0.0,0.0
2026-08-20 11:25:00+05:30,57615.8515625,57623.05078125,57596.44921875,57618.30078125,0,0.0,0.0
2026-08-20 11:30:00+05:30,57615.3984375,57653.6015625,57613.6015625,57641.80078125,0,0.0,0.0
2026-08-20 11:35:00+05:30,57638.80078125,57658.69921875,57628.25,57634.6015625,0,0.0,0.0
2026-08-20 11:40:00+05:30,57634.6015625,57642.80078125,57625.69921875,57631.6484375,0,0.0,0.0
2026-08-20 11:45:00+05:30,57631.25,57648.6484375,57616.3515625,57618.8515625,0,0.0,0.0
2026-08-20 11:50:00+05:30,57618.80078125,57631.30078125,57602.19921875,57609.69921875,0,0.0,0.0
2026-08-20 11:55:00+05:30,57611.8515625,57627.6484375,57598.69921875,57621.3984375,0,0.0,0.0
2026-08-20 12:00:00+05:30,57620.8515625,57625.8984375,57604.19921875,57609.44921875,0,0.0,0.0
2026-08-20 12:05:00+05:30,57609.3984375,57633.80078125,57606.75,57624.05078125,0,0.0,0.0
2026-08-20 12:10:00+05:30,57624.05078125,57630.80078125,57607.69921875,57613.25,0,0.0,0.0
2026-08-20 12:15:00+05:30,57613.94921875,57615.80078125,57595.94921875,57600.30078125,0,0.0,0.0
2026-08-20 12:20:00+05:30,57601.94921875,57603.75,57572.44921875,57576.5,0,0.0,0.0
2026-08-20 12:25:00+05:30,57576.3984375,57579.6015625,57558.3984375,57568.80078125,0,0.0,0.0
2026-08-20 12:30:00+05:30,57570.3515625,57572.30078125,57550.3515625,57558.1484375,0,0.0,0.0
2026-08-20 12:35:00+05:30,57558.1484375,57567.8515625,57538.55078125,57564.25,0,0.0,0.0
2026-08-20 12:40:00+05:30,57565.05078125,57590.30078125,57565.05078125,57580.19921875,0,0.0,0.0
2026-08-20 12:45:00+05:30,57583.6484375,57641.94921875,57572.8984375,57632.44921875,0,0.0,0.0
2026-08-20 12:50:00+05:30,57634.69921875,57680.55078125,57626.1015625,57634.44921875,0,0.0,0.0
2026-08-20 12:55:00+05:30,57634.25,57668.1015625,57612.3984375,57656.69921875,0,0.0,0.0
2026-08-20 13:00:00+05:30,57656.6015625,57657.30078125,57627.8515625,57637.80078125,0,0.0,0.0
2026-08-20 13:05:00+05:30,57637.1484375,57666.55078125,57632.80078125,57661.80078125,0,0.0,0.0
2026-08-20 13:10:00+05:30,57660.75,57671.05078125,57640.5,57646.25,0,0.0,0.0
2026-08-20 13:15:00+05:30,57645.8515625,57657.0,57624.3984375,57634.30078125,0,0.0,0.0
2026-08-20 13:20:00+05:30,57631.1484375,57641.69921875,57622.1484375,57634.1484375,0,0.0,0.0
2026-08-20 13:25:00+05:30,57631.3984375,57633.3515625,57605.25,57612.8984375,0,0.0,0.0
2026-08-20 13:30:00+05:30,57609.80078125,57619.19921875,57594.75,57616.6484375,0,0.0,0.0
2026-08-20 13:35:00+05:30,57617.3515625,57618.3515625,57565.3984375,57576.94921875,0,0.0,0.0
2026-08-20 13:40:00+05:30,57576.0,57582.1484375,57552.3515625,57570.69921875,0,0.0,0.0
2026-08-20 13:45:00+05:30,57566.6015625,57602.8984375,57559.30078125,57595.5,0,0.0,0.0
2026-08-20 13:50:00+05:30,57594.3515625,57600.3515625,57570.69921875,57577.19921875,0,0.0,0.0
2026-08-20 13:55:00+05:30,57576.69921875,57589.8515625,57548.44921875,57561.75,0,0.0,0.0
2026-08-20 14:00:00+05:30,57561.5,57570.75,57546.19921875,57559.3984375,0,0.0,0.0
2026-08-20 14:05:00+05:30,57557.6484375,57565.05078125,57531.5,57554.80078125,0,0.0,0.0
2026-08-20 14:10:00+05:30,57550.8984375,57568.80078125,57538.05078125,57548.3515625,0,0.0,0.0
2026-08-20 14:15:00+05:30,57547.75,57551.8515625,57496.75,57535.80078125,0,0.0,0.0
2026-08-20 14:20:00+05:30,57533.0,57547.25,57513.80078125,57547.0,0,0.0,0.0
2026-08-20 14:25:00+05:30,57542.3984375,57547.3515625,57507.5,57535.75,0,0.0,0.0
2026-08-20 14:30:00+05:30,57533.8984375,57542.25,57521.1484375,57540.69921875,0,0.0,0.0
2026-08-20 14:35:00+05:30,57540.5,57560.30078125,57521.8984375,57553.5,0,0.0,0.0
2026-08-20 14:40:00+05:30,57554.19921875,57565.25,57522.94921875,57526.69921875,0,0.0,0.0
2026-08-20 14:45:00+05:30,57525.94921875,57542.75,57504.1015625,57534.5,0,0.0,0.0
2026-08-20 14:50:00+05:30,57536.1484375,57544.8515625,57512.0,57528.75,0,0.0,0.0
2026-08-20 14:55:00+05:30,57527.5,57542.6484375,57511.3515625,57536.44921875,0,0.0,0.0
2026-08-20 15:00:00+05:30,57535.8984375,57535.8984375,57486.19921875,57509.55078125,0,0.0,0.0
2026-08-20 15:05:00+05:30,57506.19921875,57508.25,57461.5,57473.19921875,0,0.0,0.0
2026-08-20 15:10:00+05:30,57470.19921875,57494.80078125,57435.30078125,57448.6015625,0,0.0,0.0
2026-08-20 15:15:00+05:30,57444.05078125,57444.05078125,57444.05078125,57444.05078125,0,0.0,0.0
2026-08-20 15:20:00+05:30,57444.05078125,57444.05078125,57444.05078125,57444.05078125,0,0.0,0.0
2026-08-20 15:25:00+05:30,57444.05078125,57495.8984375,57444.05078125,57495.8984375,0,0.0,0.0
2026-08-21 09:15:00+05:30,57613.19921875,57619.69921875,57510.3515625,57564.55078125,0,0.0,0.0
2026-08-21 09:20:00+05:30,57565.5,57567.75,57482.19921875,57504.1484375,0,0.0,0.0
2026-08-21 09:25:00+05:30,57505.1015625,57599.3515625,57500.25,57594.80078125,0,0.0,0.0
2026-08-21 09:30:00+05:30,57595.6484375,57595.6484375,57542.3984375,57552.94921875,0,0.0,0.0
2026-08-21 09:35:00+05:30,57551.0,57633.8515625,57548.3984375,57629.19921875,0,0.0,0.0
2026-08-21 09:40:00+05:30,57631.30078125,57729.8984375,57620.55078125,57713.3984375,0,0.0,0.0
2026-08-21 09:45:00+05:30,57711.6484375,57741.1015625,57699.30078125,57728.8984375,0,0.0,0.0
2026-08-21 09:50:00+05:30,57727.55078125,57772.25,57718.0,57734.80078125,0,0.0,0.0
2026-08-21 09:55:00+05:30,57732.05078125,57739.8984375,57703.80078125,57708.6015625,0,0.0,0.0
2026-08-21 10:00:00+05:30,57706.8984375,57722.30078125,57655.6015625,57665.6015625,0,0.0,0.0
2026-08-21 10:05:00+05:30,57665.6015625,57670.0,57626.3515625,57626.6484375,0,0.0,0.0
2026-08-21 10:10:00+05:30,57624.6484375,57662.05078125,57622.55078125,57648.80078125,0,0.0,0.0
2026-08-21 10:15:00+05:30,57648.69921875,57677.69921875,57644.19921875,57652.1015625,0,0.0,0.0
2026-08-21 10:20:00+05:30,57652.1015625,57677.69921875,57630.1015625,57668.19921875,0,0.0,0.0
2026-08-21 10:25:00+05:30,57669.5,57698.3984375,57660.25,57693.55078125,0,0.0,0.0
2026-08-21 10:30:00+05:30,57697.19921875,57699.3515625,57662.6015625,57670.30078125,0,0.0,0.0
2026-08-21 10:35:00+05:30,57673.8515625,57716.6015625,57659.55078125,57707.8984375,0,0.0,0.0
2026-08-21 10:40:00+05:30,57706.44921875,57737.30078125,57702.30078125,57735.75,0,0.0,0.0
2026-08-21 10:45:00+05:30,57736.44921875,57758.5,57726.8515625,57728.5,0,0.0,0.0
2026-08-21 10:50:00+05:30,57727.94921875,57743.25,57711.5,57731.69921875,0,0.0,0.0
2026-08-21 10:55:00+05:30,57732.30078125,57738.55078125,57694.55078125,57711.05078125,0,0.0,0.0
2026-08-21 11:00:00+05:30,57711.05078125,57733.6015625,57703.69921875,57727.05078125,0,0.0,0.0
2026-08-21 11:05:00+05:30,57727.05078125,57731.69921875,57700.1484375,57701.6484375,0,0.0,0.0
2026-08-21 11:10:00+05:30,57703.3984375,57719.1015625,57683.94921875,57709.19921875,0,0.0,0.0
2026-08-21 11:15:00+05:30,57707.94921875,57729.1015625,57680.8984375,57698.1015625,0,0.0,0.0
2026-08-21 11:20:00+05:30,57697.94921875,57706.6015625,57678.0,57701.69921875,0,0.0,0.0
2026-08-21 11:25:00+05:30,57701.0,57733.5,57693.75,57723.6015625,0,0.0,0.0
2026-08-21 11:30:00+05:30,57724.8515625,57735.1484375,57707.5,57712.3984375,0,0.0,0.0
2026-08-21 11:35:00+05:30,57712.55078125,57721.8984375,57694.94921875,57704.1484375,0,0.0,0.0
2026-08-21 11:40:00+05:30,57704.6484375,57718.6484375,57685.55078125,57707.30078125,0,0.0,0.0
2026-08-21 11:45:00+05:30,57707.30078125,57720.25,57695.0,57704.80078125,0,0.0,0.0
2026-08-21 11:50:00+05:30,57704.30078125,57717.25,57677.75,57678.75,0,0.0,0.0
2026-08-21 11:55:00+05:30,57679.44921875,57693.25,57655.19921875,57661.25,0,0.0,0.0
2026-08-21 12:00:00+05:30,57660.25,57691.69921875,57658.19921875,57675.25,0,0.0,0.0
2026-08-21 12:05:00+05:30,57676.0,57697.8515625,57652.8515625,57659.25,0,0.0,0.0
2026-08-21 12:10:00+05:30,57659.6484375,57684.05078125,57649.69921875,57654.0,0,0.0,0.0
2026-08-21 12:15:00+05:30,57655.19921875,57668.75,57622.19921875,57659.19921875,0,0.0,0.0
2026-08-21 12:20:00+05:30,57658.80078125,57684.8984375,57648.44921875,57677.8984375,0,0.0,0.0
2026-08-21 12:25:00+05:30,57673.69921875,57689.0,57659.8515625,57676.19921875,0,0.0,0.0
2026-08-21 12:30:00+05:30,57676.8515625,57692.30078125,57659.75,57677.19921875,0,0.0,0.0
2026-08-21 12:35:00+05:30,57677.30078125,57690.80078125,57663.75,57676.5,0,0.0,0.0
2026-08-21 12:40:00+05:30,57677.0,57677.0,57640.3984375,57661.8515625,0,0.0,0.0
2026-08-21 12:45:00+05:30,57658.55078125,57670.8984375,57652.1484375,57656.55078125,0,0.0,0.0
2026-08-21 12:50:00+05:30,57656.55078125,57683.8984375,57656.55078125,57676.69921875,0,0.0,0.0
2026-08-21 12:55:00+05:30,57679.55078125,57688.8984375,57656.94921875,57674.1484375,0,0.0,0.0
2026-08-21 13:00:00+05:30,57674.55078125,57685.3515625,57667.94921875,57676.30078125,0,0.0,0.0
2026-08-21 13:05:00+05:30,57677.44921875,57716.8984375,57673.19921875,57707.6015625,0,0.0,0.0
2026-08-21 13:10:00+05:30,57707.6015625,57723.3515625,57677.55078125,57686.69921875,0,0.0,0.0
2026-08-21 13:15:00+05:30,57686.69921875,57708.05078125,57670.8984375,57677.6484375,0,0.0,0.0
2026-08-21 13:20:00+05:30,57677.6484375,57685.1015625,57657.8984375,57672.44921875,0,0.0,0.0
2026-08-21 13:25:00+05:30,57673.75,57687.3515625,57659.3515625,57687.3515625,0,0.0,0.0
2026-08-21 13:30:00+05:30,57689.3984375,57692.19921875,57653.8984375,57660.25,0,0.0,0.0
2026-08-21 13:35:00+05:30,57660.25,57673.25,57635.94921875,57666.05078125,0,0.0,0.0
2026-08-21 13:40:00+05:30,57666.3984375,57672.55078125,57640.8984375,57656.1015625,0,0.0,0.0
2026-08-21 13:45:00+05:30,57656.1015625,57667.69921875,57632.0,57642.80078125,0,0.0,0.0
2026-08-21 13:50:00+05:30,57642.80078125,57673.94921875,57626.8515625,57648.94921875,0,0.0,0.0
2026-08-21 13:55:00+05:30,57650.94921875,57684.30078125,57644.0,57660.6484375,0,0.0,0.0
2026-08-21 14:00:00+05:30,57658.3515625,57670.1015625,57629.0,57640.3515625,0,0.0,0.0
2026-08-21 14:05:00+05:30,57640.6015625,57653.69921875,57625.19921875,57634.25,0,0.0,0.0
2026-08-21 14:10:00+05:30,57633.80078125,57675.25,57625.6015625,57664.5,0,0.0,0.0
2026-08-21 14:15:00+05:30,57664.44921875,57684.75,57655.94921875,57668.8515625,0,0.0,0.0
2026-08-21 14:20:00+05:30,57667.44921875,57684.69921875,57656.75,57676.1015625,0,0.0,0.0
2026-08-21 14:25:00+05:30,57675.6484375,57681.25,57647.19921875,57681.25,0,0.0,0.0
2026-08-21 14:30:00+05:30,57679.8515625,57700.30078125,57663.69921875,57676.3515625,0,0.0,0.0
2026-08-21 14:35:00+05:30,57674.25,57678.30078125,57642.30078125,57648.6484375,0,0.0,0.0
2026-08-21 14:40:00+05:30,57647.55078125,57657.69921875,57638.75,57650.6484375,0,0.0,0.0
2026-08-21 14:45:00+05:30,57651.19921875,57676.1484375,57646.94921875,57664.19921875,0,0.0,0.0
2026-08-21 14:50:00+05:30,57664.75,57678.80078125,57657.1015625,57663.8984375,0,0.0,0.0
2026-08-21 14:55:00+05:30,57666.30078125,57674.05078125,57650.8515625,57667.55078125,0,0.0,0.0
2026-08-21 15:00:00+05:30,57666.80078125,57676.30078125,57645.55078125,57665.80078125,0,0.0,0.0
2026-08-21 15:05:00+05:30,57665.8984375,57665.8984375,57635.3515625,57652.6015625,0,0.0,0.0
2026-08-21 15:10:00+05:30,57648.0,57672.6015625,57619.94921875,57647.6484375,0,0.0,0.0
2026-08-21 15:15:00+05:30,57647.6484375,57647.6484375,57647.6484375,57647.6484375,0,0.0,0.0
2026-08-21 15:20:00+05:30,57647.6484375,57647.6484375,57647.6484375,57647.6484375,0,0.0,0.0
2026-08-21 15:25:00+05:30,57647.6484375,57761.94921875,57647.6484375,57761.94921875,0,0.0,0.0
2026-08-24 09:15:00+05:30,57827.1484375,57873.75,57778.30078125,57807.0,0,0.0,0.0
2026-08-24 09:20:00+05:30,57805.0,57826.55078125,57789.25,57816.44921875,0,0.0,0.0
2026-08-24 09:25:00+05:30,57822.75,57854.44921875,57794.1484375,57796.30078125,0,0.0,0.0
2026-08-24 09:30:00+05:30,57802.6484375,57805.1484375,57744.75,57776.69921875,0,0.0,0.0
2026-08-24 09:35:00+05:30,57782.6484375,57788.0,57754.8515625,57768.30078125,0,0.0,0.0
2026-08-24 09:40:00+05:30,57769.30078125,57770.44921875,57726.6015625,57743.69921875,0,0.0,0.0
2026-08-24 09:45:00+05:30,57743.55078125,57753.94921875,57712.3515625,57728.1015625,0,0.0,0.0
2026-08-24 09:50:00+05:30,57727.8515625,57732.69921875,57685.55078125,57688.5,0,0.0,0.0
2026-08-24 09:55:00+05:30,57693.0,57707.1015625,57671.5,57685.94921875,0,0.0,0.0
2026-08-24 10:00:00+05:30,57693.19921875,57736.0,57689.30078125,57705.05078125,0,0.0,0.0
2026-08-24 10:05:00+05:30,57707.3984375,57716.19921875,57694.6484375,57704.25,0,0.0,0.0
2026-08-24 10:10:00+05:30,57702.1484375,57708.05078125,57682.80078125,57683.8984375,0,0.0,0.0
2026-08-24 10:15:00+05:30,57687.3984375,57704.30078125,57675.69921875,57689.1015625,0,0.0,0.0
2026-08-24 10:20:00+05:30,57696.0,57700.94921875,57664.6015625,57665.30078125,0,0.0,0.0
2026-08-24 10:25:00+05:30,57666.94921875,57676.3515625,57644.8984375,57661.44921875,0,0.0,0.0
2026-08-24 10:30:00+05:30,57663.3984375,57687.94921875,57659.1484375,57667.0,0,0.0,0.0
2026-08-24 10:35:00+05:30,57672.5,57684.19921875,57648.1484375,57650.6484375,0,0.0,0.0
2026-08-24 10:40:00+05:30,57651.6484375,57658.44921875,57639.8984375,57650.19921875,0,0.0,0.0
2026-08-24 10:45:00+05:30,57653.5,57655.05078125,57620.80078125,57630.75,0,0.0,0.0
2026-08-24 10:50:00+05:30,57630.8984375,57630.8984375,57584.30078125,57596.94921875,0,0.0,0.0
2026-08-24 10:55:00+05:30,57598.1015625,57606.0,57534.19921875,57545.30078125,0,0.0,0.0
2026-08-24 11:00:00+05:30,57543.94921875,57571.19921875,57502.94921875,57508.05078125,0,0.0,0.0
2026-08-24 11:05:00+05:30,57511.8984375,57511.8984375,57435.0,57448.19921875,0,0.0,0.0
2026-08-24 11:10:00+05:30,57449.44921875,57453.05078125,57405.6484375,57410.55078125,0,0.0,0.0
2026-08-24 11:15:00+05:30,57415.94921875,57420.6484375,57395.5,57411.44921875,0,0.0,0.0
2026-08-24 11:20:00+05:30,57413.94921875,57428.6484375,57360.44921875,57373.6015625,0,0.0,0.0
2026-08-24 11:25:00+05:30,57378.25,57398.55078125,57359.6015625,57386.3515625,0,0.0,0.0
2026-08-24 11:30:00+05:30,57387.05078125,57389.8515625,57331.55078125,57344.75,0,0.0,0.0
2026-08-24 11:35:00+05:30,57346.44921875,57352.05078125,57324.44921875,57340.30078125,0,0.0,0.0
2026-08-24 11:40:00+05:30,57339.44921875,57391.6484375,57332.80078125,57374.69921875,0,0.0,0.0
2026-08-24 11:45:00+05:30,57374.1015625,57422.8984375,57374.1015625,57420.1015625,0,0.0,0.0
2026-08-24 11:50:00+05:30,57420.69921875,57423.6484375,57382.6484375,57402.80078125,0,0.0,0.0
2026-08-24 11:55:00+05:30,57403.8984375,57411.25,57367.6015625,57367.6015625,0,0.0,0.0
2026-08-24 12:00:00+05:30,57372.0,57408.55078125,57362.19921875,57382.6484375,0,0.0,0.0
2026-08-24 12:05:00+05:30,57384.0,57393.05078125,57358.25,57385.8984375,0,0.0,0.0
2026-08-24 12:10:00+05:30,57389.69921875,57395.69921875,57373.19921875,57379.75,0,0.0,0.0
2026-08-24 12:15:00+05:30,57383.6015625,57388.6484375,57357.0,57362.25,0,0.0,0.0
2026-08-24 12:20:00+05:30,57369.80078125,57394.44921875,57352.80078125,57376.44921875,0,0.0,0.0
2026-08-24 12:25:00+05:30,57383.1484375,57385.30078125,57323.1015625,57325.6015625,0,0.0,0.0
2026-08-24 12:30:00+05:30,57326.30078125,57355.5,57321.75,57341.1015625,0,0.0,0.0
2026-08-24 12:35:00+05:30,57342.3515625,57373.8515625,57334.25,57345.30078125,0,0.0,0.0
2026-08-24 12:40:00+05:30,57345.75,57354.3984375,57328.3984375,57335.94921875,0,0.0,0.0
2026-08-24 12:45:00+05:30,57339.55078125,57368.6484375,57331.44921875,57349.6484375,0,0.0,0.0
2026-08-24 12:50:00+05:30,57357.6015625,57360.19921875,57324.25,57335.30078125,0,0.0,0.0
2026-08-24 12:55:00+05:30,57333.19921875,57352.94921875,57329.3984375,57348.6484375,0,0.0,0.0
2026-08-24 13:00:00+05:30,57343.25,57353.3984375,57274.8984375,57291.44921875,0,0.0,0.0
2026-08-24 13:05:00+05:30,57296.30078125,57300.5,57248.8984375,57279.3984375,0,0.0,0.0
2026-08-24 13:10:00+05:30,57278.25,57291.94921875,57259.30078125,57276.3515625,0,0.0,0.0
2026-08-24 13:15:00+05:30,57280.3515625,57318.3984375,57269.80078125,57311.44921875,0,0.0,0.0
2026-08-24 13:20:00+05:30,57311.44921875,57329.55078125,57305.3984375,57316.19921875,0,0.0,0.0
2026-08-24 13:25:00+05:30,57319.5,57349.05078125,57310.3984375,57344.55078125,0,0.0,0.0
2026-08-24 13:30:00+05:30,57347.3984375,57357.30078125,57329.30078125,57342.1015625,0,0.0,0.0
2026-08-24 13:35:00+05:30,57345.0,57366.3984375,57325.1015625,57364.0,0,0.0,0.0
2026-08-24 13:40:00+05:30,57364.80078125,57386.69921875,57353.69921875,57354.1484375,0,0.0,0.0
2026-08-24 13:45:00+05:30,57352.75,57361.55078125,57330.55078125,57335.75,0,0.0,0.0
2026-08-24 13:50:00+05:30,57342.0,57346.30078125,57320.75,57327.75,0,0.0,0.0
2026-08-24 13:55:00+05:30,57330.6015625,57350.1484375,57318.8515625,57337.0,0,0.0,0.0
2026-08-24 14:00:00+05:30,57340.05078125,57354.30078125,57316.44921875,57342.3984375,0,0.0,0.0
2026-08-24 14:05:00+05:30,57342.80078125,57354.25,57326.75,57345.30078125,0,0.0,0.0
2026-08-24 14:10:00+05:30,57350.5,57355.3515625,57329.0,57339.94921875,0,0.0,0.0
2026-08-24 14:15:00+05:30,57345.69921875,57348.3984375,57281.5,57310.55078125,0,0.0,0.0
2026-08-24 14:20:00+05:30,57318.1484375,57340.30078125,57285.0,57316.19921875,0,0.0,0.0
2026-08-24 14:25:00+05:30,57317.3984375,57358.3984375,57309.55078125,57344.69921875,0,0.0,0.0
2026-08-24 14:30:00+05:30,57345.3984375,57391.6015625,57340.75,57378.3984375,0,0.0,0.0
2026-08-24 14:35:00+05:30,57384.8984375,57390.94921875,57354.3984375,57363.6484375,0,0.0,0.0
2026-08-24 14:40:00+05:30,57367.30078125,57367.30078125,57334.44921875,57354.3984375,0,0.0,0.0
2026-08-24 14:45:00+05:30,57356.5,57367.5,57337.8515625,57362.80078125,0,0.0,0.0
2026-08-24 14:50:00+05:30,57367.5,57367.6484375,57345.25,57362.6015625,0,0.0,0.0
2026-08-24 14:55:00+05:30,57362.19921875,57377.1484375,57355.94921875,57365.1484375,0,0.0,0.0
2026-08-24 15:00:00+05:30,57364.3515625,57411.55078125,57359.1484375,57399.5,0,0.0,0.0
2026-08-24 15:05:00+05:30,57401.3984375,57401.3984375,57355.8515625,57382.19921875,0,0.0,0.0
2026-08-24 15:10:00+05:30,57379.8515625,57437.6015625,57352.0,57419.44921875,0,0.0,0.0
2026-08-24 15:15:00+05:30,57419.44921875,57419.44921875,57419.44921875,57419.44921875,0,0.0,0.0
2026-08-24 15:20:00+05:30,57419.44921875,57419.44921875,57419.44921875,57419.44921875,0,0.0,0.0
2026-08-24 15:25:00+05:30,57419.44921875,57525.94921875,57419.44921875,57525.94921875,0,0.0,0.0
2026-08-25 09:15:00+05:30,57360.6484375,57458.30078125,57231.6484375,57458.30078125,0,0.0,0.0
2026-08-25 09:20:00+05:30,57456.0,57559.6015625,57446.19921875,57495.3515625,0,0.0,0.0
2026-08-25 09:25:00+05:30,57493.55078125,57568.44921875,57487.5,57550.6015625,0,0.0,0.0
2026-08-25 09:30:00+05:30,57550.55078125,57653.8515625,57549.30078125,57620.55078125,0,0.0,0.0
2026-08-25 09:35:00+05:30,57623.44921875,57630.44921875,57513.8984375,57544.30078125,0,0.0,0.0
2026-08-25 09:40:00+05:30,57547.8515625,57557.6484375,57494.1015625,57517.69921875,0,0.0,0.0
2026-08-25 09:45:00+05:30,57519.94921875,57545.94921875,57500.5,57505.69921875,0,0.0,0.0
2026-08-25 09:50:00+05:30,57506.6484375,57520.8515625,57456.6015625,57481.55078125,0,0.0,0.0
2026-08-25 09:55:00+05:30,57483.25,57511.30078125,57473.6015625,57493.80078125,0,0.0,0.0
2026-08-25 10:00:00+05:30,57497.8984375,57520.3984375,57474.8984375,57503.80078125,0,0.0,0.0
2026-08-25 10:05:00+05:30,57505.05078125,57523.1484375,57474.94921875,57479.30078125,0,0.0,0.0
2026-08-25 10:10:00+05:30,57477.19921875,57500.05078125,57464.0,57478.30078125,0,0.0,0.0
2026-08-25 10:15:00+05:30,57478.30078125,57479.0,57432.6015625,57433.75,0,0.0,0.0
2026-08-25 10:20:00+05:30,57433.75,57439.1015625,57382.8984375,57395.44921875,0,0.0,0.0
2026-08-25 10:25:00+05:30,57398.8515625,57417.30078125,57374.3515625,57417.30078125,0,0.0,0.0
2026-08-25 10:30:00+05:30,57416.0,57464.1015625,57402.3515625,57444.69921875,0,0.0,0.0
2026-08-25 10:35:00+05:30,57446.1484375,57450.3984375,57414.1015625,57433.25,0,0.0,0.0
2026-08-25 10:40:00+05:30,57434.8984375,57476.44921875,57416.55078125,57463.69921875,0,0.0,0.0
2026-08-25 10:45:00+05:30,57463.80078125,57513.80078125,57451.55078125,57509.19921875,0,0.0,0.0
2026-08-25 10:50:00+05:30,57511.6484375,57589.0,57505.3984375,57567.3515625,0,0.0,0.0
2026-08-25 10:55:00+05:30,57570.25,57584.6484375,57515.19921875,57515.19921875,0,0.0,0.0
2026-08-25 11:00:00+05:30,57521.3984375,57533.55078125,57449.1015625,57456.69921875,0,0.0,0.0
2026-08-25 11:05:00+05:30,57456.69921875,57475.19921875,57437.55078125,57453.1484375,0,0.0,0.0
2026-08-25 11:10:00+05:30,57456.1015625,57484.5,57438.25,57478.1015625,0,0.0,0.0
2026-08-25 11:15:00+05:30,57478.6484375,57488.75,57416.44921875,57432.05078125,0,0.0,0.0
2026-08-25 11:20:00+05:30,57436.30078125,57449.5,57404.8515625,57420.1484375,0,0.0,0.0
2026-08-25 11:25:00+05:30,57429.69921875,57467.8984375,57406.55078125,57450.30078125,0,0.0,0.0
2026-08-25 11:30:00+05:30,57450.94921875,57474.55078125,57435.6484375,57445.30078125,0,0.0,0.0
2026-08-25 11:35:00+05:30,57440.1015625,57440.30078125,57386.19921875,57432.80078125,0,0.0,0.0
2026-08-25 11:40:00+05:30,57432.44921875,57433.5,57383.55078125,57408.55078125,0,0.0,0.0
2026-08-25 11:45:00+05:30,57418.1015625,57425.8515625,57379.3984375,57410.1015625,0,0.0,0.0
2026-08-25 11:50:00+05:30,57409.69921875,57436.5,57393.25,57424.19921875,0,0.0,0.0
2026-08-25 11:55:00+05:30,57424.1484375,57478.0,57414.55078125,57446.30078125,0,0.0,0.0
2026-08-25 12:00:00+05:30,57451.55078125,57492.19921875,57417.5,57478.6484375,0,0.0,0.0
2026-08-25 12:05:00+05:30,57482.3515625,57490.69921875,57454.30078125,57463.6484375,0,0.0,0.0
2026-08-25 12:10:00+05:30,57471.3984375,57490.75,57452.75,57463.05078125,0,0.0,0.0
2026-08-25 12:15:00+05:30,57462.3515625,57476.6015625,57441.1484375,57457.3515625,0,0.0,0.0
2026-08-25 12:20:00+05:30,57455.80078125,57467.6484375,57419.69921875,57434.69921875,0,0.0,0.0
2026-08-25 12:25:00+05:30,57442.3515625,57447.30078125,57392.0,57404.8984375,0,0.0,0.0
2026-08-25 12:30:00+05:30,57414.6015625,57438.5,57386.05078125,57425.69921875,0,0.0,0.0
2026-08-25 12:35:00+05:30,57429.25,57443.0,57374.8984375,57420.94921875,0,0.0,0.0
2026-08-25 12:40:00+05:30,57418.19921875,57435.8515625,57389.94921875,57432.6484375,0,0.0,0.0
2026-08-25 12:45:00+05:30,57432.6484375,57446.6484375,57398.3515625,57415.05078125,0,0.0,0.0
2026-08-25 12:50:00+05:30,57422.6015625,57431.69921875,57380.55078125,57408.3984375,0,0.0,0.0
2026-08-25 12:55:00+05:30,57417.0,57425.55078125,57395.55078125,57411.55078125,0,0.0,0.0
2026-08-25 13:00:00+05:30,57412.44921875,57419.0,57348.5,57378.3515625,0,0.0,0.0
2026-08-25 13:05:00+05:30,57377.6484375,57382.05078125,57343.44921875,57347.44921875,0,0.0,0.0
2026-08-25 13:10:00+05:30,57351.69921875,57367.80078125,57285.6484375,57300.1015625,0,0.0,0.0
2026-08-25 13:15:00+05:30,57296.8515625,57349.1015625,57286.55078125,57304.44921875,0,0.0,0.0
2026-08-25 13:20:00+05:30,57310.75,57312.6015625,57276.1484375,57280.1015625,0,0.0,0.0
2026-08-25 13:25:00+05:30,57283.80078125,57293.25,57251.6484375,57284.55078125,0,0.0,0.0
2026-08-25 13:30:00+05:30,57284.55078125,57303.05078125,57277.25,57289.25,0,0.0,0.0
2026-08-25 13:35:00+05:30,57288.55078125,57318.3984375,57273.1015625,57312.55078125,0,0.0,0.0
2026-08-25 13:40:00+05:30,57315.1484375,57344.3515625,57302.69921875,57316.0,0,0.0,0.0
2026-08-25 13:45:00+05:30,57321.69921875,57321.75,57282.19921875,57287.05078125,0,0.0,0.0
2026-08-25 13:50:00+05:30,57289.5,57409.94921875,57278.1484375,57406.3515625,0,0.0,0.0
2026-08-25 13:55:00+05:30,57412.30078125,57419.6015625,57355.69921875,57370.0,0,0.0,0.0
2026-08-25 14:00:00+05:30,57373.44921875,57379.30078125,57297.75,57345.75,0,0.0,0.0
2026-08-25 14:05:00+05:30,57353.80078125,57357.30078125,57322.55078125,57338.5,0,0.0,0.0
2026-08-25 14:10:00+05:30,57339.3515625,57360.1015625,57315.1015625,57322.44921875,0,0.0,0.0
2026-08-25 14:15:00+05:30,57321.6015625,57360.80078125,57311.1484375,57352.19921875,0,0.0,0.0
2026-08-25 14:20:00+05:30,57351.80078125,57383.3984375,57330.6015625,57345.19921875,0,0.0,0.0
2026-08-25 14:25:00+05:30,57348.8515625,57390.3984375,57337.6015625,57381.80078125,0,0.0,0.0
2026-08-25 14:30:00+05:30,57384.80078125,57444.1484375,57361.8515625,57385.5,0,0.0,0.0
2026-08-25 14:35:00+05:30,57389.30078125,57422.8984375,57378.3984375,57415.19921875,0,0.0,0.0
2026-08-25 14:40:00+05:30,57411.25,57435.6015625,57387.6015625,57415.30078125,0,0.0,0.0
2026-08-25 14:45:00+05:30,57414.30078125,57434.3984375,57386.8984375,57412.3515625,0,0.0,0.0
2026-08-25 14:50:00+05:30,57420.25,57462.44921875,57396.3984375,57457.8984375,0,0.0,0.0
2026-08-25 14:55:00+05:30,57452.05078125,57481.0,57426.8984375,57468.1015625,0,0.0,0.0
2026-08-25 15:00:00+05:30,57465.6015625,57489.19921875,57440.3984375,57453.69921875,0,0.0,0.0
2026-08-25 15:05:00+05:30,57452.05078125,57468.0,57401.8984375,57433.1484375,0,0.0,0.0
2026-08-25 15:10:00+05:30,57429.1015625,57483.6015625,57417.80078125,57455.80078125,0,0.0,0.0
2026-08-25 15:15:00+05:30,57454.1015625,57454.1015625,57454.1015625,57454.1015625,0,0.0,0.0
2026-08-25 15:20:00+05:30,57454.1015625,57454.1015625,57454.1015625,57454.1015625,0,0.0,0.0
2026-08-25 15:25:00+05:30,57454.1015625,57514.19921875,57454.1015625,57514.19921875,0,0.0,0.0
2026-08-26 09:15:00+05:30,57638.5,57883.19921875,57636.0,57812.69921875,0,0.0,0.0
2026-08-26 09:20:00+05:30,57809.1484375,57922.05078125,57806.75,57913.94921875,0,0.0,0.0
2026-08-26 09:25:00+05:30,57908.69921875,57995.69921875,57902.5,57965.44921875,0,0.0,0.0
2026-08-26 09:30:00+05:30,57966.3515625,57990.3984375,57932.3515625,57951.6484375,0,0.0,0.0
2026-08-26 09:35:00+05:30,57951.8515625,57967.6015625,57906.44921875,57953.80078125,0,0.0,0.0
2026-08-26 09:40:00+05:30,57951.1484375,57992.0,57943.75,57955.5,0,0.0,0.0
2026-08-26 09:45:00+05:30,57955.5,57976.3984375,57920.1484375,57928.75,0,0.0,0.0
2026-08-26 09:50:00+05:30,57926.5,57948.3515625,57922.75,57932.6015625,0,0.0,0.0
2026-08-26 09:55:00+05:30,57933.25,57992.0,57928.3984375,57976.30078125,0,0.0,0.0
2026-08-26 10:00:00+05:30,57978.5,57983.3984375,57926.69921875,57952.94921875,0,0.0,0.0
2026-08-26 10:05:00+05:30,57952.94921875,57957.3515625,57890.3984375,57923.30078125,0,0.0,0.0
2026-08-26 10:10:00+05:30,57921.19921875,57926.30078125,57893.25,57903.55078125,0,0.0,0.0
2026-08-26 10:15:00+05:30,57903.25,57922.44921875,57876.8515625,57890.05078125,0,0.0,0.0
2026-08-26 10:20:00+05:30,57890.05078125,57895.69921875,57824.3515625,57843.3984375,0,0.0,0.0
2026-08-26 10:25:00+05:30,57842.8984375,57935.05078125,57836.05078125,57930.8515625,0,0.0,0.0
2026-08-26 10:30:00+05:30,57930.3984375,57978.5,57920.30078125,57962.6015625,0,0.0,0.0
2026-08-26 10:35:00+05:30,57962.1484375,57974.25,57936.1015625,57960.0,0,0.0,0.0
2026-08-26 10:40:00+05:30,57960.75,57967.1484375,57912.75,57938.8515625,0,0.0,0.0
2026-08-26 10:45:00+05:30,57939.55078125,57949.3984375,57919.75,57923.8515625,0,0.0,0.0
2026-08-26 10:50:00+05:30,57922.8984375,57938.3515625,57878.25,57892.5,0,0.0,0.0
2026-08-26 10:55:00+05:30,57892.5,57918.3515625,57889.1015625,57897.94921875,0,0.0,0.0
2026-08-26 11:00:00+05:30,57894.75,57899.55078125,57852.5,57868.6015625,0,0.0,0.0
2026-08-26 11:05:00+05:30,57868.6484375,57898.0,57850.55078125,57898.0,0,0.0,0.0
2026-08-26 11:10:00+05:30,57901.94921875,57964.3515625,57895.3515625,57954.44921875,0,0.0,0.0
2026-08-26 11:15:00+05:30,57952.44921875,57961.05078125,57900.25,57908.5,0,0.0,0.0
2026-08-26 11:20:00+05:30,57909.69921875,57931.05078125,57889.1484375,57913.19921875,0,0.0,0.0
2026-08-26 11:25:00+05:30,57914.1015625,57928.05078125,57897.80078125,57907.30078125,0,0.0,0.0
2026-08-26 11:30:00+05:30,57907.44921875,57907.44921875,57874.94921875,57906.69921875,0,0.0,0.0
2026-08-26 11:35:00+05:30,57906.44921875,57943.6015625,57898.94921875,57936.6484375,0,0.0,0.0
2026-08-26 11:40:00+05:30,57933.44921875,57943.75,57899.1484375,57909.5,0,0.0,0.0
2026-08-26 11:45:00+05:30,57907.6015625,57920.5,57884.05078125,57893.5,0,0.0,0.0
2026-08-26 11:50:00+05:30,57894.19921875,57900.6015625,57864.3984375,57874.94921875,0,0.0,0.0
2026-08-26 11:55:00+05:30,57874.6484375,57900.3984375,57865.6015625,57882.19921875,0,0.0,0.0
2026-08-26 12:00:00+05:30,57882.3984375,57887.25,57848.69921875,57880.30078125,0,0.0,0.0
2026-08-26 12:05:00+05:30,57880.30078125,57899.19921875,57863.8984375,57870.75,0,0.0,0.0
2026-08-26 12:10:00+05:30,57869.3984375,57944.0,57863.19921875,57937.6015625,0,0.0,0.0
2026-08-26 12:15:00+05:30,57942.1015625,57960.69921875,57925.05078125,57950.19921875,0,0.0,0.0
2026-08-26 12:20:00+05:30,57948.30078125,57960.80078125,57926.30078125,57956.1015625,0,0.0,0.0
2026-08-26 12:25:00+05:30,57955.80078125,57966.05078125,57907.3515625,57920.30078125,0,0.0,0.0
2026-08-26 12:30:00+05:30,57917.6484375,57939.8984375,57906.0,57935.44921875,0,0.0,0.0
2026-08-26 12:35:00+05:30,57936.30078125,57953.44921875,57924.8984375,57933.6484375,0,0.0,0.0
2026-08-26 12:40:00+05:30,57928.55078125,57971.0,57916.5,57968.0,0,0.0,0.0
2026-08-26 12:45:00+05:30,57966.69921875,57973.3515625,57938.3984375,57954.1015625,0,0.0,0.0
2026-08-26 12:50:00+05:30,57952.94921875,57959.0,57935.55078125,57957.30078125,0,0.0,0.0
2026-08-26 12:55:00+05:30,57957.19921875,57975.3515625,57942.5,57958.6484375,0,0.0,0.0
2026-08-26 13:00:00+05:30,57957.6484375,57962.75,57909.8984375,57933.3515625,0,0.0,0.0
2026-08-26 13:05:00+05:30,57937.1015625,57951.75,57917.75,57925.3984375,0,0.0,0.0
2026-08-26 13:10:00+05:30,57925.69921875,57932.8515625,57904.80078125,57915.5,0,0.0,0.0
2026-08-26 13:15:00+05:30,57918.6015625,57921.25,57855.30078125,57886.6015625,0,0.0,0.0
2026-08-26 13:20:00+05:30,57888.3515625,57889.0,57851.6015625,57867.69921875,0,0.0,0.0
2026-08-26 13:25:00+05:30,57869.44921875,57881.3984375,57856.1015625,57878.25,0,0.0,0.0
2026-08-26 13:30:00+05:30,57878.30078125,57893.6484375,57863.94921875,57887.44921875,0,0.0,0.0
2026-08-26 13:35:00+05:30,57887.8515625,57893.75,57870.94921875,57886.55078125,0,0.0,0.0
2026-08-26 13:40:00+05:30,57887.30078125,57907.1484375,57872.05078125,57886.8984375,0,0.0,0.0
2026-08-26 13:45:00+05:30,57885.25,57890.25,57859.80078125,57878.8515625,0,0.0,0.0
2026-08-26 13:50:00+05:30,57879.44921875,57900.0,57870.6484375,57889.8515625,0,0.0,0.0
2026-08-26 13:55:00+05:30,57891.6484375,57900.6484375,57875.25,57884.05078125,0,0.0,0.0
2026-08-26 14:00:00+05:30,57884.05078125,57904.19921875,57870.44921875,57901.8984375,0,0.0,0.0
2026-08-26 14:05:00+05:30,57900.8515625,57903.1015625,57860.25,57879.1484375,0,0.0,0.0
2026-08-26 14:10:00+05:30,57878.8984375,57913.1484375,57861.3515625,57890.1015625,0,0.0,0.0
2026-08-26 14:15:00+05:30,57887.1484375,57910.55078125,57860.69921875,57878.1484375,0,0.0,0.0
2026-08-26 14:20:00+05:30,57879.5,57891.8984375,57862.5,57867.05078125,0,0.0,0.0
2026-08-26 14:25:00+05:30,57867.3515625,57880.94921875,57831.3984375,57856.8515625,0,0.0,0.0
2026-08-26 14:30:00+05:30,57857.19921875,57889.30078125,57847.8984375,57884.5,0,0.0,0.0
2026-08-26 14:35:00+05:30,57885.1015625,57885.1015625,57860.0,57883.80078125,0,0.0,0.0
2026-08-26 14:40:00+05:30,57880.8984375,57893.5,57865.44921875,57879.3984375,0,0.0,0.0
2026-08-26 14:45:00+05:30,57879.0,57915.69921875,57869.55078125,57913.3515625,0,0.0,0.0
2026-08-26 14:50:00+05:30,57910.0,57955.80078125,57909.69921875,57942.19921875,0,0.0,0.0
2026-08-26 14:55:00+05:30,57941.8515625,57948.19921875,57915.6484375,57925.6015625,0,0.0,0.0
2026-08-26 15:00:00+05:30,57929.8984375,57929.8984375,57888.6484375,57914.69921875,0,0.0,0.0
2026-08-26 15:05:00+05:30,57918.69921875,57918.69921875,57860.6484375,57880.44921875,0,0.0,0.0
2026-08-26 15:10:00+05:30,57882.44921875,57901.80078125,57862.69921875,57880.25,0,0.0,0.0
2026-08-26 15:15:00+05:30,57876.80078125,57876.80078125,57876.80078125,57876.80078125,0,0.0,0.0
2026-08-26 15:20:00+05:30,57876.80078125,57876.80078125,57876.80078125,57876.80078125,0,0.0,0.0
2026-08-26 15:25:00+05:30,57876.80078125,57876.80078125,57783.75,57783.75,0,0.0,0.0
2026-08-27 09:15:00+05:30,57959.6484375,58006.1015625,57759.94921875,57871.6015625,0,0.0,0.0
2026-08-27 09:20:00+05:30,57870.25,57877.80078125,57808.30078125,57814.69921875,0,0.0,0.0
2026-08-27 09:25:00+05:30,57815.3515625,57874.5,57773.3515625,57786.6015625,0,0.0,0.0
2026-08-27 09:30:00+05:30,57786.19921875,57827.05078125,57744.6484375,57819.8984375,0,0.0,0.0
2026-08-27 09:35:00+05:30,57820.19921875,57844.6484375,57750.1015625,57797.1484375,0,0.0,0.0
2026-08-27 09:40:00+05:30,57795.6484375,57847.3515625,57772.25,57839.6015625,0,0.0,0.0
2026-08-27 09:45:00+05:30,57832.55078125,57879.1484375,57807.6484375,57863.6015625,0,0.0,0.0
2026-08-27 09:50:00+05:30,57865.75,57869.94921875,57807.5,57858.25,0,0.0,0.0
2026-08-27 09:55:00+05:30,57858.75,57862.75,57796.44921875,57822.3984375,0,0.0,0.0
2026-08-27 10:00:00+05:30,57823.8515625,57845.1015625,57798.05078125,57832.75,0,0.0,0.0
2026-08-27 10:05:00+05:30,57832.1015625,57838.25,57799.05078125,57831.1484375,0,0.0,0.0
2026-08-27 10:10:00+05:30,57827.44921875,57840.30078125,57794.69921875,57797.1484375,0,0.0,0.0
2026-08-27 10:15:00+05:30,57798.0,57818.69921875,57787.25,57814.80078125,0,0.0,0.0
2026-08-27 10:20:00+05:30,57814.19921875,57825.30078125,57781.6484375,57788.8515625,0,0.0,0.0
2026-08-27 10:25:00+05:30,57790.55078125,57819.55078125,57775.55078125,57796.19921875,0,0.0,0.0
2026-08-27 10:30:00+05:30,57796.19921875,57820.80078125,57779.8984375,57790.05078125,0,0.0,0.0
2026-08-27 10:35:00+05:30,57782.8984375,57801.19921875,57777.30078125,57792.6484375,0,0.0,0.0
2026-08-27 10:40:00+05:30,57789.5,57802.5,57754.69921875,57756.05078125,0,0.0,0.0
2026-08-27 10:45:00+05:30,57761.05078125,57778.25,57747.69921875,57757.3515625,0,0.0,0.0
2026-08-27 10:50:00+05:30,57757.3515625,57758.75,57709.8515625,57718.8515625,0,0.0,0.0
2026-08-27 10:55:00+05:30,57716.8515625,57738.1484375,57703.94921875,57732.6484375,0,0.0,0.0
2026-08-27 11:00:00+05:30,57728.55078125,57747.30078125,57698.8515625,57736.8515625,0,0.0,0.0
2026-08-27 11:05:00+05:30,57732.94921875,57762.44921875,57732.75,57736.6484375,0,0.0,0.0
2026-08-27 11:10:00+05:30,57737.30078125,57741.3984375,57716.44921875,57718.1015625,0,0.0,0.0
2026-08-27 11:15:00+05:30,57717.1015625,57734.6484375,57707.3515625,57718.75,0,0.0,0.0
2026-08-27 11:20:00+05:30,57716.1484375,57740.69921875,57704.0,57723.44921875,0,0.0,0.0
2026-08-27 11:25:00+05:30,57718.8515625,57738.5,57685.5,57703.05078125,0,0.0,0.0
2026-08-27 11:30:00+05:30,57706.1015625,57754.8984375,57704.3984375,57751.30078125,0,0.0,0.0
2026-08-27 11:35:00+05:30,57750.8984375,57757.8984375,57734.05078125,57742.1484375,0,0.0,0.0
2026-08-27 11:40:00+05:30,57737.1015625,57746.25,57714.55078125,57723.5,0,0.0,0.0
2026-08-27 11:45:00+05:30,57721.3984375,57743.94921875,57707.3515625,57717.30078125,0,0.0,0.0
2026-08-27 11:50:00+05:30,57716.30078125,57739.94921875,57706.8984375,57722.44921875,0,0.0,0.0
2026-08-27 11:55:00+05:30,57727.19921875,57756.19921875,57716.8984375,57750.0,0,0.0,0.0
2026-08-27 12:00:00+05:30,57750.0,57756.8984375,57674.94921875,57698.6484375,0,0.0,0.0
2026-08-27 12:05:00+05:30,57698.25,57705.30078125,57662.30078125,57680.19921875,0,0.0,0.0
2026-08-27 12:10:00+05:30,57675.19921875,57691.19921875,57646.8515625,57677.6015625,0,0.0,0.0
2026-08-27 12:15:00+05:30,57676.0,57688.0,57619.0,57621.8984375,0,0.0,0.0
2026-08-27 12:20:00+05:30,57621.8984375,57628.6484375,57583.6015625,57586.05078125,0,0.0,0.0
2026-08-27 12:25:00+05:30,57583.05078125,57632.8984375,57571.30078125,57623.1015625,0,0.0,0.0
2026-08-27 12:30:00+05:30,57620.3984375,57626.3515625,57571.5,57592.25,0,0.0,0.0
2026-08-27 12:35:00+05:30,57592.3515625,57653.3515625,57578.30078125,57637.6484375,0,0.0,0.0
2026-08-27 12:40:00+05:30,57637.1015625,57652.69921875,57612.5,57621.44921875,0,0.0,0.0
2026-08-27 12:45:00+05:30,57622.8515625,57625.30078125,57598.05078125,57615.75,0,0.0,0.0
2026-08-27 12:50:00+05:30,57612.1484375,57648.5,57586.25,57641.94921875,0,0.0,0.0
2026-08-27 12:55:00+05:30,57639.05078125,57690.6015625,57639.05078125,57664.3515625,0,0.0,0.0
2026-08-27 13:00:00+05:30,57666.19921875,57698.3515625,57648.3984375,57671.8984375,0,0.0,0.0
2026-08-27 13:05:00+05:30,57672.1484375,57709.30078125,57657.3515625,57700.0,0,0.0,0.0
2026-08-27 13:10:00+05:30,57699.75,57788.5,57696.1015625,57782.1015625,0,0.0,0.0
2026-08-27 13:15:00+05:30,57780.8515625,57796.94921875,57735.25,57744.55078125,0,0.0,0.0
2026-08-27 13:20:00+05:30,57742.8515625,57770.19921875,57728.55078125,57761.1484375,0,0.0,0.0
2026-08-27 13:25:00+05:30,57759.1015625,57768.44921875,57706.69921875,57737.8984375,0,0.0,0.0
2026-08-27 13:30:00+05:30,57733.25,57749.44921875,57697.3984375,57716.8984375,0,0.0,0.0
2026-08-27 13:35:00+05:30,57717.75,57746.3515625,57709.44921875,57729.55078125,0,0.0,0.0
2026-08-27 13:40:00+05:30,57729.19921875,57734.69921875,57684.30078125,57689.6015625,0,0.0,0.0
2026-08-27 13:45:00+05:30,57688.3515625,57692.0,57623.75,57644.25,0,0.0,0.0
2026-08-27 13:50:00+05:30,57640.80078125,57651.75,57625.1015625,57634.05078125,0,0.0,0.0
2026-08-27 13:55:00+05:30,57634.30078125,57636.6484375,57575.80078125,57588.44921875,0,0.0,0.0
2026-08-27 14:00:00+05:30,57587.75,57598.3984375,57570.1484375,57582.6484375,0,0.0,0.0
2026-08-27 14:05:00+05:30,57581.8984375,57592.19921875,57536.1484375,57550.69921875,0,0.0,0.0
2026-08-27 14:10:00+05:30,57553.8984375,57618.8515625,57537.6015625,57577.69921875,0,0.0,0.0
2026-08-27 14:15:00+05:30,57576.94921875,57626.44921875,57576.94921875,57626.3515625,0,0.0,0.0
2026-08-27 14:20:00+05:30,57625.1015625,57653.75,57608.75,57650.19921875,0,0.0,0.0
2026-08-27 14:25:00+05:30,57651.1484375,57654.19921875,57616.05078125,57643.8515625,0,0.0,0.0
2026-08-27 14:30:00+05:30,57642.69921875,57658.19921875,57565.05078125,57610.25,0,0.0,0.0
2026-08-27 14:35:00+05:30,57608.05078125,57615.80078125,57571.5,57613.55078125,0,0.0,0.0
2026-08-27 14:40:00+05:30,57613.6484375,57617.5,57575.5,57591.25,0,0.0,0.0
2026-08-27 14:45:00+05:30,57592.8984375,57614.5,57578.8515625,57586.8515625,0,0.0,0.0
2026-08-27 14:50:00+05:30,57586.25,57613.80078125,57570.8515625,57595.1484375,0,0.0,0.0
2026-08-27 14:55:00+05:30,57595.05078125,57618.30078125,57578.19921875,57614.5,0,0.0,0.0
2026-08-27 15:00:00+05:30,57612.19921875,57641.1015625,57604.3515625,57622.94921875,0,0.0,0.0
2026-08-27 15:05:00+05:30,57626.8515625,57628.8984375,57585.55078125,57599.05078125,0,0.0,0.0
2026-08-27 15:10:00+05:30,57602.30078125,57609.80078125,57539.6484375,57570.30078125,0,0.0,0.0
2026-08-27 15:15:00+05:30,57569.5,57569.5,57569.5,57569.5,0,0.0,0.0
2026-08-27 15:20:00+05:30,57569.5,57569.5,57569.5,57569.5,0,0.0,0.0
2026-08-27 15:25:00+05:30,57569.5,57569.5,57509.94921875,57509.94921875,0,0.0,0.0
2026-08-28 09:15:00+05:30,57470.44921875,57481.75,57345.0,57393.1015625,0,0.0,0.0
2026-08-28 09:20:00+05:30,57392.55078125,57392.6484375,57264.75,57364.5,0,0.0,0.0
2026-08-28 09:25:00+05:30,57360.3515625,57481.75,57360.3515625,57441.0,0,0.0,0.0
2026-08-28 09:30:00+05:30,57437.44921875,57437.44921875,57372.1484375,57385.94921875,0,0.0,0.0
2026-08-28 09:35:00+05:30,57389.44921875,57408.44921875,57354.44921875,57400.6015625,0,0.0,0.0
2026-08-28 09:40:00+05:30,57400.19921875,57459.8515625,57388.1015625,57437.3984375,0,0.0,0.0
2026-08-28 09:45:00+05:30,57441.25,57451.94921875,57405.8515625,57418.6484375,0,0.0,0.0
2026-08-28 09:50:00+05:30,57418.6484375,57461.1015625,57392.8984375,57457.8984375,0,0.0,0.0
2026-08-28 09:55:00+05:30,57461.1015625,57481.30078125,57438.25,57449.0,0,0.0,0.0
2026-08-28 10:00:00+05:30,57450.69921875,57480.6015625,57439.69921875,57454.6484375,0,0.0,0.0
2026-08-28 10:05:00+05:30,57455.6484375,57479.3984375,57424.30078125,57444.19921875,0,0.0,0.0
2026-08-28 10:10:00+05:30,57446.25,57494.5,57439.69921875,57489.75,0,0.0,0.0
2026-08-28 10:15:00+05:30,57488.0,57577.1015625,57488.0,57515.8515625,0,0.0,0.0
2026-08-28 10:20:00+05:30,57520.5,57533.19921875,57496.3515625,57527.19921875,0,0.0,0.0
2026-08-28 10:25:00+05:30,57526.8984375,57531.8515625,57494.55078125,57525.5,0,0.0,0.0
2026-08-28 10:30:00+05:30,57529.3515625,57531.3515625,57491.94921875,57492.6484375,0,0.0,0.0
2026-08-28 10:35:00+05:30,57496.3515625,57525.5,57466.25,57521.94921875,0,0.0,0.0
2026-08-28 10:40:00+05:30,57522.75,57554.5,57512.5,57532.19921875,0,0.0,0.0
2026-08-28 10:45:00+05:30,57534.19921875,57585.5,57532.69921875,57581.19921875,0,0.0,0.0
2026-08-28 10:50:00+05:30,57581.19921875,57596.3984375,57561.80078125,57565.25,0,0.0,0.0
2026-08-28 10:55:00+05:30,57566.1484375,57567.69921875,57537.19921875,57544.19921875,0,0.0,0.0
2026-08-28 11:00:00+05:30,57544.94921875,57551.1484375,57522.75,57535.1484375,0,0.0,0.0
2026-08-28 11:05:00+05:30,57533.3984375,57543.8984375,57472.8984375,57482.3984375,0,0.0,0.0
2026-08-28 11:10:00+05:30,57479.8984375,57540.3515625,57474.55078125,57522.3515625,0,0.0,0.0
2026-08-28 11:15:00+05:30,57523.30078125,57527.94921875,57473.94921875,57478.55078125,0,0.0,0.0
2026-08-28 11:20:00+05:30,57481.25,57495.3515625,57466.05078125,57468.94921875,0,0.0,0.0
2026-08-28 11:25:00+05:30,57467.69921875,57475.0,57420.8984375,57427.19921875,0,0.0,0.0
2026-08-28 11:30:00+05:30,57426.5,57449.6015625,57411.25,57417.05078125,0,0.0,0.0
2026-08-28 11:35:00+05:30,57418.8515625,57437.8984375,57377.80078125,57424.3515625,0,0.0,0.0
2026-08-28 11:40:00+05:30,57424.8984375,57444.6484375,57408.3515625,57435.05078125,0,0.0,0.0
2026-08-28 11:45:00+05:30,57436.8515625,57439.5,57412.8984375,57423.44921875,0,0.0,0.0
2026-08-28 11:50:00+05:30,57427.25,57436.44921875,57394.94921875,57407.94921875,0,0.0,0.0
2026-08-28 11:55:00+05:30,57407.25,57412.25,57345.3515625,57362.25,0,0.0,0.0
2026-08-28 12:00:00+05:30,57362.3515625,57384.1015625,57351.25,57373.0,0,0.0,0.0
2026-08-28 12:05:00+05:30,57377.6484375,57391.75,57354.1484375,57354.1484375,0,0.0,0.0
2026-08-28 12:10:00+05:30,57351.3984375,57358.8984375,57333.05078125,57356.1484375,0,0.0,0.0
2026-08-28 12:15:00+05:30,57357.8984375,57368.8515625,57346.19921875,57354.3515625,0,0.0,0.0
2026-08-28 12:20:00+05:30,57354.3515625,57363.25,57338.8515625,57344.44921875,0,0.0,0.0
2026-08-28 12:25:00+05:30,57347.30078125,57372.1484375,57334.0,57368.1484375,0,0.0,0.0
2026-08-28 12:30:00+05:30,57370.6484375,57388.5,57367.8984375,57383.0,0,0.0,0.0
2026-08-28 12:35:00+05:30,57387.30078125,57394.44921875,57366.1484375,57389.8984375,0,0.0,0.0
2026-08-28 12:40:00+05:30,57390.6015625,57405.1015625,57385.6484375,57400.8984375,0,0.0,0.0
2026-08-28 12:45:00+05:30,57399.6484375,57426.44921875,57390.05078125,57415.8515625,0,0.0,0.0
2026-08-28 12:50:00+05:30,57414.8984375,57416.3515625,57379.44921875,57382.1015625,0,0.0,0.0
2026-08-28 12:55:00+05:30,57384.6015625,57390.05078125,57347.8515625,57352.69921875,0,0.0,0.0
2026-08-28 13:00:00+05:30,57353.30078125,57356.3515625,57328.25,57336.6015625,0,0.0,0.0
2026-08-28 13:05:00+05:30,57336.30078125,57357.1015625,57321.8984375,57346.05078125,0,0.0,0.0
2026-08-28 13:10:00+05:30,57351.1015625,57351.3984375,57311.5,57323.30078125,0,0.0,0.0
2026-08-28 13:15:00+05:30,57328.55078125,57337.80078125,57307.94921875,57324.8515625,0,0.0,0.0
2026-08-28 13:20:00+05:30,57325.8515625,57349.6484375,57316.55078125,57338.8984375,0,0.0,0.0
2026-08-28 13:25:00+05:30,57341.19921875,57364.75,57310.94921875,57316.8515625,0,0.0,0.0
2026-08-28 13:30:00+05:30,57318.6015625,57367.19921875,57316.5,57362.69921875,0,0.0,0.0
2026-08-28 13:35:00+05:30,57359.8984375,57387.6015625,57352.0,57380.3984375,0,0.0,0.0
2026-08-28 13:40:00+05:30,57382.8515625,57404.75,57376.1015625,57392.8984375,0,0.0,0.0
2026-08-28 13:45:00+05:30,57395.1015625,57398.8984375,57358.5,57358.75,0,0.0,0.0
2026-08-28 13:50:00+05:30,57362.1015625,57373.80078125,57344.3515625,57353.80078125,0,0.0,0.0
2026-08-28 13:55:00+05:30,57353.80078125,57380.69921875,57333.30078125,57376.94921875,0,0.0,0.0
2026-08-28 14:00:00+05:30,57379.5,57411.75,57374.6015625,57382.6484375,0,0.0,0.0
2026-08-28 14:05:00+05:30,57382.75,57411.25,57365.3515625,57408.30078125,0,0.0,0.0
2026-08-28 14:10:00+05:30,57408.6015625,57437.25,57402.19921875,57416.30078125,0,0.0,0.0
2026-08-28 14:15:00+05:30,57421.1484375,57436.80078125,57394.6484375,57409.30078125,0,0.0,0.0
2026-08-28 14:20:00+05:30,57409.30078125,57451.80078125,57408.1015625,57445.80078125,0,0.0,0.0
2026-08-28 14:25:00+05:30,57442.55078125,57448.6015625,57424.3984375,57429.75,0,0.0,0.0
2026-08-28 14:30:00+05:30,57432.25,57444.75,57408.0,57435.25,0,0.0,0.0
2026-08-28 14:35:00+05:30,57437.3515625,57440.3984375,57403.3515625,57404.44921875,0,0.0,0.0
2026-08-28 14:40:00+05:30,57403.75,57419.30078125,57386.05078125,57410.19921875,0,0.0,0.0
2026-08-28 14:45:00+05:30,57408.25,57440.80078125,57393.55078125,57436.69921875,0,0.0,0.0
2026-08-28 14:50:00+05:30,57441.6015625,57464.75,57432.25,57460.75,0,0.0,0.0
2026-08-28 14:55:00+05:30,57461.80078125,57466.1015625,57440.55078125,57454.1484375,0,0.0,0.0
2026-08-28 15:00:00+05:30,57456.0,57456.0,57397.19921875,57409.19921875,0,0.0,0.0
2026-08-28 15:05:00+05:30,57411.05078125,57435.30078125,57399.30078125,57430.69921875,0,0.0,0.0
2026-08-28 15:10:00+05:30,57430.30078125,57479.19921875,57421.44921875,57434.55078125,0,0.0,0.0
2026-08-28 15:15:00+05:30,57432.25,57432.25,57432.25,57432.25,0,0.0,0.0
2026-08-28 15:20:00+05:30,57432.25,57432.25,57432.25,57432.25,0,0.0,0.0
2026-08-28 15:25:00+05:30,57432.25,57496.30078125,57432.25,57496.30078125,0,0.0,0.0
2026-08-31 09:15:00+05:30,57373.25,57503.30078125,57240.05078125,57485.6484375,0,0.0,0.0
2026-08-31 09:20:00+05:30,57488.6484375,57570.44921875,57468.44921875,57548.0,0,0.0,0.0
2026-08-31 09:25:00+05:30,57551.44921875,57574.30078125,57408.30078125,57421.6015625,0,0.0,0.0
2026-08-31 09:30:00+05:30,57427.44921875,57500.05078125,57422.0,57448.8984375,0,0.0,0.0
2026-08-31 09:35:00+05:30,57444.44921875,57461.80078125,57403.25,57406.8984375,0,0.0,0.0
2026-08-31 09:40:00+05:30,57413.8984375,57433.30078125,57339.69921875,57359.69921875,0,0.0,0.0
2026-08-31 09:45:00+05:30,57365.75,57388.05078125,57335.1484375,57350.69921875,0,0.0,0.0
2026-08-31 09:50:00+05:30,57350.1015625,57382.6015625,57322.3984375,57328.1015625,0,0.0,0.0
2026-08-31 09:55:00+05:30,57330.8984375,57337.94921875,57286.5,57317.5,0,0.0,0.0
2026-08-31 10:00:00+05:30,57316.3984375,57350.94921875,57312.5,57341.80078125,0,0.0,0.0
2026-08-31 10:05:00+05:30,57344.3984375,57376.6484375,57305.75,57311.5,0,0.0,0.0
2026-08-31 10:10:00+05:30,57315.44921875,57320.80078125,57271.6015625,57284.6484375,0,0.0,0.0
2026-08-31 10:15:00+05:30,57280.1484375,57289.3984375,57259.94921875,57274.80078125,0,0.0,0.0
2026-08-31 10:20:00+05:30,57274.5,57292.6484375,57245.75,57253.0,0,0.0,0.0
2026-08-31 10:25:00+05:30,57250.94921875,57276.3515625,57218.6015625,57262.3515625,0,0.0,0.0
2026-08-31 10:30:00+05:30,57262.3515625,57270.6484375,57207.94921875,57207.94921875,0,0.0,0.0
2026-08-31 10:35:00+05:30,57218.6484375,57225.1015625,57187.55078125,57204.6484375,0,0.0,0.0
2026-08-31 10:40:00+05:30,57209.94921875,57217.75,57188.5,57211.1484375,0,0.0,0.0
2026-08-31 10:45:00+05:30,57210.8984375,57232.1015625,57197.75,57207.05078125,0,0.0,0.0
2026-08-31 10:50:00+05:30,57208.25,57238.30078125,57190.80078125,57219.8984375,0,0.0,0.0
2026-08-31 10:55:00+05:30,57224.19921875,57245.30078125,57205.3984375,57229.1015625,0,0.0,0.0
2026-08-31 11:00:00+05:30,57234.3984375,57273.55078125,57226.8984375,57250.8515625,0,0.0,0.0
2026-08-31 11:05:00+05:30,57247.8984375,57260.44921875,57206.6484375,57212.1015625,0,0.0,0.0
2026-08-31 11:10:00+05:30,57212.1015625,57244.1015625,57203.94921875,57240.6015625,0,0.0,0.0
2026-08-31 11:15:00+05:30,57236.8984375,57267.05078125,57235.05078125,57259.75,0,0.0,0.0
2026-08-31 11:20:00+05:30,57264.6484375,57284.1015625,57245.1484375,57267.6484375,0,0.0,0.0
2026-08-31 11:25:00+05:30,57272.25,57292.6015625,57257.3984375,57287.44921875,0,0.0,0.0
2026-08-31 11:30:00+05:30,57289.75,57318.3984375,57281.75,57293.6484375,0,0.0,0.0
2026-08-31 11:35:00+05:30,57299.19921875,57350.55078125,57294.0,57332.69921875,0,0.0,0.0
2026-08-31 11:40:00+05:30,57332.69921875,57363.55078125,57327.6484375,57347.80078125,0,0.0,0.0
2026-08-31 11:45:00+05:30,57354.30078125,57369.3984375,57331.55078125,57354.5,0,0.0,0.0
2026-08-31 11:50:00+05:30,57358.75,57449.8984375,57341.8515625,57441.30078125,0,0.0,0.0
2026-08-31 11:55:00+05:30,57445.44921875,57477.5,57419.30078125,57422.25,0,0.0,0.0
2026-08-31 12:00:00+05:30,57427.30078125,57428.75,57384.8984375,57419.30078125,0,0.0,0.0
2026-08-31 12:05:00+05:30,57422.94921875,57422.94921875,57380.8984375,57395.94921875,0,0.0,0.0
2026-08-31 12:10:00+05:30,57402.6015625,57451.6015625,57389.1015625,57395.3515625,0,0.0,0.0
2026-08-31 12:15:00+05:30,57397.05078125,57428.44921875,57374.8515625,57419.30078125,0,0.0,0.0
2026-08-31 12:20:00+05:30,57419.3515625,57430.6015625,57386.1484375,57391.0,0,0.0,0.0
2026-08-31 12:25:00+05:30,57391.0,57400.19921875,57376.6015625,57378.0,0,0.0,0.0
2026-08-31 12:30:00+05:30,57385.44921875,57385.44921875,57338.30078125,57351.75,0,0.0,0.0
2026-08-31 12:35:00+05:30,57359.44921875,57381.55078125,57351.3984375,57377.1484375,0,0.0,0.0
2026-08-31 12:40:00+05:30,57375.0,57393.69921875,57363.19921875,57379.3515625,0,0.0,0.0
2026-08-31 12:45:00+05:30,57381.3984375,57386.94921875,57329.5,57340.3984375,0,0.0,0.0
2026-08-31 12:50:00+05:30,57340.05078125,57376.6015625,57332.94921875,57369.6484375,0,0.0,0.0
2026-08-31 12:55:00+05:30,57373.1015625,57378.44921875,57350.6484375,57363.0,0,0.0,0.0
2026-08-31 13:00:00+05:30,57364.1015625,57375.0,57340.1015625,57355.8515625,0,0.0,0.0
2026-08-31 13:05:00+05:30,57354.75,57383.5,57354.75,57361.8984375,0,0.0,0.0
2026-08-31 13:10:00+05:30,57362.0,57426.19921875,57352.25,57419.8515625,0,0.0,0.0
2026-08-31 13:15:00+05:30,57424.25,57427.1015625,57389.25,57399.05078125,0,0.0,0.0
2026-08-31 13:20:00+05:30,57402.55078125,57409.94921875,57384.30078125,57393.3515625,0,0.0,0.0
2026-08-31 13:25:00+05:30,57399.1484375,57445.05078125,57393.55078125,57423.8984375,0,0.0,0.0
2026-08-31 13:30:00+05:30,57423.44921875,57429.6484375,57397.75,57415.55078125,0,0.0,0.0
2026-08-31 13:35:00+05:30,57416.19921875,57420.3984375,57382.6015625,57406.1484375,0,0.0,0.0
2026-08-31 13:40:00+05:30,57406.30078125,57409.1484375,57361.8984375,57362.6015625,0,0.0,0.0
2026-08-31 13:45:00+05:30,57366.1484375,57401.3515625,57356.6015625,57396.6484375,0,0.0,0.0
2026-08-31 13:50:00+05:30,57398.8515625,57402.94921875,57368.94921875,57379.8984375,0,0.0,0.0
2026-08-31 13:55:00+05:30,57377.8515625,57381.55078125,57333.44921875,57338.1015625,0,0.0,0.0
2026-08-31 14:00:00+05:30,57338.69921875,57359.5,57320.6015625,57328.25,0,0.0,0.0
2026-08-31 14:05:00+05:30,57334.8515625,57376.30078125,57303.0,57333.05078125,0,0.0,0.0
2026-08-31 14:10:00+05:30,57334.69921875,57337.6015625,57301.1484375,57309.80078125,0,0.0,0.0
2026-08-31 14:15:00+05:30,57315.69921875,57346.05078125,57294.1015625,57312.8984375,0,0.0,0.0
2026-08-31 14:20:00+05:30,57312.80078125,57314.75,57231.30078125,57282.8515625,0,0.0,0.0
2026-08-31 14:25:00+05:30,57280.44921875,57301.0,57263.05078125,57275.6015625,0,0.0,0.0
2026-08-31 14:30:00+05:30,57275.6015625,57350.6484375,57272.3984375,57348.6015625,0,0.0,0.0
2026-08-31 14:35:00+05:30,57349.30078125,57385.1015625,57329.6484375,57380.1015625,0,0.0,0.0
2026-08-31 14:40:00+05:30,57376.5,57448.1015625,57376.5,57416.94921875,0,0.0,0.0
2026-08-31 14:45:00+05:30,57423.25,57546.3984375,57409.69921875,57416.1484375,0,0.0,0.0
2026-08-31 14:50:00+05:30,57417.19921875,57472.69921875,57410.3515625,57467.0,0,0.0,0.0
2026-08-31 14:55:00+05:30,57472.3984375,57484.6015625,57426.8984375,57437.6484375,0,0.0,0.0
2026-08-31 15:00:00+05:30,57437.6484375,57443.05078125,57386.6484375,57396.6015625,0,0.0,0.0
2026-08-31 15:05:00+05:30,57397.6015625,57431.1015625,57374.19921875,57411.94921875,0,0.0,0.0
2026-08-31 15:10:00+05:30,57409.25,57429.69921875,57381.3515625,57402.44921875,0,0.0,0.0
2026-08-31 15:15:00+05:30,57397.3515625,57397.3515625,57397.3515625,57397.3515625,0,0.0,0.0
2026-08-31 15:20:00+05:30,57397.3515625,57397.3515625,57397.3515625,57397.3515625,0,0.0,0.0
2026-08-31 15:25:00+05:30,57397.3515625,58024.94921875,57397.3515625,58024.94921875,0,0.0,0.0
2026-09-01 09:15:00+05:30,57560.30078125,57560.30078125,57416.6015625,57502.6015625,0,0.0,0.0
2026-09-01 09:20:00+05:30,57501.8984375,57507.05078125,57367.44921875,57371.6015625,0,0.0,0.0
2026-09-01 09:25:00+05:30,57370.19921875,57462.8984375,57345.3984375,57440.3515625,0,0.0,0.0
2026-09-01 09:30:00+05:30,57439.44921875,57471.25,57411.1484375,57454.1015625,0,0.0,0.0
2026-09-01 09:35:00+05:30,57457.25,57469.8515625,57403.3984375,57408.0,0,0.0,0.0
2026-09-01 09:40:00+05:30,57406.05078125,57411.6015625,57343.6484375,57356.0,0,0.0,0.0
2026-09-01 09:45:00+05:30,57355.55078125,57372.1484375,57321.44921875,57362.6015625,0,0.0,0.0
2026-09-01 09:50:00+05:30,57361.94921875,57385.94921875,57342.1015625,57361.1484375,0,0.0,0.0
2026-09-01 09:55:00+05:30,57363.0,57375.75,57348.6484375,57359.1015625,0,0.0,0.0
2026-09-01 10:00:00+05:30,57361.30078125,57400.75,57353.30078125,57391.8515625,0,0.0,0.0
2026-09-01 10:05:00+05:30,57394.6015625,57397.3515625,57338.75,57368.19921875,0,0.0,0.0
2026-09-01 10:10:00+05:30,57369.05078125,57418.69921875,57360.69921875,57408.1484375,0,0.0,0.0
2026-09-01 10:15:00+05:30,57410.19921875,57443.6484375,57404.05078125,57436.05078125,0,0.0,0.0
2026-09-01 10:20:00+05:30,57439.1015625,57480.69921875,57424.75,57476.55078125,0,0.0,0.0
2026-09-01 10:25:00+05:30,57479.3515625,57485.19921875,57435.1484375,57464.1015625,0,0.0,0.0
2026-09-01 10:30:00+05:30,57467.6484375,57511.80078125,57454.0,57458.05078125,0,0.0,0.0
2026-09-01 10:35:00+05:30,57459.8984375,57485.69921875,57434.94921875,57460.6015625,0,0.0,0.0
2026-09-01 10:40:00+05:30,57461.19921875,57466.75,57412.3515625,57438.3984375,0,0.0,0.0
2026-09-01 10:45:00+05:30,57439.3984375,57468.19921875,57431.05078125,57461.3515625,0,0.0,0.0
2026-09-01 10:50:00+05:30,57463.25,57536.30078125,57450.05078125,57512.6015625,0,0.0,0.0
2026-09-01 10:55:00+05:30,57513.69921875,57532.05078125,57481.3984375,57498.44921875,0,0.0,0.0
2026-09-01 11:00:00+05:30,57498.44921875,57513.5,57481.69921875,57506.80078125,0,0.0,0.0
2026-09-01 11:05:00+05:30,57509.05078125,57582.55078125,57489.05078125,57568.6015625,0,0.0,0.0
2026-09-01 11:10:00+05:30,57573.19921875,57650.8515625,57563.55078125,57648.75,0,0.0,0.0
2026-09-01 11:15:00+05:30,57652.25,57716.5,57647.44921875,57714.1484375,0,0.0,0.0
2026-09-01 11:20:00+05:30,57712.6015625,57746.75,57684.55078125,57714.25,0,0.0,0.0
2026-09-01 11:25:00+05:30,57714.8515625,57738.69921875,57699.80078125,57725.30078125,0,0.0,0.0
2026-09-01 11:30:00+05:30,57728.6484375,57765.94921875,57711.94921875,57717.5,0,0.0,0.0
2026-09-01 11:35:00+05:30,57716.1015625,57720.8984375,57642.3984375,57647.1484375,0,0.0,0.0
2026-09-01 11:40:00+05:30,57648.6484375,57671.3515625,57627.25,57651.6484375,0,0.0,0.0
2026-09-01 11:45:00+05:30,57651.5,57668.3515625,57627.25,57632.8515625,0,0.0,0.0
2026-09-01 11:50:00+05:30,57632.1484375,57653.1015625,57622.5,57643.8984375,0,0.0,0.0
2026-09-01 11:55:00+05:30,57645.80078125,57669.75,57624.94921875,57632.5,0,0.0,0.0
2026-09-01 12:00:00+05:30,57635.80078125,57638.80078125,57608.55078125,57626.8984375,0,0.0,0.0
2026-09-01 12:05:00+05:30,57630.69921875,57645.5,57620.1484375,57642.69921875,0,0.0,0.0
2026-09-01 12:10:00+05:30,57642.25,57665.3984375,57630.55078125,57635.3984375,0,0.0,0.0
2026-09-01 12:15:00+05:30,57635.8984375,57642.8515625,57608.25,57632.05078125,0,0.0,0.0
2026-09-01 12:20:00+05:30,57635.44921875,57641.19921875,57608.25,57610.19921875,0,0.0,0.0
2026-09-01 12:25:00+05:30,57608.75,57626.19921875,57593.30078125,57607.75,0,0.0,0.0
2026-09-01 12:30:00+05:30,57610.05078125,57635.3515625,57600.44921875,57616.6015625,0,0.0,0.0
2026-09-01 12:35:00+05:30,57619.6484375,57625.69921875,57601.94921875,57618.75,0,0.0,0.0
2026-09-01 12:40:00+05:30,57619.55078125,57665.55078125,57614.80078125,57658.8515625,0,0.0,0.0
2026-09-01 12:45:00+05:30,57662.0,57668.19921875,57638.55078125,57655.5,0,0.0,0.0
2026-09-01 12:50:00+05:30,57657.55078125,57659.80078125,57592.1484375,57599.25,0,0.0,0.0
2026-09-01 12:55:00+05:30,57600.6015625,57602.30078125,57572.44921875,57592.30078125,0,0.0,0.0
2026-09-01 13:00:00+05:30,57592.30078125,57597.30078125,57548.94921875,57560.25,0,0.0,0.0
2026-09-01 13:05:00+05:30,57562.3984375,57562.3984375,57535.55078125,57552.25,0,0.0,0.0
2026-09-01 13:10:00+05:30,57553.05078125,57555.5,57498.6015625,57500.3515625,0,0.0,0.0
2026-09-01 13:15:00+05:30,57501.44921875,57501.44921875,57436.30078125,57441.25,0,0.0,0.0
2026-09-01 13:20:00+05:30,57447.25,57473.3515625,57444.80078125,57459.19921875,0,0.0,0.0
2026-09-01 13:25:00+05:30,57459.19921875,57463.0,57400.05078125,57424.1484375,0,0.0,0.0
2026-09-01 13:30:00+05:30,57424.69921875,57463.44921875,57422.3984375,57440.69921875,0,0.0,0.0
2026-09-01 13:35:00+05:30,57438.55078125,57447.94921875,57371.8984375,57376.8984375,0,0.0,0.0
2026-09-01 13:40:00+05:30,57377.8984375,57380.3984375,57331.30078125,57362.6484375,0,0.0,0.0
2026-09-01 13:45:00+05:30,57361.44921875,57365.25,57305.80078125,57308.5,0,0.0,0.0
2026-09-01 13:50:00+05:30,57310.8984375,57316.25,57222.0,57252.25,0,0.0,0.0
2026-09-01 13:55:00+05:30,57252.1015625,57292.05078125,57240.3515625,57258.8984375,0,0.0,0.0
2026-09-01 14:00:00+05:30,57261.6484375,57264.69921875,57194.8984375,57211.55078125,0,0.0,0.0
2026-09-01 14:05:00+05:30,57216.1484375,57242.8515625,57150.69921875,57166.44921875,0,0.0,0.0
2026-09-01 14:10:00+05:30,57162.94921875,57195.55078125,57158.75,57178.5,0,0.0,0.0
2026-09-01 14:15:00+05:30,57178.5,57199.25,57151.69921875,57172.25,0,0.0,0.0
2026-09-01 14:20:00+05:30,57175.1015625,57192.3984375,57159.3984375,57190.0,0,0.0,0.0
2026-09-01 14:25:00+05:30,57190.69921875,57241.1484375,57173.69921875,57239.55078125,0,0.0,0.0
2026-09-01 14:30:00+05:30,57242.0,57284.3984375,57220.5,57250.69921875,0,0.0,0.0
2026-09-01 14:35:00+05:30,57251.30078125,57277.6484375,57228.44921875,57231.6484375,0,0.0,0.0
2026-09-01 14:40:00+05:30,57232.75,57262.25,57213.3984375,57232.6015625,0,0.0,0.0
2026-09-01 14:45:00+05:30,57235.69921875,57282.30078125,57209.69921875,57239.0,0,0.0,0.0
2026-09-01 14:50:00+05:30,57240.0,57272.19921875,57235.94921875,57249.05078125,0,0.0,0.0
2026-09-01 14:55:00+05:30,57251.1015625,57289.0,57247.94921875,57252.6484375,0,0.0,0.0
2026-09-01 15:00:00+05:30,57253.1015625,57269.8515625,57214.3984375,57241.30078125,0,0.0,0.0
2026-09-01 15:05:00+05:30,57241.55078125,57258.1015625,57221.75,57233.44921875,0,0.0,0.0
2026-09-01 15:10:00+05:30,57233.6015625,57287.1484375,57191.75,57261.3984375,0,0.0,0.0
2026-09-01 15:15:00+05:30,57264.1484375,57264.1484375,57264.1484375,57264.1484375,0,0.0,0.0
2026-09-01 15:20:00+05:30,57264.1484375,57264.1484375,57264.1484375,57264.1484375,0,0.0,0.0
2026-09-01 15:25:00+05:30,57264.1484375,57409.6015625,57264.1484375,57409.6015625,0,0.0,0.0
2026-09-02 09:15:00+05:30,57015.1484375,57031.44921875,56824.75,56950.69921875,0,0.0,0.0
2026-09-02 09:20:00+05:30,56951.8984375,57003.5,56918.19921875,57003.5,0,0.0,0.0
2026-09-02 09:25:00+05:30,57002.1015625,57065.6015625,56993.6015625,57010.8984375,0,0.0,0.0
2026-09-02 09:30:00+05:30,57009.8984375,57083.25,56972.6484375,57081.6015625,0,0.0,0.0
2026-09-02 09:35:00+05:30,57083.3515625,57095.3984375,57040.69921875,57053.3984375,0,0.0,0.0
2026-09-02 09:40:00+05:30,57053.3984375,57109.69921875,57050.5,57082.8984375,0,0.0,0.0
2026-09-02 09:45:00+05:30,57085.19921875,57086.19921875,57001.80078125,57041.8515625,0,0.0,0.0
2026-09-02 09:50:00+05:30,57039.80078125,57070.0,57021.6015625,57038.5,0,0.0,0.0
2026-09-02 09:55:00+05:30,57037.8984375,57096.30078125,57019.19921875,57066.8984375,0,0.0,0.0
2026-09-02 10:00:00+05:30,57065.6015625,57127.1484375,57051.44921875,57090.3984375,0,0.0,0.0
2026-09-02 10:05:00+05:30,57091.1015625,57122.1484375,57057.3515625,57065.75,0,0.0,0.0
2026-09-02 10:10:00+05:30,57064.8515625,57117.44921875,57054.94921875,57089.30078125,0,0.0,0.0
2026-09-02 10:15:00+05:30,57088.30078125,57150.8984375,57073.3515625,57131.25,0,0.0,0.0
2026-09-02 10:20:00+05:30,57134.1484375,57219.94921875,57130.75,57176.30078125,0,0.0,0.0
2026-09-02 10:25:00+05:30,57179.3515625,57202.05078125,57156.0,57185.3984375,0,0.0,0.0
2026-09-02 10:30:00+05:30,57187.5,57211.1484375,57157.94921875,57164.3984375,0,0.0,0.0
2026-09-02 10:35:00+05:30,57163.6484375,57174.8984375,57149.75,57157.8515625,0,0.0,0.0
2026-09-02 10:40:00+05:30,57154.75,57195.25,57136.69921875,57141.05078125,0,0.0,0.0
2026-09-02 10:45:00+05:30,57144.3515625,57171.05078125,57128.94921875,57165.44921875,0,0.0,0.0
2026-09-02 10:50:00+05:30,57161.5,57169.55078125,57099.0,57128.8515625,0,0.0,0.0
2026-09-02 10:55:00+05:30,57128.25,57145.5,57106.8984375,57127.75,0,0.0,0.0
2026-09-02 11:00:00+05:30,57126.80078125,57133.6484375,57047.75,57050.5,0,0.0,0.0
2026-09-02 11:05:00+05:30,57048.8515625,57051.1484375,57012.30078125,57030.05078125,0,0.0,0.0
2026-09-02 11:10:00+05:30,57029.69921875,57053.8984375,57022.6484375,57032.0,0,0.0,0.0
2026-09-02 11:15:00+05:30,57031.8984375,57040.1015625,57005.5,57031.75,0,0.0,0.0
2026-09-02 11:20:00+05:30,57031.75,57043.19921875,57008.3984375,57015.55078125,0,0.0,0.0
2026-09-02 11:25:00+05:30,57014.19921875,57026.3515625,56983.44921875,56992.1015625,0,0.0,0.0
2026-09-02 11:30:00+05:30,56988.44921875,56992.3984375,56952.55078125,56968.3515625,0,0.0,0.0
2026-09-02 11:35:00+05:30,56967.80078125,56984.8984375,56946.6015625,56978.80078125,0,0.0,0.0
2026-09-02 11:40:00+05:30,56978.19921875,56989.3515625,56949.05078125,56967.30078125,0,0.0,0.0
2026-09-02 11:45:00+05:30,56969.25,56972.30078125,56938.44921875,56941.25,0,0.0,0.0
2026-09-02 11:50:00+05:30,56947.1484375,57029.1484375,56940.05078125,57020.75,0,0.0,0.0
2026-09-02 11:55:00+05:30,57021.1484375,57045.75,56996.1015625,57010.69921875,0,0.0,0.0
2026-09-02 12:00:00+05:30,57014.30078125,57043.94921875,56972.25,56980.3984375,0,0.0,0.0
2026-09-02 12:05:00+05:30,56981.75,57002.1015625,56975.69921875,56988.8515625,0,0.0,0.0
2026-09-02 12:10:00+05:30,56989.80078125,57082.8984375,56983.25,57080.1015625,0,0.0,0.0
2026-09-02 12:15:00+05:30,57080.3515625,57098.55078125,57029.69921875,57038.1484375,0,0.0,0.0
2026-09-02 12:20:00+05:30,57038.69921875,57038.69921875,56984.05078125,56997.25,0,0.0,0.0
2026-09-02 12:25:00+05:30,56994.8515625,57039.30078125,56993.1015625,57033.44921875,0,0.0,0.0
2026-09-02 12:30:00+05:30,57033.44921875,57083.05078125,57017.05078125,57061.3515625,0,0.0,0.0
2026-09-02 12:35:00+05:30,57061.3515625,57089.5,57056.94921875,57070.8515625,0,0.0,0.0
2026-09-02 12:40:00+05:30,57072.1484375,57149.30078125,57059.3984375,57121.6484375,0,0.0,0.0
2026-09-02 12:45:00+05:30,57125.44921875,57126.75,57081.8515625,57111.5,0,0.0,0.0
2026-09-02 12:50:00+05:30,57113.0,57122.55078125,57095.5,57117.3515625,0,0.0,0.0
2026-09-02 12:55:00+05:30,57120.1484375,57121.1015625,57085.19921875,57107.55078125,0,0.0,0.0
2026-09-02 13:00:00+05:30,57107.55078125,57127.1015625,57100.25,57102.3515625,0,0.0,0.0
2026-09-02 13:05:00+05:30,57105.3984375,57105.3984375,57056.69921875,57060.19921875,0,0.0,0.0
2026-09-02 13:10:00+05:30,57061.75,57101.0,57056.05078125,57093.8984375,0,0.0,0.0
2026-09-02 13:15:00+05:30,57095.3984375,57095.94921875,57059.8515625,57075.80078125,0,0.0,0.0
2026-09-02 13:20:00+05:30,57075.80078125,57084.6484375,57055.30078125,57073.8984375,0,0.0,0.0
2026-09-02 13:25:00+05:30,57075.1484375,57092.55078125,57063.25,57070.1484375,0,0.0,0.0
2026-09-02 13:30:00+05:30,57072.6484375,57075.1015625,57048.8515625,57065.1484375,0,0.0,0.0
2026-09-02 13:35:00+05:30,57065.80078125,57089.19921875,57016.1484375,57020.75,0,0.0,0.0
2026-09-02 13:40:00+05:30,57021.8984375,57051.6484375,57013.80078125,57035.75,0,0.0,0.0
2026-09-02 13:45:00+05:30,57039.5,57070.8515625,57032.80078125,57043.19921875,0,0.0,0.0
2026-09-02 13:50:00+05:30,57044.44921875,57063.8984375,57022.25,57054.94921875,0,0.0,0.0
2026-09-02 13:55:00+05:30,57056.1015625,57080.5,57044.6484375,57078.0,0,0.0,0.0
2026-09-02 14:00:00+05:30,57078.25,57129.5,57077.3984375,57095.3515625,0,0.0,0.0
2026-09-02 14:05:00+05:30,57095.30078125,57162.44921875,57083.30078125,57144.6015625,0,0.0,0.0
2026-09-02 14:10:00+05:30,57143.3515625,57153.25,57115.05078125,57129.05078125,0,0.0,0.0
2026-09-02 14:15:00+05:30,57131.1484375,57141.1484375,57107.55078125,57117.30078125,0,0.0,0.0
2026-09-02 14:20:00+05:30,57116.0,57121.19921875,57068.25,57072.8515625,0,0.0,0.0
2026-09-02 14:25:00+05:30,57074.3515625,57094.8984375,57059.8515625,57092.19921875,0,0.0,0.0
2026-09-02 14:30:00+05:30,57091.80078125,57136.05078125,57086.05078125,57123.19921875,0,0.0,0.0
2026-09-02 14:35:00+05:30,57123.6484375,57138.1484375,57096.05078125,57126.1484375,0,0.0,0.0
2026-09-02 14:40:00+05:30,57126.55078125,57140.3984375,57074.6015625,57086.6484375,0,0.0,0.0
2026-09-02 14:45:00+05:30,57086.8515625,57137.94921875,57076.8984375,57118.44921875,0,0.0,0.0
2026-09-02 14:50:00+05:30,57119.8984375,57120.0,57071.1015625,57072.5,0,0.0,0.0
2026-09-02 14:55:00+05:30,57079.30078125,57084.44921875,57026.69921875,57049.6015625,0,0.0,0.0
2026-09-02 15:00:00+05:30,57050.25,57051.94921875,57026.44921875,57038.75,0,0.0,0.0
2026-09-02 15:05:00+05:30,57037.8515625,57072.6015625,57023.94921875,57070.05078125,0,0.0,0.0
2026-09-02 15:10:00+05:30,57075.25,57111.6015625,57063.55078125,57087.3984375,0,0.0,0.0
2026-09-02 15:15:00+05:30,57087.3984375,57087.3984375,57087.3984375,57087.3984375,0,0.0,0.0
2026-09-02 15:20:00+05:30,57087.3984375,57087.3984375,57087.3984375,57087.3984375,0,0.0,0.0
2026-09-02 15:25:00+05:30,57087.3984375,57172.0,57087.3984375,57172.0,0,0.0,0.0
2026-09-03 09:15:00+05:30,57530.30078125,57660.75,57472.1015625,57577.1484375,0,0.0,0.0
2026-09-03 09:20:00+05:30,57581.75,57631.69921875,57546.80078125,57610.94921875,0,0.0,0.0
2026-09-03 09:25:00+05:30,57612.5,57625.75,57552.1484375,57570.94921875,0,0.0,0.0
2026-09-03 09:30:00+05:30,57571.25,57673.6015625,57567.8515625,57656.80078125,0,0.0,0.0
2026-09-03 09:35:00+05:30,57652.6484375,57687.3515625,57624.1484375,57675.6015625,0,0.0,0.0
2026-09-03 09:40:00+05:30,57676.3984375,57741.3984375,57669.69921875,57713.3515625,0,0.0,0.0
2026-09-03 09:45:00+05:30,57715.8515625,57752.44921875,57701.05078125,57703.55078125,0,0.0,0.0
2026-09-03 09:50:00+05:30,57705.94921875,57726.69921875,57670.44921875,57675.3515625,0,0.0,0.0
2026-09-03 09:55:00+05:30,57674.30078125,57694.05078125,57644.3984375,57690.69921875,0,0.0,0.0
2026-09-03 10:00:00+05:30,57690.69921875,57717.1015625,57681.44921875,57714.8984375,0,0.0,0.0
2026-09-03 10:05:00+05:30,57716.30078125,57717.75,57659.94921875,57678.69921875,0,0.0,0.0
2026-09-03 10:10:00+05:30,57681.1015625,57704.8984375,57650.0,57654.80078125,0,0.0,0.0
2026-09-03 10:15:00+05:30,57657.94921875,57698.25,57647.30078125,57689.1484375,0,0.0,0.0
2026-09-03 10:20:00+05:30,57688.55078125,57740.0,57681.1484375,57738.6484375,0,0.0,0.0
2026-09-03 10:25:00+05:30,57738.5,57739.0,57656.05078125,57661.44921875,0,0.0,0.0
2026-09-03 10:30:00+05:30,57664.94921875,57669.80078125,57601.8515625,57604.69921875,0,0.0,0.0
2026-09-03 10:35:00+05:30,57610.25,57616.25,57556.3984375,57591.05078125,0,0.0,0.0
2026-09-03 10:40:00+05:30,57592.25,57602.05078125,57553.05078125,57592.44921875,0,0.0,0.0
2026-09-03 10:45:00+05:30,57595.8984375,57596.30078125,57566.1015625,57571.44921875,0,0.0,0.0
2026-09-03 10:50:00+05:30,57570.6484375,57584.6484375,57553.75,57569.19921875,0,0.0,0.0
2026-09-03 10:55:00+05:30,57573.44921875,57612.75,57568.19921875,57593.8515625,0,0.0,0.0
2026-09-03 11:00:00+05:30,57596.0,57611.3984375,57577.5,57579.8984375,0,0.0,0.0
2026-09-03 11:05:00+05:30,57582.69921875,57589.25,57488.55078125,57492.5,0,0.0,0.0
2026-09-03 11:10:00+05:30,57490.8984375,57547.05078125,57490.8984375,57527.6484375,0,0.0,0.0
2026-09-03 11:15:00+05:30,57525.3515625,57567.0,57488.6484375,57567.0,0,0.0,0.0
2026-09-03 11:20:00+05:30,57567.0,57597.80078125,57557.25,57569.8984375,0,0.0,0.0
2026-09-03 11:25:00+05:30,57572.6484375,57604.1484375,57557.3515625,57596.6015625,0,0.0,0.0
2026-09-03 11:30:00+05:30,57604.19921875,57624.80078125,57591.6484375,57620.0,0,0.0,0.0
2026-09-03 11:35:00+05:30,57620.30078125,57642.80078125,57600.0,57616.3515625,0,0.0,0.0
2026-09-03 11:40:00+05:30,57616.3515625,57629.8515625,57586.8984375,57594.55078125,0,0.0,0.0
2026-09-03 11:45:00+05:30,57599.80078125,57637.5,57576.8984375,57614.44921875,0,0.0,0.0
2026-09-03 11:50:00+05:30,57617.75,57641.05078125,57589.0,57614.55078125,0,0.0,0.0
2026-09-03 11:55:00+05:30,57612.55078125,57629.8515625,57592.44921875,57610.05078125,0,0.0,0.0
2026-09-03 12:00:00+05:30,57610.05078125,57616.0,57553.69921875,57559.8984375,0,0.0,0.0
2026-09-03 12:05:00+05:30,57559.05078125,57587.80078125,57559.05078125,57563.3515625,0,0.0,0.0
2026-09-03 12:10:00+05:30,57568.8515625,57610.25,57563.3984375,57597.25,0,0.0,0.0
2026-09-03 12:15:00+05:30,57600.44921875,57604.0,57560.05078125,57567.19921875,0,0.0,0.0
2026-09-03 12:20:00+05:30,57571.19921875,57580.05078125,57526.5,57532.05078125,0,0.0,0.0
2026-09-03 12:25:00+05:30,57527.05078125,57553.6015625,57523.1015625,57536.8984375,0,0.0,0.0
2026-09-03 12:30:00+05:30,57534.3984375,57556.8515625,57523.05078125,57530.0,0,0.0,0.0
2026-09-03 12:35:00+05:30,57533.80078125,57542.6015625,57504.25,57533.94921875,0,0.0,0.0
2026-09-03 12:40:00+05:30,57541.05078125,57549.69921875,57514.19921875,57529.3515625,0,0.0,0.0
2026-09-03 12:45:00+05:30,57534.1015625,57554.44921875,57527.1015625,57539.19921875,0,0.0,0.0
2026-09-03 12:50:00+05:30,57539.19921875,57571.1484375,57535.8984375,57554.44921875,0,0.0,0.0
2026-09-03 12:55:00+05:30,57556.8515625,57562.69921875,57506.8984375,57511.19921875,0,0.0,0.0
2026-09-03 13:00:00+05:30,57517.3984375,57528.3515625,57503.0,57514.3984375,0,0.0,0.0
2026-09-03 13:05:00+05:30,57513.8984375,57529.3515625,57505.94921875,57528.19921875,0,0.0,0.0
2026-09-03 13:10:00+05:30,57525.55078125,57554.0,57514.6484375,57551.05078125,0,0.0,0.0
2026-09-03 13:15:00+05:30,57549.80078125,57578.5,57544.55078125,57548.05078125,0,0.0,0.0
2026-09-03 13:20:00+05:30,57548.5,57553.75,57509.44921875,57512.1484375,0,0.0,0.0
2026-09-03 13:25:00+05:30,57515.3515625,57542.55078125,57472.5,57517.25,0,0.0,0.0
2026-09-03 13:30:00+05:30,57521.0,57613.05078125,57514.6015625,57585.94921875,0,0.0,0.0
2026-09-03 13:35:00+05:30,57585.94921875,57599.8984375,57536.6484375,57550.19921875,0,0.0,0.0
2026-09-03 13:40:00+05:30,57551.94921875,57572.30078125,57539.19921875,57565.3984375,0,0.0,0.0
2026-09-03 13:45:00+05:30,57565.8515625,57572.94921875,57538.3984375,57567.05078125,0,0.0,0.0
2026-09-03 13:50:00+05:30,57568.8984375,57582.94921875,57539.30078125,57564.55078125,0,0.0,0.0
2026-09-03 13:55:00+05:30,57567.3984375,57611.80078125,57535.94921875,57583.25,0,0.0,0.0
2026-09-03 14:00:00+05:30,57583.25,57601.1484375,57538.6484375,57551.25,0,0.0,0.0
2026-09-03 14:05:00+05:30,57551.25,57561.3984375,57517.19921875,57531.1484375,0,0.0,0.0
2026-09-03 14:10:00+05:30,57531.1484375,57536.5,57496.19921875,57508.25,0,0.0,0.0
2026-09-03 14:15:00+05:30,57509.69921875,57520.25,57487.44921875,57511.8984375,0,0.0,0.0
2026-09-03 14:20:00+05:30,57512.25,57532.80078125,57489.8984375,57506.8515625,0,0.0,0.0
2026-09-03 14:25:00+05:30,57508.69921875,57566.8984375,57495.80078125,57547.1015625,0,0.0,0.0
2026-09-03 14:30:00+05:30,57552.0,57554.80078125,57523.55078125,57551.75,0,0.0,0.0
2026-09-03 14:35:00+05:30,57557.44921875,57557.44921875,57526.6484375,57530.8984375,0,0.0,0.0
2026-09-03 14:40:00+05:30,57533.6015625,57549.30078125,57512.44921875,57535.5,0,0.0,0.0
2026-09-03 14:45:00+05:30,57539.3984375,57553.55078125,57506.0,57540.55078125,0,0.0,0.0
2026-09-03 14:50:00+05:30,57538.55078125,57547.69921875,57500.94921875,57507.75,0,0.0,0.0
2026-09-03 14:55:00+05:30,57507.19921875,57511.1484375,57464.75,57472.3515625,0,0.0,0.0
2026-09-03 15:00:00+05:30,57471.05078125,57471.05078125,57429.0,57458.55078125,0,0.0,0.0
2026-09-03 15:05:00+05:30,57459.3984375,57460.94921875,57397.25,57418.69921875,0,0.0,0.0
2026-09-03 15:10:00+05:30,57416.5,57470.55078125,57405.44921875,57427.3984375,0,0.0,0.0
2026-09-03 15:15:00+05:30,57433.6484375,57433.6484375,57433.6484375,57433.6484375,0,0.0,0.0
2026-09-03 15:20:00+05:30,57433.6484375,57433.6484375,57433.6484375,57433.6484375,0,0.0,0.0
2026-09-03 15:25:00+05:30,57433.6484375,57433.6484375,57380.6015625,57380.6015625,0,0.0,0.0
2026-09-04 09:15:00+05:30,57492.6484375,57541.6484375,57368.6484375,57427.19921875,0,0.0,0.0
2026-09-04 09:20:00+05:30,57426.05078125,57431.3515625,57369.6484375,57419.8515625,0,0.0,0.0
2026-09-04 09:25:00+05:30,57426.1484375,57435.19921875,57325.44921875,57350.8984375,0,0.0,0.0
2026-09-04 09:30:00+05:30,57355.25,57443.19921875,57347.80078125,57392.05078125,0,0.0,0.0
2026-09-04 09:35:00+05:30,57393.6484375,57399.44921875,57376.30078125,57398.1484375,0,0.0,0.0
2026-09-04 09:40:00+05:30,57394.6484375,57409.1015625,57355.1015625,57374.69921875,0,0.0,0.0
2026-09-04 09:45:00+05:30,57375.3984375,57418.0,57365.3984375,57374.19921875,0,0.0,0.0
2026-09-04 09:50:00+05:30,57374.94921875,57406.69921875,57367.80078125,57382.44921875,0,0.0,0.0
2026-09-04 09:55:00+05:30,57385.05078125,57425.25,57381.3984375,57406.8984375,0,0.0,0.0
2026-09-04 10:00:00+05:30,57410.1484375,57458.94921875,57405.69921875,57438.69921875,0,0.0,0.0
2026-09-04 10:05:00+05:30,57437.3984375,57446.1015625,57420.1484375,57427.3515625,0,0.0,0.0
2026-09-04 10:10:00+05:30,57427.25,57434.69921875,57394.6015625,57410.5,0,0.0,0.0
2026-09-04 10:15:00+05:30,57410.8515625,57421.44921875,57382.1484375,57410.1484375,0,0.0,0.0
2026-09-04 10:20:00+05:30,57407.6484375,57454.8515625,57405.5,57445.8984375,0,0.0,0.0
2026-09-04 10:25:00+05:30,57449.30078125,57464.75,57440.05078125,57458.3984375,0,0.0,0.0
2026-09-04 10:30:00+05:30,57457.94921875,57495.80078125,57447.75,57453.80078125,0,0.0,0.0
2026-09-04 10:35:00+05:30,57453.80078125,57492.69921875,57446.0,57474.69921875,0,0.0,0.0
2026-09-04 10:40:00+05:30,57473.1015625,57493.3515625,57463.8984375,57467.69921875,0,0.0,0.0
2026-09-04 10:45:00+05:30,57474.94921875,57489.3984375,57461.6015625,57488.0,0,0.0,0.0
2026-09-04 10:50:00+05:30,57490.94921875,57495.0,57474.8984375,57482.25,0,0.0,0.0
2026-09-04 10:55:00+05:30,57483.94921875,57494.3515625,57463.3515625,57476.1484375,0,0.0,0.0
2026-09-04 11:00:00+05:30,57476.1484375,57497.6484375,57465.6484375,57488.1015625,0,0.0,0.0
2026-09-04 11:05:00+05:30,57492.1015625,57557.19921875,57482.3515625,57542.1484375,0,0.0,0.0
2026-09-04 11:10:00+05:30,57549.5,57571.5,57524.19921875,57535.80078125,0,0.0,0.0
2026-09-04 11:15:00+05:30,57539.55078125,57577.1015625,57523.94921875,57577.1015625,0,0.0,0.0
2026-09-04 11:20:00+05:30,57575.75,57616.8984375,57560.8984375,57596.55078125,0,0.0,0.0
2026-09-04 11:25:00+05:30,57596.94921875,57629.80078125,57582.6015625,57584.1484375,0,0.0,0.0
2026-09-04 11:30:00+05:30,57588.75,57611.6015625,57577.80078125,57590.5,0,0.0,0.0
2026-09-04 11:35:00+05:30,57593.1484375,57675.94921875,57578.19921875,57656.3515625,0,0.0,0.0
2026-09-04 11:40:00+05:30,57660.19921875,57661.94921875,57559.55078125,57561.6484375,0,0.0,0.0
2026-09-04 11:45:00+05:30,57561.8984375,57593.69921875,57553.25,57581.25,0,0.0,0.0
2026-09-04 11:50:00+05:30,57579.94921875,57616.8515625,57579.94921875,57602.05078125,0,0.0,0.0
2026-09-04 11:55:00+05:30,57605.1015625,57615.25,57587.0,57598.05078125,0,0.0,0.0
2026-09-04 12:00:00+05:30,57600.5,57603.30078125,57545.3515625,57552.5,0,0.0,0.0
2026-09-04 12:05:00+05:30,57551.75,57580.80078125,57541.3515625,57574.94921875,0,0.0,0.0
2026-09-04 12:10:00+05:30,57574.94921875,57581.6015625,57542.05078125,57557.6015625,0,0.0,0.0
2026-09-04 12:15:00+05:30,57555.3515625,57573.3984375,57534.1484375,57559.94921875,0,0.0,0.0
2026-09-04 12:20:00+05:30,57560.44921875,57567.6015625,57529.55078125,57550.8984375,0,0.0,0.0
2026-09-04 12:25:00+05:30,57550.1015625,57577.0,57541.3984375,57575.19921875,0,0.0,0.0
2026-09-04 12:30:00+05:30,57576.25,57582.8515625,57556.75,57565.05078125,0,0.0,0.0
2026-09-04 12:35:00+05:30,57565.05078125,57574.69921875,57543.0,57547.6015625,0,0.0,0.0
2026-09-04 12:40:00+05:30,57547.6015625,57557.05078125,57536.30078125,57549.8984375,0,0.0,0.0
2026-09-04 12:45:00+05:30,57551.19921875,57554.1484375,57527.5,57550.05078125,0,0.0,0.0
2026-09-04 12:50:00+05:30,57551.8515625,57556.30078125,57537.3515625,57553.05078125,0,0.0,0.0
2026-09-04 12:55:00+05:30,57552.69921875,57554.6484375,57514.3515625,57551.0,0,0.0,0.0
2026-09-04 13:00:00+05:30,57552.55078125,57578.3515625,57538.8515625,57548.19921875,0,0.0,0.0
2026-09-04 13:05:00+05:30,57550.25,57582.0,57547.25,57575.8515625,0,0.0,0.0
2026-09-04 13:10:00+05:30,57576.69921875,57594.44921875,57571.44921875,57580.5,0,0.0,0.0
2026-09-04 13:15:00+05:30,57580.55078125,57630.0,57575.44921875,57619.55078125,0,0.0,0.0
2026-09-04 13:20:00+05:30,57621.55078125,57639.75,57614.6015625,57621.69921875,0,0.0,0.0
2026-09-04 13:25:00+05:30,57625.19921875,57627.94921875,57573.6484375,57586.44921875,0,0.0,0.0
2026-09-04 13:30:00+05:30,57586.55078125,57599.94921875,57572.3984375,57578.30078125,0,0.0,0.0
2026-09-04 13:35:00+05:30,57581.75,57610.05078125,57576.6015625,57605.3984375,0,0.0,0.0
2026-09-04 13:40:00+05:30,57608.25,57609.1015625,57576.69921875,57583.25,0,0.0,0.0
2026-09-04 13:45:00+05:30,57583.3515625,57586.94921875,57572.80078125,57578.8984375,0,0.0,0.0
2026-09-04 13:50:00+05:30,57583.1015625,57586.8515625,57533.75,57542.1015625,0,0.0,0.0
2026-09-04 13:55:00+05:30,57541.3984375,57559.75,57537.05078125,57542.6015625,0,0.0,0.0
2026-09-04 14:00:00+05:30,57544.44921875,57548.30078125,57526.6484375,57530.6015625,0,0.0,0.0
2026-09-04 14:05:00+05:30,57534.3984375,57556.55078125,57532.5,57534.75,0,0.0,0.0
2026-09-04 14:10:00+05:30,57539.75,57556.8515625,57533.44921875,57548.75,0,0.0,0.0
2026-09-04 14:15:00+05:30,57546.1015625,57549.1484375,57503.80078125,57515.1015625,0,0.0,0.0
2026-09-04 14:20:00+05:30,57516.1484375,57544.1484375,57512.3984375,57531.8984375,0,0.0,0.0
2026-09-04 14:25:00+05:30,57535.5,57567.8984375,57528.3515625,57559.8515625,0,0.0,0.0
2026-09-04 14:30:00+05:30,57563.1484375,57581.6015625,57555.30078125,57564.8984375,0,0.0,0.0
2026-09-04 14:35:00+05:30,57564.6015625,57565.6484375,57526.75,57531.8515625,0,0.0,0.0
2026-09-04 14:40:00+05:30,57531.8515625,57542.5,57504.19921875,57509.1484375,0,0.0,0.0
2026-09-04 14:45:00+05:30,57506.1015625,57523.55078125,57502.94921875,57514.1484375,0,0.0,0.0
2026-09-04 14:50:00+05:30,57512.5,57523.6015625,57494.25,57501.05078125,0,0.0,0.0
2026-09-04 14:55:00+05:30,57503.19921875,57503.19921875,57469.30078125,57469.6015625,0,0.0,0.0
2026-09-04 15:00:00+05:30,57472.0,57484.19921875,57439.1484375,57444.30078125,0,0.0,0.0
2026-09-04 15:05:00+05:30,57446.6015625,57472.5,57428.8984375,57456.1015625,0,0.0,0.0
2026-09-04 15:10:00+05:30,57455.1484375,57475.80078125,57411.05078125,57437.3515625,0,0.0,0.0
2026-09-04 15:15:00+05:30,57440.6015625,57440.6015625,57440.6015625,57440.6015625,0,0.0,0.0
2026-09-04 15:20:00+05:30,57440.6015625,57440.6015625,57440.6015625,57440.6015625,0,0.0,0.0
2026-09-04 15:25:00+05:30,57440.6015625,57440.6015625,57369.6484375,57369.6484375,0,0.0,0.0
2026-09-07 09:15:00+05:30,57343.3515625,57426.25,57151.6484375,57221.55078125,0,0.0,0.0
2026-09-07 09:20:00+05:30,57221.80078125,57250.8515625,57181.94921875,57202.05078125,0,0.0,0.0
2026-09-07 09:25:00+05:30,57201.1484375,57208.6484375,57118.1015625,57118.1015625,0,0.0,0.0
2026-09-07 09:30:00+05:30,57121.6015625,57184.0,57119.1015625,57180.1484375,0,0.0,0.0
2026-09-07 09:35:00+05:30,57182.30078125,57218.55078125,57167.94921875,57190.3984375,0,0.0,0.0
2026-09-07 09:40:00+05:30,57192.30078125,57219.19921875,57169.44921875,57178.94921875,0,0.0,0.0
2026-09-07 09:45:00+05:30,57181.8515625,57210.44921875,57144.6484375,57172.55078125,0,0.0,0.0
2026-09-07 09:50:00+05:30,57173.25,57191.75,57153.05078125,57153.05078125,0,0.0,0.0
2026-09-07 09:55:00+05:30,57160.19921875,57187.19921875,57135.3515625,57139.55078125,0,0.0,0.0
2026-09-07 10:00:00+05:30,57135.80078125,57193.0,57134.19921875,57152.3515625,0,0.0,0.0
2026-09-07 10:05:00+05:30,57155.69921875,57157.1484375,57127.94921875,57138.6015625,0,0.0,0.0
2026-09-07 10:10:00+05:30,57139.80078125,57144.6484375,57098.80078125,57098.80078125,0,0.0,0.0
2026-09-07 10:15:00+05:30,57098.80078125,57113.8515625,57063.3984375,57099.3515625,0,0.0,0.0
2026-09-07 10:20:00+05:30,57098.3515625,57107.69921875,57078.19921875,57089.30078125,0,0.0,0.0
2026-09-07 10:25:00+05:30,57085.44921875,57091.0,57054.75,57062.19921875,0,0.0,0.0
2026-09-07 10:30:00+05:30,57063.80078125,57089.30078125,57050.30078125,57083.25,0,0.0,0.0
2026-09-07 10:35:00+05:30,57084.1015625,57116.6484375,57077.69921875,57089.25,0,0.0,0.0
2026-09-07 10:40:00+05:30,57089.25,57099.25,57058.19921875,57069.5,0,0.0,0.0
2026-09-07 10:45:00+05:30,57067.44921875,57076.30078125,57046.3515625,57058.8984375,0,0.0,0.0
2026-09-07 10:50:00+05:30,57062.6015625,57091.69921875,57056.80078125,57074.94921875,0,0.0,0.0
2026-09-07 10:55:00+05:30,57074.1015625,57087.6484375,57061.19921875,57073.25,0,0.0,0.0
2026-09-07 11:00:00+05:30,57072.6015625,57084.3984375,57057.8515625,57060.3515625,0,0.0,0.0
2026-09-07 11:05:00+05:30,57057.1015625,57068.1484375,57037.1015625,57050.55078125,0,0.0,0.0
2026-09-07 11:10:00+05:30,57049.1484375,57063.1484375,57020.80078125,57045.6015625,0,0.0,0.0
2026-09-07 11:15:00+05:30,57046.69921875,57065.3984375,57029.25,57057.8515625,0,0.0,0.0
2026-09-07 11:20:00+05:30,57057.8515625,57096.55078125,57050.3984375,57080.55078125,0,0.0,0.0
2026-09-07 11:25:00+05:30,57082.1015625,57098.55078125,57067.1015625,57075.0,0,0.0,0.0
2026-09-07 11:30:00+05:30,57075.1015625,57088.1015625,57060.30078125,57074.75,0,0.0,0.0
2026-09-07 11:35:00+05:30,57077.6484375,57084.8515625,57060.25,57071.0,0,0.0,0.0
2026-09-07 11:40:00+05:30,57071.6484375,57086.69921875,57060.25,57080.69921875,0,0.0,0.0
2026-09-07 11:45:00+05:30,57081.55078125,57097.6484375,57063.19921875,57075.0,0,0.0,0.0
2026-09-07 11:50:00+05:30,57080.6484375,57115.80078125,57065.3515625,57102.8984375,0,0.0,0.0
2026-09-07 11:55:00+05:30,57104.05078125,57113.94921875,57077.19921875,57088.94921875,0,0.0,0.0
2026-09-07 12:00:00+05:30,57085.75,57092.25,57063.0,57071.19921875,0,0.0,0.0
2026-09-07 12:05:00+05:30,57071.19921875,57103.44921875,57051.55078125,57096.8984375,0,0.0,0.0
2026-09-07 12:10:00+05:30,57094.69921875,57111.3515625,57080.1484375,57106.69921875,0,0.0,0.0
2026-09-07 12:15:00+05:30,57104.1484375,57117.8515625,57059.30078125,57068.3984375,0,0.0,0.0
2026-09-07 12:20:00+05:30,57067.8984375,57072.1484375,57039.8515625,57047.0,0,0.0,0.0
2026-09-07 12:25:00+05:30,57045.75,57059.0,57035.19921875,57042.5,0,0.0,0.0
2026-09-07 12:30:00+05:30,57039.30078125,57078.80078125,57017.25,57065.3984375,0,0.0,0.0
2026-09-07 12:35:00+05:30,57065.30078125,57077.80078125,57023.94921875,57065.0,0,0.0,0.0
2026-09-07 12:40:00+05:30,57066.44921875,57079.3515625,57050.8984375,57059.44921875,0,0.0,0.0
2026-09-07 12:45:00+05:30,57055.69921875,57060.25,57023.80078125,57038.94921875,0,0.0,0.0
2026-09-07 12:50:00+05:30,57039.94921875,57043.3984375,57002.94921875,57023.30078125,0,0.0,0.0
2026-09-07 12:55:00+05:30,57018.0,57063.8515625,57009.25,57058.6015625,0,0.0,0.0
2026-09-07 13:00:00+05:30,57058.8984375,57064.55078125,57043.6484375,57051.3515625,0,0.0,0.0
2026-09-07 13:05:00+05:30,57053.6015625,57070.6015625,57044.30078125,57051.0,0,0.0,0.0
2026-09-07 13:10:00+05:30,57051.0,57060.3515625,57037.5,57042.0,0,0.0,0.0
2026-09-07 13:15:00+05:30,57043.1015625,57054.3515625,57032.8515625,57054.3515625,0,0.0,0.0
2026-09-07 13:20:00+05:30,57054.44921875,57070.55078125,57044.8515625,57056.75,0,0.0,0.0
2026-09-07 13:25:00+05:30,57059.6015625,57081.8984375,57051.6484375,57064.69921875,0,0.0,0.0
2026-09-07 13:30:00+05:30,57067.5,57072.30078125,57049.19921875,57061.6484375,0,0.0,0.0
2026-09-07 13:35:00+05:30,57060.25,57103.0,57048.44921875,57081.5,0,0.0,0.0
2026-09-07 13:40:00+05:30,57081.94921875,57089.55078125,57068.75,57078.6015625,0,0.0,0.0
2026-09-07 13:45:00+05:30,57079.1484375,57105.94921875,57071.0,57089.0,0,0.0,0.0
2026-09-07 13:50:00+05:30,57091.25,57125.8984375,57082.44921875,57113.75,0,0.0,0.0
2026-09-07 13:55:00+05:30,57114.6015625,57122.69921875,57099.69921875,57101.6484375,0,0.0,0.0
2026-09-07 14:00:00+05:30,57103.69921875,57133.94921875,57101.30078125,57126.69921875,0,0.0,0.0
2026-09-07 14:05:00+05:30,57124.05078125,57129.3515625,57078.3515625,57087.30078125,0,0.0,0.0
2026-09-07 14:10:00+05:30,57087.94921875,57108.6015625,57086.6484375,57098.55078125,0,0.0,0.0
2026-09-07 14:15:00+05:30,57099.1484375,57113.44921875,57092.25,57106.3984375,0,0.0,0.0
2026-09-07 14:20:00+05:30,57109.69921875,57136.19921875,57107.1015625,57130.69921875,0,0.0,0.0
2026-09-07 14:25:00+05:30,57129.44921875,57176.44921875,57124.75,57171.3984375,0,0.0,0.0
2026-09-07 14:30:00+05:30,57171.1015625,57184.94921875,57134.05078125,57136.0,0,0.0,0.0
2026-09-07 14:35:00+05:30,57139.6015625,57154.75,57087.5,57092.5,0,0.0,0.0
2026-09-07 14:40:00+05:30,57092.19921875,57101.6015625,57065.8515625,57073.30078125,0,0.0,0.0
2026-09-07 14:45:00+05:30,57073.30078125,57076.5,57051.44921875,57067.25,0,0.0,0.0
2026-09-07 14:50:00+05:30,57067.55078125,57100.19921875,57045.5,57051.3515625,0,0.0,0.0
2026-09-07 14:55:00+05:30,57052.05078125,57066.6015625,57030.80078125,57056.1484375,0,0.0,0.0
2026-09-07 15:00:00+05:30,57058.6015625,57105.1484375,57044.5,57091.3984375,0,0.0,0.0
2026-09-07 15:05:00+05:30,57089.5,57091.55078125,57051.69921875,57064.25,0,0.0,0.0
2026-09-07 15:10:00+05:30,57065.80078125,57084.5,57003.6015625,57059.30078125,0,0.0,0.0
2026-09-07 15:15:00+05:30,57056.75,57056.75,57056.75,57056.75,0,0.0,0.0
2026-09-07 15:20:00+05:30,57056.75,57056.75,57056.75,57056.75,0,0.0,0.0
2026-09-07 15:25:00+05:30,57056.75,57088.30078125,57056.75,57088.30078125,0,0.0,0.0
2026-09-08 09:15:00+05:30,56990.3984375,57041.3515625,56857.75,56934.30078125,0,0.0,0.0
2026-09-08 09:20:00+05:30,56932.0,56947.69921875,56916.94921875,56925.1484375,0,0.0,0.0
2026-09-08 09:25:00+05:30,56926.3515625,56976.30078125,56918.0,56935.8515625,0,0.0,0.0
2026-09-08 09:30:00+05:30,56931.25,56944.3984375,56896.6015625,56935.1015625,0,0.0,0.0
2026-09-08 09:35:00+05:30,56933.3984375,56965.44921875,56928.75,56946.05078125,0,0.0,0.0
2026-09-08 09:40:00+05:30,56946.05078125,56951.75,56889.3984375,56897.0,0,0.0,0.0
2026-09-08 09:45:00+05:30,56894.25,56915.25,56869.69921875,56913.44921875,0,0.0,0.0
2026-09-08 09:50:00+05:30,56915.44921875,56927.05078125,56887.05078125,56890.1484375,0,0.0,0.0
2026-09-08 09:55:00+05:30,56891.8984375,56893.55078125,56867.55078125,56874.6015625,0,0.0,0.0
2026-09-08 10:00:00+05:30,56874.5,56915.5,56865.94921875,56872.05078125,0,0.0,0.0
2026-09-08 10:05:00+05:30,56870.25,56914.1015625,56850.25,56911.30078125,0,0.0,0.0
2026-09-08 10:10:00+05:30,56909.6015625,56988.8984375,56901.0,56987.3984375,0,0.0,0.0
2026-09-08 10:15:00+05:30,56988.19921875,57019.6015625,56976.1015625,56994.75,0,0.0,0.0
2026-09-08 10:20:00+05:30,56994.30078125,56995.5,56943.6015625,56951.8984375,0,0.0,0.0
2026-09-08 10:25:00+05:30,56951.0,56951.3984375,56907.05078125,56916.8515625,0,0.0,0.0
2026-09-08 10:30:00+05:30,56920.80078125,56945.1015625,56911.44921875,56932.3984375,0,0.0,0.0
2026-09-08 10:35:00+05:30,56932.3984375,56933.6015625,56873.8984375,56889.44921875,0,0.0,0.0
2026-09-08 10:40:00+05:30,56888.69921875,56920.5,56881.19921875,56907.94921875,0,0.0,0.0
2026-09-08 10:45:00+05:30,56907.3515625,56968.8515625,56905.55078125,56956.8515625,0,0.0,0.0
2026-09-08 10:50:00+05:30,56958.30078125,56982.05078125,56933.3515625,56938.30078125,0,0.0,0.0
2026-09-08 10:55:00+05:30,56938.75,56940.55078125,56906.3515625,56929.44921875,0,0.0,0.0
2026-09-08 11:00:00+05:30,56929.44921875,56939.05078125,56906.80078125,56906.80078125,0,0.0,0.0
2026-09-08 11:05:00+05:30,56910.30078125,56938.19921875,56900.0,56917.80078125,0,0.0,0.0
2026-09-08 11:10:00+05:30,56917.80078125,56939.19921875,56889.19921875,56915.75,0,0.0,0.0
2026-09-08 11:15:00+05:30,56917.30078125,56940.55078125,56896.8984375,56934.3984375,0,0.0,0.0
2026-09-08 11:20:00+05:30,56933.30078125,56941.6015625,56915.05078125,56924.8515625,0,0.0,0.0
2026-09-08 11:25:00+05:30,56925.6484375,56959.55078125,56898.30078125,56899.3515625,0,0.0,0.0
2026-09-08 11:30:00+05:30,56900.3984375,56925.1015625,56882.3515625,56886.30078125,0,0.0,0.0
2026-09-08 11:35:00+05:30,56889.05078125,56900.55078125,56872.0,56874.80078125,0,0.0,0.0
2026-09-08 11:40:00+05:30,56881.6015625,56887.3515625,56852.80078125,56864.0,0,0.0,0.0
2026-09-08 11:45:00+05:30,56865.6015625,56888.44921875,56858.1484375,56865.8515625,0,0.0,0.0
2026-09-08 11:50:00+05:30,56867.8984375,56898.25,56833.30078125,56893.94921875,0,0.0,0.0
2026-09-08 11:55:00+05:30,56894.6015625,56899.69921875,56860.3984375,56861.5,0,0.0,0.0
2026-09-08 12:00:00+05:30,56861.55078125,56874.94921875,56835.8515625,56836.75,0,0.0,0.0
2026-09-08 12:05:00+05:30,56838.75,56838.75,56781.6484375,56799.75,0,0.0,0.0
2026-09-08 12:10:00+05:30,56802.75,56849.19921875,56796.8515625,56844.30078125,0,0.0,0.0
2026-09-08 12:15:00+05:30,56844.30078125,56855.19921875,56827.8984375,56837.3515625,0,0.0,0.0
2026-09-08 12:20:00+05:30,56839.1015625,56856.19921875,56825.5,56840.75,0,0.0,0.0
2026-09-08 12:25:00+05:30,56841.69921875,56854.19921875,56825.3515625,56839.30078125,0,0.0,0.0
2026-09-08 12:30:00+05:30,56840.69921875,56873.30078125,56837.1015625,56845.80078125,0,0.0,0.0
2026-09-08 12:35:00+05:30,56849.3984375,56877.6015625,56842.69921875,56848.1484375,0,0.0,0.0
2026-09-08 12:40:00+05:30,56847.55078125,56852.25,56797.6484375,56802.75,0,0.0,0.0
2026-09-08 12:45:00+05:30,56802.6484375,56807.8984375,56787.8515625,56803.0,0,0.0,0.0
2026-09-08 12:50:00+05:30,56803.80078125,56805.3515625,56780.3984375,56802.94921875,0,0.0,0.0
2026-09-08 12:55:00+05:30,56802.1015625,56825.75,56783.19921875,56783.19921875,0,0.0,0.0
2026-09-08 13:00:00+05:30,56785.55078125,56803.30078125,56766.5,56768.3515625,0,0.0,0.0
2026-09-08 13:05:00+05:30,56768.3515625,56784.8515625,56753.94921875,56759.3984375,0,0.0,0.0
2026-09-08 13:10:00+05:30,56759.80078125,56792.3515625,56751.5,56785.19921875,0,0.0,0.0
2026-09-08 13:15:00+05:30,56785.80078125,56786.69921875,56755.94921875,56759.1015625,0,0.0,0.0
2026-09-08 13:20:00+05:30,56762.25,56770.55078125,56749.6015625,56751.69921875,0,0.0,0.0
2026-09-08 13:25:00+05:30,56752.8515625,56775.44921875,56736.5,56751.75,0,0.0,0.0
2026-09-08 13:30:00+05:30,56751.1484375,56764.1484375,56721.1484375,56734.25,0,0.0,0.0
2026-09-08 13:35:00+05:30,56733.1484375,56776.8984375,56733.1484375,56752.69921875,0,0.0,0.0
2026-09-08 13:40:00+05:30,56751.1484375,56764.69921875,56728.6015625,56730.6015625,0,0.0,0.0
2026-09-08 13:45:00+05:30,56731.6015625,56769.8984375,56724.94921875,56755.6015625,0,0.0,0.0
2026-09-08 13:50:00+05:30,56760.6484375,56771.6484375,56734.5,56754.80078125,0,0.0,0.0
2026-09-08 13:55:00+05:30,56754.6484375,56780.6015625,56742.80078125,56762.0,0,0.0,0.0
2026-09-08 14:00:00+05:30,56761.19921875,56806.44921875,56759.8515625,56798.6015625,0,0.0,0.0
2026-09-08 14:05:00+05:30,56799.44921875,56822.44921875,56767.1484375,56778.75,0,0.0,0.0
2026-09-08 14:10:00+05:30,56778.6015625,56830.8984375,56771.8515625,56806.80078125,0,0.0,0.0
2026-09-08 14:15:00+05:30,56810.19921875,56835.94921875,56800.80078125,56810.05078125,0,0.0,0.0
2026-09-08 14:20:00+05:30,56810.6484375,56828.25,56780.1484375,56796.30078125,0,0.0,0.0
2026-09-08 14:25:00+05:30,56795.6015625,56819.94921875,56776.19921875,56807.44921875,0,0.0,0.0
2026-09-08 14:30:00+05:30,56807.5,56831.6015625,56798.1015625,56822.94921875,0,0.0,0.0
2026-09-08 14:35:00+05:30,56820.6484375,56827.3515625,56783.0,56794.0,0,0.0,0.0
2026-09-08 14:40:00+05:30,56795.69921875,56805.1484375,56780.3984375,56787.1484375,0,0.0,0.0
2026-09-08 14:45:00+05:30,56786.44921875,56789.6484375,56759.94921875,56766.1484375,0,0.0,0.0
2026-09-08 14:50:00+05:30,56763.3984375,56771.8515625,56742.94921875,56768.75,0,0.0,0.0
2026-09-08 14:55:00+05:30,56769.75,56772.55078125,56750.94921875,56764.0,0,0.0,0.0
2026-09-08 15:00:00+05:30,56761.05078125,56792.25,56752.1484375,56766.3984375,0,0.0,0.0
2026-09-08 15:05:00+05:30,56764.8515625,56797.8515625,56763.5,56781.3984375,0,0.0,0.0
2026-09-08 15:10:00+05:30,56778.30078125,56822.8984375,56749.1015625,56770.3515625,0,0.0,0.0
2026-09-08 15:15:00+05:30,56765.8515625,56765.8515625,56765.8515625,56765.8515625,0,0.0,0.0
2026-09-08 15:20:00+05:30,56765.8515625,56765.8515625,56765.8515625,56765.8515625,0,0.0,0.0
2026-09-08 15:25:00+05:30,56765.8515625,56777.55078125,56765.8515625,56777.55078125,0,0.0,0.0
2026-09-09 09:15:00+05:30,56498.8515625,56615.5,56416.8515625,56499.44921875,0,0.0,0.0
2026-09-09 09:20:00+05:30,56495.5,56512.05078125,56440.94921875,56479.94921875,0,0.0,0.0
2026-09-09 09:25:00+05:30,56479.05078125,56511.30078125,56430.3515625,56504.05078125,0,0.0,0.0
2026-09-09 09:30:00+05:30,56505.6015625,56524.19921875,56463.5,56501.25,0,0.0,0.0
2026-09-09 09:35:00+05:30,56497.80078125,56537.1484375,56482.80078125,56521.6015625,0,0.0,0.0
2026-09-09 09:40:00+05:30,56527.5,56553.05078125,56491.69921875,56496.3515625,0,0.0,0.0
2026-09-09 09:45:00+05:30,56498.6015625,56501.75,56463.6484375,56478.55078125,0,0.0,0.0
2026-09-09 09:50:00+05:30,56482.69921875,56482.69921875,56448.5,56462.5,0,0.0,0.0
2026-09-09 09:55:00+05:30,56461.25,56507.30078125,56438.55078125,56483.0,0,0.0,0.0
2026-09-09 10:00:00+05:30,56485.3515625,56487.6015625,56430.3515625,56456.3515625,0,0.0,0.0
2026-09-09 10:05:00+05:30,56455.1484375,56474.69921875,56431.3515625,56456.44921875,0,0.0,0.0
2026-09-09 10:10:00+05:30,56456.6015625,56495.5,56446.6484375,56491.05078125,0,0.0,0.0
2026-09-09 10:15:00+05:30,56491.75,56549.6484375,56457.75,56539.75,0,0.0,0.0
2026-09-09 10:20:00+05:30,56539.75,56617.25,56532.94921875,56580.25,0,0.0,0.0
2026-09-09 10:25:00+05:30,56583.19921875,56592.8984375,56534.25,56585.30078125,0,0.0,0.0
2026-09-09 10:30:00+05:30,56588.05078125,56618.80078125,56556.30078125,56557.8984375,0,0.0,0.0
2026-09-09 10:35:00+05:30,56557.8984375,56567.3984375,56502.44921875,56521.05078125,0,0.0,0.0
2026-09-09 10:40:00+05:30,56526.6015625,56550.1015625,56508.8984375,56528.94921875,0,0.0,0.0
2026-09-09 10:45:00+05:30,56532.6484375,56564.5,56524.1015625,56532.1015625,0,0.0,0.0
2026-09-09 10:50:00+05:30,56535.19921875,56556.1484375,56524.1484375,56548.30078125,0,0.0,0.0
2026-09-09 10:55:00+05:30,56556.1484375,56584.05078125,56548.5,56582.0,0,0.0,0.0
2026-09-09 11:00:00+05:30,56580.19921875,56615.44921875,56570.94921875,56594.94921875,0,0.0,0.0
2026-09-09 11:05:00+05:30,56597.05078125,56602.19921875,56562.19921875,56578.75,0,0.0,0.0
2026-09-09 11:10:00+05:30,56576.6484375,56600.0,56574.6015625,56582.69921875,0,0.0,0.0
2026-09-09 11:15:00+05:30,56585.55078125,56594.1484375,56540.19921875,56564.25,0,0.0,0.0
2026-09-09 11:20:00+05:30,56566.19921875,56585.3515625,56544.8984375,56554.25,0,0.0,0.0
2026-09-09 11:25:00+05:30,56555.3984375,56574.3984375,56549.25,56563.5,0,0.0,0.0
2026-09-09 11:30:00+05:30,56565.05078125,56595.19921875,56561.3515625,56579.30078125,0,0.0,0.0
2026-09-09 11:35:00+05:30,56580.1484375,56588.6484375,56556.80078125,56562.05078125,0,0.0,0.0
2026-09-09 11:40:00+05:30,56563.1015625,56599.05078125,56551.3984375,56583.6484375,0,0.0,0.0
2026-09-09 11:45:00+05:30,56586.55078125,56598.30078125,56562.44921875,56578.44921875,0,0.0,0.0
2026-09-09 11:50:00+05:30,56577.6484375,56582.6015625,56539.6015625,56550.3984375,0,0.0,0.0
2026-09-09 11:55:00+05:30,56553.05078125,56563.3515625,56516.44921875,56527.19921875,0,0.0,0.0
2026-09-09 12:00:00+05:30,56529.6015625,56541.55078125,56483.0,56496.19921875,0,0.0,0.0
2026-09-09 12:05:00+05:30,56496.3515625,56498.1484375,56445.05078125,56461.05078125,0,0.0,0.0
2026-09-09 12:10:00+05:30,56461.05078125,56489.94921875,56454.8984375,56483.25,0,0.0,0.0
2026-09-09 12:15:00+05:30,56486.8984375,56494.1015625,56451.19921875,56457.75,0,0.0,0.0
2026-09-09 12:20:00+05:30,56460.6015625,56464.94921875,56434.6015625,56456.8984375,0,0.0,0.0
2026-09-09 12:25:00+05:30,56459.44921875,56511.19921875,56452.1015625,56505.8515625,0,0.0,0.0
2026-09-09 12:30:00+05:30,56509.19921875,56667.8515625,56509.19921875,56639.6015625,0,0.0,0.0
2026-09-09 12:35:00+05:30,56640.0,56719.19921875,56632.75,56680.69921875,0,0.0,0.0
2026-09-09 12:40:00+05:30,56680.0,56736.6484375,56657.94921875,56709.5,0,0.0,0.0
2026-09-09 12:45:00+05:30,56709.5,56730.3984375,56678.6484375,56684.6484375,0,0.0,0.0
2026-09-09 12:50:00+05:30,56690.55078125,56720.30078125,56671.8515625,56679.8984375,0,0.0,0.0
2026-09-09 12:55:00+05:30,56676.1015625,56706.3515625,56654.44921875,56694.25,0,0.0,0.0
2026-09-09 13:00:00+05:30,56694.25,56700.19921875,56648.6484375,56675.05078125,0,0.0,0.0
2026-09-09 13:05:00+05:30,56677.44921875,56697.3984375,56654.44921875,56659.94921875,0,0.0,0.0
2026-09-09 13:10:00+05:30,56660.75,56663.75,56614.30078125,56640.94921875,0,0.0,0.0
2026-09-09 13:15:00+05:30,56641.05078125,56647.75,56614.0,56628.25,0,0.0,0.0
2026-09-09 13:20:00+05:30,56629.80078125,56665.44921875,56610.25,56640.69921875,0,0.0,0.0
2026-09-09 13:25:00+05:30,56638.6484375,56660.44921875,56630.80078125,56645.5,0,0.0,0.0
2026-09-09 13:30:00+05:30,56648.44921875,56662.44921875,56620.3984375,56638.1015625,0,0.0,0.0
2026-09-09 13:35:00+05:30,56638.1484375,56671.0,56626.25,56663.25,0,0.0,0.0
2026-09-09 13:40:00+05:30,56664.44921875,56695.30078125,56653.6484375,56670.55078125,0,0.0,0.0
2026-09-09 13:45:00+05:30,56671.80078125,56683.30078125,56638.80078125,56655.6484375,0,0.0,0.0
2026-09-09 13:50:00+05:30,56657.1015625,56671.3515625,56631.1484375,56639.80078125,0,0.0,0.0
2026-09-09 13:55:00+05:30,56639.80078125,56671.05078125,56613.8984375,56667.8515625,0,0.0,0.0
2026-09-09 14:00:00+05:30,56669.1015625,56728.75,56669.1015625,56711.1484375,0,0.0,0.0
2026-09-09 14:05:00+05:30,56712.30078125,56742.8515625,56692.3515625,56701.05078125,0,0.0,0.0
2026-09-09 14:10:00+05:30,56697.5,56700.8984375,56627.94921875,56659.1484375,0,0.0,0.0
2026-09-09 14:15:00+05:30,56659.6484375,56667.5,56630.6015625,56660.5,0,0.0,0.0
2026-09-09 14:20:00+05:30,56661.19921875,56689.94921875,56644.5,56653.6484375,0,0.0,0.0
2026-09-09 14:25:00+05:30,56653.69921875,56665.19921875,56626.3984375,56642.3984375,0,0.0,0.0
2026-09-09 14:30:00+05:30,56641.0,56649.55078125,56577.80078125,56579.55078125,0,0.0,0.0
2026-09-09 14:35:00+05:30,56578.19921875,56597.05078125,56527.1484375,56538.55078125,0,0.0,0.0
2026-09-09 14:40:00+05:30,56540.19921875,56543.55078125,56489.75,56496.30078125,0,0.0,0.0
2026-09-09 14:45:00+05:30,56504.05078125,56504.30078125,56457.1015625,56494.1015625,0,0.0,0.0
2026-09-09 14:50:00+05:30,56491.3984375,56528.3984375,56479.19921875,56487.69921875,0,0.0,0.0
2026-09-09 14:55:00+05:30,56487.69921875,56497.8984375,56457.94921875,56476.0,0,0.0,0.0
2026-09-09 15:00:00+05:30,56475.80078125,56485.80078125,56383.80078125,56383.94921875,0,0.0,0.0
2026-09-09 15:05:00+05:30,56385.1484375,56406.8515625,56346.30078125,56399.44921875,0,0.0,0.0
2026-09-09 15:10:00+05:30,56399.1015625,56430.6015625,56371.8984375,56379.6015625,0,0.0,0.0
2026-09-09 15:15:00+05:30,56379.6015625,56379.6015625,56379.6015625,56379.6015625,0,0.0,0.0
2026-09-09 15:20:00+05:30,56379.6015625,56379.6015625,56379.6015625,56379.6015625,0,0.0,0.0
2026-09-09 15:25:00+05:30,56379.6015625,56379.6015625,56295.55078125,56295.55078125,0,0.0,0.0
2026-09-10 09:15:00+05:30,56262.3515625,56513.25,56255.3984375,56487.05078125,0,0.0,0.0
2026-09-10 09:20:00+05:30,56485.44921875,56503.8515625,56381.3984375,56475.6484375,0,0.0,0.0
2026-09-10 09:25:00+05:30,56470.75,56573.44921875,56431.5,56547.6015625,0,0.0,0.0
2026-09-10 09:30:00+05:30,56551.6484375,56552.8515625,56452.94921875,56487.8515625,0,0.0,0.0
2026-09-10 09:35:00+05:30,56490.0,56505.75,56457.75,56500.5,0,0.0,0.0
2026-09-10 09:40:00+05:30,56503.55078125,56517.0,56460.19921875,56464.0,0,0.0,0.0
2026-09-10 09:45:00+05:30,56464.1015625,56483.69921875,56431.44921875,56468.8984375,0,0.0,0.0
2026-09-10 09:50:00+05:30,56468.8984375,56499.55078125,56452.80078125,56469.8515625,0,0.0,0.0
2026-09-10 09:55:00+05:30,56468.69921875,56475.55078125,56429.19921875,56435.3515625,0,0.0,0.0
2026-09-10 10:00:00+05:30,56439.6484375,56444.55078125,56372.1484375,56383.94921875,0,0.0,0.0
2026-09-10 10:05:00+05:30,56387.44921875,56399.75,56334.3515625,56364.8515625,0,0.0,0.0
2026-09-10 10:10:00+05:30,56365.75,56376.3984375,56338.25,56372.94921875,0,0.0,0.0
2026-09-10 10:15:00+05:30,56382.69921875,56481.5,56379.55078125,56458.3984375,0,0.0,0.0
2026-09-10 10:20:00+05:30,56459.0,56484.6015625,56429.44921875,56472.6015625,0,0.0,0.0
2026-09-10 10:25:00+05:30,56474.25,56491.94921875,56456.55078125,56484.0,0,0.0,0.0
2026-09-10 10:30:00+05:30,56482.6015625,56491.75,56445.75,56466.5,0,0.0,0.0
2026-09-10 10:35:00+05:30,56467.30078125,56487.1015625,56461.44921875,56483.75,0,0.0,0.0
2026-09-10 10:40:00+05:30,56482.6484375,56515.75,56463.8515625,56512.0,0,0.0,0.0
2026-09-10 10:45:00+05:30,56513.6484375,56516.25,56448.6484375,56454.05078125,0,0.0,0.0
2026-09-10 10:50:00+05:30,56455.30078125,56459.55078125,56409.6484375,56412.6484375,0,0.0,0.0
2026-09-10 10:55:00+05:30,56416.1015625,56429.0,56393.19921875,56417.19921875,0,0.0,0.0
2026-09-10 11:00:00+05:30,56419.6484375,56451.6015625,56415.05078125,56443.44921875,0,0.0,0.0
2026-09-10 11:05:00+05:30,56445.55078125,56464.8515625,56427.44921875,56452.8984375,0,0.0,0.0
2026-09-10 11:10:00+05:30,56455.19921875,56501.8515625,56443.25,56501.8515625,0,0.0,0.0
2026-09-10 11:15:00+05:30,56501.3984375,56525.80078125,56467.80078125,56473.0,0,0.0,0.0
2026-09-10 11:20:00+05:30,56477.19921875,56482.1015625,56440.3984375,56468.0,0,0.0,0.0
2026-09-10 11:25:00+05:30,56465.8984375,56470.8984375,56442.94921875,56446.8515625,0,0.0,0.0
2026-09-10 11:30:00+05:30,56447.0,56496.5,56433.25,56439.05078125,0,0.0,0.0
2026-09-10 11:35:00+05:30,56440.1484375,56457.75,56419.5,56432.5,0,0.0,0.0
2026-09-10 11:40:00+05:30,56437.5,56440.75,56403.1015625,56438.19921875,0,0.0,0.0
2026-09-10 11:45:00+05:30,56438.80078125,56475.1484375,56436.1484375,56472.94921875,0,0.0,0.0
2026-09-10 11:50:00+05:30,56471.05078125,56480.5,56421.30078125,56435.1015625,0,0.0,0.0
2026-09-10 11:55:00+05:30,56436.05078125,56479.3515625,56425.0,56476.80078125,0,0.0,0.0
2026-09-10 12:00:00+05:30,56480.5,56510.69921875,56464.1484375,56500.44921875,0,0.0,0.0
2026-09-10 12:05:00+05:30,56502.3515625,56505.6484375,56440.6484375,56447.0,0,0.0,0.0
2026-09-10 12:10:00+05:30,56446.30078125,56515.05078125,56433.75,56502.19921875,0,0.0,0.0
2026-09-10 12:15:00+05:30,56503.8515625,56526.1484375,56494.6484375,56507.8515625,0,0.0,0.0
2026-09-10 12:20:00+05:30,56510.3984375,56517.1484375,56470.44921875,56475.44921875,0,0.0,0.0
2026-09-10 12:25:00+05:30,56477.0,56492.25,56452.8984375,56453.5,0,0.0,0.0
2026-09-10 12:30:00+05:30,56457.6015625,56462.0,56432.3515625,56444.75,0,0.0,0.0
2026-09-10 12:35:00+05:30,56444.75,56455.30078125,56418.69921875,56450.25,0,0.0,0.0
2026-09-10 12:40:00+05:30,56452.05078125,56499.80078125,56443.6484375,56467.75,0,0.0,0.0
2026-09-10 12:45:00+05:30,56472.1015625,56485.55078125,56446.25,56460.6015625,0,0.0,0.0
2026-09-10 12:50:00+05:30,56463.3515625,56464.19921875,56424.0,56431.5,0,0.0,0.0
2026-09-10 12:55:00+05:30,56433.25,56447.6015625,56371.8984375,56374.6484375,0,0.0,0.0
2026-09-10 13:00:00+05:30,56374.30078125,56387.94921875,56336.25,56367.44921875,0,0.0,0.0
2026-09-10 13:05:00+05:30,56372.5,56393.80078125,56335.1015625,56385.80078125,0,0.0,0.0
2026-09-10 13:10:00+05:30,56387.69921875,56433.75,56378.94921875,56428.1015625,0,0.0,0.0
2026-09-10 13:15:00+05:30,56435.1484375,56435.1484375,56390.3515625,56404.8984375,0,0.0,0.0
2026-09-10 13:20:00+05:30,56408.8984375,56422.1015625,56392.69921875,56407.75,0,0.0,0.0
2026-09-10 13:25:00+05:30,56408.19921875,56421.8515625,56378.05078125,56388.6015625,0,0.0,0.0
2026-09-10 13:30:00+05:30,56392.5,56399.69921875,56369.55078125,56385.55078125,0,0.0,0.0
2026-09-10 13:35:00+05:30,56389.6484375,56405.1484375,56356.75,56401.3984375,0,0.0,0.0
2026-09-10 13:40:00+05:30,56402.25,56422.05078125,56393.55078125,56412.30078125,0,0.0,0.0
2026-09-10 13:45:00+05:30,56413.1484375,56416.19921875,56369.69921875,56396.8515625,0,0.0,0.0
2026-09-10 13:50:00+05:30,56400.3515625,56404.8984375,56378.75,56388.75,0,0.0,0.0
2026-09-10 13:55:00+05:30,56394.0,56396.25,56363.1484375,56386.0,0,0.0,0.0
2026-09-10 14:00:00+05:30,56388.3515625,56404.80078125,56359.1484375,56364.6484375,0,0.0,0.0
2026-09-10 14:05:00+05:30,56365.80078125,56383.0,56337.44921875,56350.1484375,0,0.0,0.0
2026-09-10 14:10:00+05:30,56349.6015625,56363.80078125,56331.75,56348.8515625,0,0.0,0.0
2026-09-10 14:15:00+05:30,56352.30078125,56352.69921875,56297.55078125,56310.1484375,0,0.0,0.0
2026-09-10 14:20:00+05:30,56313.5,56360.80078125,56306.8515625,56349.25,0,0.0,0.0
2026-09-10 14:25:00+05:30,56355.44921875,56369.8984375,56322.80078125,56337.8515625,0,0.0,0.0
2026-09-10 14:30:00+05:30,56338.3515625,56352.75,56314.75,56319.6484375,0,0.0,0.0
2026-09-10 14:35:00+05:30,56319.6484375,56320.8984375,56263.25,56275.6015625,0,0.0,0.0
2026-09-10 14:40:00+05:30,56275.80078125,56333.5,56258.05078125,56324.55078125,0,0.0,0.0
2026-09-10 14:45:00+05:30,56327.80078125,56389.3984375,56316.8515625,56386.3515625,0,0.0,0.0
2026-09-10 14:50:00+05:30,56389.69921875,56403.55078125,56331.8515625,56353.1015625,0,0.0,0.0
2026-09-10 14:55:00+05:30,56355.75,56356.3515625,56300.1484375,56311.05078125,0,0.0,0.0
2026-09-10 15:00:00+05:30,56312.25,56313.30078125,56240.6484375,56267.30078125,0,0.0,0.0
2026-09-10 15:05:00+05:30,56266.69921875,56266.69921875,56232.3984375,56260.1484375,0,0.0,0.0
2026-09-10 15:10:00+05:30,56256.30078125,56300.80078125,56243.5,56255.8515625,0,0.0,0.0
2026-09-10 15:15:00+05:30,56262.5,56262.5,56262.5,56262.5,0,0.0,0.0
2026-09-10 15:20:00+05:30,56262.5,56262.5,56262.5,56262.5,0,0.0,0.0
2026-09-10 15:25:00+05:30,56262.5,56471.94921875,56262.5,56471.94921875,0,0.0,0.0
2026-09-11 09:15:00+05:30,55970.1484375,55970.1484375,55702.6484375,55777.5,0,0.0,0.0
2026-09-11 09:20:00+05:30,55777.05078125,55827.5,55742.80078125,55822.80078125,0,0.0,0.0
2026-09-11 09:25:00+05:30,55822.80078125,55949.25,55807.8515625,55927.19921875,0,0.0,0.0
2026-09-11 09:30:00+05:30,55924.8515625,55934.05078125,55857.25,55874.6015625,0,0.0,0.0
2026-09-11 09:35:00+05:30,55876.1484375,55885.6015625,55856.8984375,55870.5,0,0.0,0.0
2026-09-11 09:40:00+05:30,55872.6015625,55889.69921875,55830.6015625,55877.55078125,0,0.0,0.0
2026-09-11 09:45:00+05:30,55878.69921875,55885.69921875,55826.8515625,55843.19921875,0,0.0,0.0
2026-09-11 09:50:00+05:30,55845.44921875,55871.75,55827.8515625,55862.6015625,0,0.0,0.0
2026-09-11 09:55:00+05:30,55863.19921875,55925.6484375,55859.25,55908.3984375,0,0.0,0.0
2026-09-11 10:00:00+05:30,55906.6015625,55972.1484375,55890.3515625,55953.8984375,0,0.0,0.0
2026-09-11 10:05:00+05:30,55957.30078125,55988.25,55950.3515625,55981.3984375,0,0.0,0.0
2026-09-11 10:10:00+05:30,55980.69921875,56024.8515625,55968.30078125,56022.25,0,0.0,0.0
2026-09-11 10:15:00+05:30,56022.0,56036.44921875,56004.8984375,56016.8515625,0,0.0,0.0
2026-09-11 10:20:00+05:30,56020.6015625,56092.44921875,56010.5,56050.1015625,0,0.0,0.0
2026-09-11 10:25:00+05:30,56055.30078125,56055.30078125,55975.6015625,55982.05078125,0,0.0,0.0
2026-09-11 10:30:00+05:30,55981.05078125,56000.94921875,55954.5,55991.69921875,0,0.0,0.0
2026-09-11 10:35:00+05:30,55992.94921875,56038.44921875,55988.1015625,56033.3984375,0,0.0,0.0
2026-09-11 10:40:00+05:30,56034.5,56043.3984375,56019.0,56041.1484375,0,0.0,0.0
2026-09-11 10:45:00+05:30,56045.05078125,56075.3515625,56002.5,56007.94921875,0,0.0,0.0
2026-09-11 10:50:00+05:30,56010.19921875,56010.19921875,55968.30078125,55976.19921875,0,0.0,0.0
2026-09-11 10:55:00+05:30,55977.19921875,55981.0,55947.69921875,55957.94921875,0,0.0,0.0
2026-09-11 11:00:00+05:30,55958.44921875,55997.1015625,55952.05078125,55974.75,0,0.0,0.0
2026-09-11 11:05:00+05:30,55976.6484375,56041.6484375,55963.69921875,56040.44921875,0,0.0,0.0
2026-09-11 11:10:00+05:30,56043.0,56220.3515625,56035.30078125,56203.05078125,0,0.0,0.0
2026-09-11 11:15:00+05:30,56202.30078125,56241.1484375,56142.3515625,56191.6484375,0,0.0,0.0
2026-09-11 11:20:00+05:30,56195.1484375,56262.75,56157.5,56236.8984375,0,0.0,0.0
2026-09-11 11:25:00+05:30,56243.25,56245.5,56174.0,56174.5,0,0.0,0.0
2026-09-11 11:30:00+05:30,56176.25,56198.55078125,56148.25,56189.6484375,0,0.0,0.0
2026-09-11 11:35:00+05:30,56190.19921875,56210.1484375,56159.1484375,56159.5,0,0.0,0.0
2026-09-11 11:40:00+05:30,56162.19921875,56217.69921875,56157.8515625,56209.3984375,0,0.0,0.0
2026-09-11 11:45:00+05:30,56207.6015625,56230.0,56178.8984375,56187.1015625,0,0.0,0.0
2026-09-11 11:50:00+05:30,56190.55078125,56207.0,56154.8515625,56176.1484375,0,0.0,0.0
2026-09-11 11:55:00+05:30,56178.5,56195.94921875,56142.25,56165.6015625,0,0.0,0.0
2026-09-11 12:00:00+05:30,56169.3515625,56188.80078125,56144.80078125,56144.94921875,0,0.0,0.0
2026-09-11 12:05:00+05:30,56151.1015625,56164.19921875,56129.75,56134.19921875,0,0.0,0.0
2026-09-11 12:10:00+05:30,56136.80078125,56140.25,56073.8984375,56095.25,0,0.0,0.0
2026-09-11 12:15:00+05:30,56099.6015625,56121.8515625,56075.5,56117.75,0,0.0,0.0
2026-09-11 12:20:00+05:30,56123.80078125,56162.80078125,56110.05078125,56158.05078125,0,0.0,0.0
2026-09-11 12:25:00+05:30,56161.8984375,56165.05078125,56132.44921875,56141.8984375,0,0.0,0.0
2026-09-11 12:30:00+05:30,56140.6484375,56192.75,56136.75,56183.25,0,0.0,0.0
2026-09-11 12:35:00+05:30,56187.8984375,56251.80078125,56176.3515625,56211.94921875,0,0.0,0.0
2026-09-11 12:40:00+05:30,56215.6484375,56263.1484375,56198.80078125,56234.80078125,0,0.0,0.0
2026-09-11 12:45:00+05:30,56237.3984375,56249.0,56210.6015625,56246.6015625,0,0.0,0.0
2026-09-11 12:50:00+05:30,56247.69921875,56309.25,56234.3984375,56281.1484375,0,0.0,0.0
2026-09-11 12:55:00+05:30,56281.94921875,56309.30078125,56271.6484375,56288.6015625,0,0.0,0.0
2026-09-11 13:00:00+05:30,56291.80078125,56294.1484375,56213.44921875,56216.69921875,0,0.0,0.0
2026-09-11 13:05:00+05:30,56216.1484375,56227.5,56193.69921875,56200.19921875,0,0.0,0.0
2026-09-11 13:10:00+05:30,56201.3515625,56237.44921875,56171.6484375,56229.3984375,0,0.0,0.0
2026-09-11 13:15:00+05:30,56230.6484375,56245.19921875,56205.5,56210.55078125,0,0.0,0.0
2026-09-11 13:20:00+05:30,56212.69921875,56259.44921875,56198.0,56255.3515625,0,0.0,0.0
2026-09-11 13:25:00+05:30,56257.05078125,56339.30078125,56234.05078125,56334.1015625,0,0.0,0.0
2026-09-11 13:30:00+05:30,56336.75,56357.05078125,56303.1015625,56348.6015625,0,0.0,0.0
2026-09-11 13:35:00+05:30,56351.05078125,56351.05078125,56290.5,56292.94921875,0,0.0,0.0
2026-09-11 13:40:00+05:30,56295.3515625,56336.1484375,56234.3515625,56324.94921875,0,0.0,0.0
2026-09-11 13:45:00+05:30,56328.05078125,56352.3984375,56263.25,56350.25,0,0.0,0.0
2026-09-11 13:50:00+05:30,56350.25,56466.3515625,56346.5,56353.19921875,0,0.0,0.0
2026-09-11 13:55:00+05:30,56354.1484375,56496.30078125,56348.3515625,56477.3984375,0,0.0,0.0
2026-09-11 14:00:00+05:30,56478.80078125,56625.6484375,56445.94921875,56586.3984375,0,0.0,0.0
2026-09-11 14:05:00+05:30,56590.55078125,56592.6015625,56489.69921875,56524.80078125,0,0.0,0.0
2026-09-11 14:10:00+05:30,56531.05078125,56551.80078125,56506.75,56547.44921875,0,0.0,0.0
2026-09-11 14:15:00+05:30,56550.25,56559.3984375,56465.80078125,56474.30078125,0,0.0,0.0
2026-09-11 14:20:00+05:30,56470.8984375,56519.1484375,56461.25,56517.19921875,0,0.0,0.0
2026-09-11 14:25:00+05:30,56514.30078125,56555.8515625,56503.75,56544.3515625,0,0.0,0.0
2026-09-11 14:30:00+05:30,56544.44921875,56583.1484375,56524.80078125,56559.25,0,0.0,0.0
2026-09-11 14:35:00+05:30,56561.25,56632.19921875,56538.19921875,56580.3984375,0,0.0,0.0
2026-09-11 14:40:00+05:30,56584.30078125,56615.5,56558.1015625,56599.6484375,0,0.0,0.0
2026-09-11 14:45:00+05:30,56596.8515625,56626.75,56575.6015625,56615.6015625,0,0.0,0.0
2026-09-11 14:50:00+05:30,56615.05078125,56639.44921875,56584.8984375,56596.94921875,0,0.0,0.0
2026-09-11 14:55:00+05:30,56597.6015625,56625.8515625,56573.3515625,56580.05078125,0,0.0,0.0
2026-09-11 15:00:00+05:30,56577.55078125,56611.3984375,56525.19921875,56533.0,0,0.0,0.0
2026-09-11 15:05:00+05:30,56538.55078125,56593.80078125,56503.19921875,56586.3515625,0,0.0,0.0
2026-09-11 15:10:00+05:30,56583.75,56645.25,56579.0,56625.8984375,0,0.0,0.0
2026-09-11 15:15:00+05:30,56625.8984375,56625.8984375,56625.8984375,56625.8984375,0,0.0,0.0
2026-09-11 15:20:00+05:30,56625.8984375,56625.8984375,56625.8984375,56625.8984375,0,0.0,0.0
2026-09-11 15:25:00+05:30,56625.8984375,56625.8984375,56606.55078125,56606.55078125,0,0.0,0.0
2026-09-15 09:15:00+05:30,56928.55078125,56995.69921875,56632.6484375,56660.1015625,0,0.0,0.0
2026-09-15 09:20:00+05:30,56660.0,56694.5,56563.80078125,56563.80078125,0,0.0,0.0
2026-09-15 09:25:00+05:30,56564.6484375,56582.5,56508.69921875,56533.0,0,0.0,0.0
2026-09-15 09:30:00+05:30,56528.5,56544.8984375,56460.30078125,56475.1015625,0,0.0,0.0
2026-09-15 09:35:00+05:30,56476.19921875,56487.94921875,56404.6015625,56478.80078125,0,0.0,0.0
2026-09-15 09:40:00+05:30,56474.8515625,56515.6015625,56461.1015625,56469.1015625,0,0.0,0.0
2026-09-15 09:45:00+05:30,56467.55078125,56468.05078125,56395.6484375,56402.25,0,0.0,0.0
2026-09-15 09:50:00+05:30,56400.6484375,56431.94921875,56346.05078125,56353.30078125,0,0.0,0.0
2026-09-15 09:55:00+05:30,56353.30078125,56369.8984375,56323.44921875,56356.6015625,0,0.0,0.0
2026-09-15 10:00:00+05:30,56358.0,56375.94921875,56326.6015625,56342.80078125,0,0.0,0.0
2026-09-15 10:05:00+05:30,56348.44921875,56355.8984375,56283.25,56284.8515625,0,0.0,0.0
2026-09-15 10:10:00+05:30,56284.8515625,56369.8515625,56279.5,56344.30078125,0,0.0,0.0
2026-09-15 10:15:00+05:30,56343.6484375,56343.80078125,56294.69921875,56308.55078125,0,0.0,0.0
2026-09-15 10:20:00+05:30,56307.1484375,56309.25,56266.6015625,56283.3515625,0,0.0,0.0
2026-09-15 10:25:00+05:30,56286.6015625,56307.94921875,56243.0,56249.5,0,0.0,0.0
2026-09-15 10:30:00+05:30,56249.3984375,56280.94921875,56224.8515625,56260.44921875,0,0.0,0.0
2026-09-15 10:35:00+05:30,56258.3515625,56305.1015625,56256.44921875,56302.80078125,0,0.0,0.0
2026-09-15 10:40:00+05:30,56302.55078125,56308.19921875,56214.75,56217.0,0,0.0,0.0
2026-09-15 10:45:00+05:30,56218.1484375,56224.6484375,56169.05078125,56177.69921875,0,0.0,0.0
2026-09-15 10:50:00+05:30,56176.8515625,56199.0,56149.94921875,56192.0,0,0.0,0.0
2026-09-15 10:55:00+05:30,56192.30078125,56197.8515625,56148.05078125,56169.25,0,0.0,0.0
2026-09-15 11:00:00+05:30,56166.05078125,56244.1484375,56153.6484375,56226.1484375,0,0.0,0.0
2026-09-15 11:05:00+05:30,56222.05078125,56224.5,56135.0,56142.0,0,0.0,0.0
2026-09-15 11:10:00+05:30,56143.1484375,56200.69921875,56111.75,56182.8984375,0,0.0,0.0
2026-09-15 11:15:00+05:30,56182.8984375,56222.3984375,56162.55078125,56166.3984375,0,0.0,0.0
2026-09-15 11:20:00+05:30,56164.3515625,56183.30078125,56142.05078125,56171.25,0,0.0,0.0
2026-09-15 11:25:00+05:30,56167.3515625,56178.05078125,56117.80078125,56124.1015625,0,0.0,0.0
2026-09-15 11:30:00+05:30,56123.69921875,56178.25,56110.80078125,56160.0,0,0.0,0.0
2026-09-15 11:35:00+05:30,56160.0,56207.6015625,56152.6484375,56200.55078125,0,0.0,0.0
2026-09-15 11:40:00+05:30,56201.8515625,56205.1484375,56134.6484375,56158.1015625,0,0.0,0.0
2026-09-15 11:45:00+05:30,56156.69921875,56161.1484375,56133.5,56139.75,0,0.0,0.0
2026-09-15 11:50:00+05:30,56139.94921875,56154.75,56112.6015625,56124.3515625,0,0.0,0.0
2026-09-15 11:55:00+05:30,56124.25,56173.05078125,56120.19921875,56157.30078125,0,0.0,0.0
2026-09-15 12:00:00+05:30,56156.6015625,56178.69921875,56136.1015625,56154.1484375,0,0.0,0.0
2026-09-15 12:05:00+05:30,56156.1484375,56181.69921875,56152.1484375,56167.44921875,0,0.0,0.0
2026-09-15 12:10:00+05:30,56166.80078125,56180.80078125,56134.5,56153.05078125,0,0.0,0.0
2026-09-15 12:15:00+05:30,56152.1484375,56154.6484375,56115.3984375,56121.6484375,0,0.0,0.0
2026-09-15 12:20:00+05:30,56121.8515625,56147.8515625,56117.3515625,56136.75,0,0.0,0.0
2026-09-15 12:25:00+05:30,56137.94921875,56152.25,56124.69921875,56146.1015625,0,0.0,0.0
2026-09-15 12:30:00+05:30,56146.8515625,56179.8515625,56131.6484375,56176.25,0,0.0,0.0
2026-09-15 12:35:00+05:30,56175.6015625,56217.80078125,56165.25,56184.6484375,0,0.0,0.0
2026-09-15 12:40:00+05:30,56183.3515625,56221.55078125,56178.55078125,56207.1015625,0,0.0,0.0
2026-09-15 12:45:00+05:30,56197.6015625,56220.30078125,56182.8515625,56219.1015625,0,0.0,0.0
2026-09-15 12:50:00+05:30,56219.1015625,56248.05078125,56198.3984375,56227.69921875,0,0.0,0.0
2026-09-15 12:55:00+05:30,56226.3515625,56228.94921875,56148.6015625,56167.1484375,0,0.0,0.0
2026-09-15 13:00:00+05:30,56170.19921875,56184.5,56156.75,56179.44921875,0,0.0,0.0
2026-09-15 13:05:00+05:30,56180.75,56206.3515625,56178.1015625,56195.69921875,0,0.0,0.0
2026-09-15 13:10:00+05:30,56195.25,56202.30078125,56144.94921875,56186.19921875,0,0.0,0.0
2026-09-15 13:15:00+05:30,56184.5,56216.1484375,56162.44921875,56200.69921875,0,0.0,0.0
2026-09-15 13:20:00+05:30,56198.6015625,56206.30078125,56153.80078125,56160.3984375,0,0.0,0.0
2026-09-15 13:25:00+05:30,56155.8984375,56199.55078125,56150.0,56162.19921875,0,0.0,0.0
2026-09-15 13:30:00+05:30,56164.3984375,56170.80078125,56109.75,56131.30078125,0,0.0,0.0
2026-09-15 13:35:00+05:30,56131.55078125,56166.75,56118.1015625,56127.44921875,0,0.0,0.0
2026-09-15 13:40:00+05:30,56127.44921875,56127.44921875,56065.3515625,56118.80078125,0,0.0,0.0
2026-09-15 13:45:00+05:30,56119.80078125,56143.25,56116.44921875,56141.19921875,0,0.0,0.0
2026-09-15 13:50:00+05:30,56139.1484375,56149.19921875,56128.0,56136.1015625,0,0.0,0.0
2026-09-15 13:55:00+05:30,56135.80078125,56148.5,56111.94921875,56132.05078125,0,0.0,0.0
2026-09-15 14:00:00+05:30,56131.6484375,56140.94921875,56093.3515625,56103.75,0,0.0,0.0
2026-09-15 14:05:00+05:30,56103.05078125,56105.55078125,56050.94921875,56057.05078125,0,0.0,0.0
2026-09-15 14:10:00+05:30,56057.1484375,56057.6015625,55959.8515625,56000.30078125,0,0.0,0.0
2026-09-15 14:15:00+05:30,55995.3515625,55999.05078125,55943.25,55949.1484375,0,0.0,0.0
2026-09-15 14:20:00+05:30,55949.80078125,56024.0,55948.94921875,55985.6484375,0,0.0,0.0
2026-09-15 14:25:00+05:30,55988.6484375,56005.8984375,55968.5,55982.19921875,0,0.0,0.0
2026-09-15 14:30:00+05:30,55981.6015625,56015.19921875,55974.19921875,56008.94921875,0,0.0,0.0
2026-09-15 14:35:00+05:30,56010.44921875,56029.8984375,55999.1015625,56013.3984375,0,0.0,0.0
2026-09-15 14:40:00+05:30,56008.05078125,56036.05078125,56002.44921875,56019.30078125,0,0.0,0.0
2026-09-15 14:45:00+05:30,56018.25,56027.8984375,55870.1015625,55880.30078125,0,0.0,0.0
2026-09-15 14:50:00+05:30,55881.55078125,55955.05078125,55878.6484375,55896.3515625,0,0.0,0.0
2026-09-15 14:55:00+05:30,55897.1484375,55916.55078125,55872.05078125,55876.8984375,0,0.0,0.0
2026-09-15 15:00:00+05:30,55877.3515625,55964.1015625,55876.6015625,55955.3515625,0,0.0,0.0
2026-09-15 15:05:00+05:30,55960.6015625,55960.6015625,55872.05078125,55897.5,0,0.0,0.0
2026-09-15 15:10:00+05:30,55899.44921875,55947.6484375,55888.8984375,55908.94921875,0,0.0,0.0
2026-09-15 15:15:00+05:30,55908.94921875,55908.94921875,55908.94921875,55908.94921875,0,0.0,0.0
2026-09-15 15:20:00+05:30,55908.94921875,55908.94921875,55908.94921875,55908.94921875,0,0.0,0.0
2026-09-15 15:25:00+05:30,55908.94921875,55908.94921875,55794.75,55794.75,0,0.0,0.0
2026-09-16 09:15:00+05:30,55994.3515625,56203.8515625,55945.55078125,56144.3984375,0,0.0,0.0
2026-09-16 09:20:00+05:30,56139.1015625,56156.1484375,56035.25,56047.19921875,0,0.0,0.0
2026-09-16 09:25:00+05:30,56048.25,56064.69921875,55935.8515625,55985.44921875,0,0.0,0.0
2026-09-16 09:30:00+05:30,55983.1015625,56029.05078125,55909.1484375,56018.19921875,0,0.0,0.0
2026-09-16 09:35:00+05:30,56017.0,56017.0,55881.25,55892.30078125,0,0.0,0.0
2026-09-16 09:40:00+05:30,55893.3984375,55896.5,55819.8515625,55829.80078125,0,0.0,0.0
2026-09-16 09:45:00+05:30,55829.80078125,55909.44921875,55813.8515625,55905.80078125,0,0.0,0.0
2026-09-16 09:50:00+05:30,55905.80078125,56040.3515625,55898.1015625,56037.5,0,0.0,0.0
2026-09-16 09:55:00+05:30,56039.1015625,56078.94921875,55995.44921875,56035.75,0,0.0,0.0
2026-09-16 10:00:00+05:30,56035.19921875,56043.44921875,55947.6015625,55960.75,0,0.0,0.0
2026-09-16 10:05:00+05:30,55961.69921875,55988.8984375,55923.19921875,55971.44921875,0,0.0,0.0
2026-09-16 10:10:00+05:30,55971.3515625,55999.25,55929.75,55947.3984375,0,0.0,0.0
2026-09-16 10:15:00+05:30,55948.55078125,56068.6015625,55941.19921875,56004.6015625,0,0.0,0.0
2026-09-16 10:20:00+05:30,56004.6015625,56095.1015625,55997.80078125,56094.5,0,0.0,0.0
2026-09-16 10:25:00+05:30,56095.3984375,56129.25,56076.3515625,56106.1015625,0,0.0,0.0
2026-09-16 10:30:00+05:30,56103.44921875,56175.94921875,56103.44921875,56167.75,0,0.0,0.0
2026-09-16 10:35:00+05:30,56167.75,56223.19921875,56164.6015625,56184.6015625,0,0.0,0.0
2026-09-16 10:40:00+05:30,56183.6015625,56234.19921875,56182.55078125,56209.30078125,0,0.0,0.0
2026-09-16 10:45:00+05:30,56210.6484375,56249.94921875,56201.44921875,56243.25,0,0.0,0.0
2026-09-16 10:50:00+05:30,56241.25,56283.80078125,56210.75,56269.1484375,0,0.0,0.0
2026-09-16 10:55:00+05:30,56270.05078125,56270.05078125,56204.6015625,56243.6015625,0,0.0,0.0
2026-09-16 11:00:00+05:30,56244.8515625,56316.1015625,56242.8515625,56294.3515625,0,0.0,0.0
2026-09-16 11:05:00+05:30,56292.6484375,56294.25,56217.6015625,56238.0,0,0.0,0.0
2026-09-16 11:10:00+05:30,56237.6015625,56248.80078125,56179.30078125,56181.3984375,0,0.0,0.0
2026-09-16 11:15:00+05:30,56182.05078125,56216.5,56167.1484375,56174.05078125,0,0.0,0.0
2026-09-16 11:20:00+05:30,56173.6484375,56235.0,56145.80078125,56174.94921875,0,0.0,0.0
2026-09-16 11:25:00+05:30,56175.05078125,56180.30078125,56085.8515625,56088.1484375,0,0.0,0.0
2026-09-16 11:30:00+05:30,56089.19921875,56190.8515625,56084.80078125,56152.55078125,0,0.0,0.0
2026-09-16 11:35:00+05:30,56152.55078125,56181.0,56124.25,56144.05078125,0,0.0,0.0
2026-09-16 11:40:00+05:30,56142.3515625,56156.30078125,56129.5,56142.05078125,0,0.0,0.0
2026-09-16 11:45:00+05:30,56142.05078125,56161.94921875,56130.8984375,56149.75,0,0.0,0.0
2026-09-16 11:50:00+05:30,56150.44921875,56197.5,56137.8984375,56146.69921875,0,0.0,0.0
2026-09-16 11:55:00+05:30,56147.30078125,56151.69921875,56100.3984375,56112.6015625,0,0.0,0.0
2026-09-16 12:00:00+05:30,56113.94921875,56125.55078125,56071.1015625,56117.05078125,0,0.0,0.0
2026-09-16 12:05:00+05:30,56117.05078125,56156.6015625,56115.30078125,56131.94921875,0,0.0,0.0
2026-09-16 12:10:00+05:30,56131.75,56220.1015625,56129.94921875,56180.80078125,0,0.0,0.0
2026-09-16 12:15:00+05:30,56180.3984375,56203.5,56139.80078125,56193.6484375,0,0.0,0.0
2026-09-16 12:20:00+05:30,56192.05078125,56193.30078125,56152.6484375,56175.1484375,0,0.0,0.0
2026-09-16 12:25:00+05:30,56176.94921875,56190.05078125,56162.3984375,56185.30078125,0,0.0,0.0
2026-09-16 12:30:00+05:30,56184.6015625,56247.25,56175.05078125,56218.30078125,0,0.0,0.0
2026-09-16 12:35:00+05:30,56216.8984375,56233.80078125,56194.55078125,56214.0,0,0.0,0.0
2026-09-16 12:40:00+05:30,56215.94921875,56255.25,56211.25,56251.44921875,0,0.0,0.0
2026-09-16 12:45:00+05:30,56250.8984375,56264.3984375,56208.6015625,56248.1484375,0,0.0,0.0
2026-09-16 12:50:00+05:30,56248.1484375,56251.8515625,56219.94921875,56230.5,0,0.0,0.0
2026-09-16 12:55:00+05:30,56230.5,56259.8515625,56219.69921875,56219.69921875,0,0.0,0.0
2026-09-16 13:00:00+05:30,56222.6015625,56273.3984375,56215.75,56271.94921875,0,0.0,0.0
2026-09-16 13:05:00+05:30,56271.94921875,56368.1484375,56263.6484375,56343.69921875,0,0.0,0.0
2026-09-16 13:10:00+05:30,56343.69921875,56356.6484375,56293.80078125,56300.19921875,0,0.0,0.0
2026-09-16 13:15:00+05:30,56299.44921875,56345.0,56288.69921875,56340.0,0,0.0,0.0
2026-09-16 13:20:00+05:30,56339.44921875,56339.44921875,56286.5,56292.8515625,0,0.0,0.0
2026-09-16 13:25:00+05:30,56293.6484375,56296.94921875,56203.3515625,56203.3515625,0,0.0,0.0
2026-09-16 13:30:00+05:30,56206.1015625,56239.6484375,56202.6484375,56225.05078125,0,0.0,0.0
2026-09-16 13:35:00+05:30,56224.3984375,56255.6015625,56201.5,56222.1484375,0,0.0,0.0
2026-09-16 13:40:00+05:30,56224.19921875,56230.80078125,56184.1484375,56190.19921875,0,0.0,0.0
2026-09-16 13:45:00+05:30,56188.5,56239.1484375,56188.5,56206.55078125,0,0.0,0.0
2026-09-16 13:50:00+05:30,56205.5,56218.6015625,56177.94921875,56204.94921875,0,0.0,0.0
2026-09-16 13:55:00+05:30,56204.94921875,56220.55078125,56192.30078125,56218.05078125,0,0.0,0.0
2026-09-16 14:00:00+05:30,56215.94921875,56263.5,56212.05078125,56257.55078125,0,0.0,0.0
2026-09-16 14:05:00+05:30,56258.44921875,56268.55078125,56222.94921875,56231.94921875,0,0.0,0.0
2026-09-16 14:10:00+05:30,56231.94921875,56285.30078125,56220.8515625,56284.25,0,0.0,0.0
2026-09-16 14:15:00+05:30,56283.75,56312.44921875,56267.69921875,56271.25,0,0.0,0.0
2026-09-16 14:20:00+05:30,56267.19921875,56312.30078125,56260.8515625,56289.1484375,0,0.0,0.0
2026-09-16 14:25:00+05:30,56289.55078125,56308.8984375,56260.8515625,56286.69921875,0,0.0,0.0
2026-09-16 14:30:00+05:30,56286.30078125,56298.44921875,56271.3984375,56296.8984375,0,0.0,0.0
2026-09-16 14:35:00+05:30,56298.94921875,56314.30078125,56281.55078125,56298.3984375,0,0.0,0.0
2026-09-16 14:40:00+05:30,56297.5,56326.8515625,56273.94921875,56286.75,0,0.0,0.0
2026-09-16 14:45:00+05:30,56286.6015625,56302.30078125,56272.6484375,56302.30078125,0,0.0,0.0
2026-09-16 14:50:00+05:30,56298.80078125,56308.94921875,56275.19921875,56298.3515625,0,0.0,0.0
2026-09-16 14:55:00+05:30,56297.55078125,56357.3515625,56265.69921875,56270.0,0,0.0,0.0
2026-09-16 15:00:00+05:30,56272.55078125,56273.25,56236.05078125,56243.0,0,0.0,0.0
2026-09-16 15:05:00+05:30,56241.8515625,56251.80078125,56211.1484375,56236.6484375,0,0.0,0.0
2026-09-16 15:10:00+05:30,56234.25,56259.05078125,56213.44921875,56230.1484375,0,0.0,0.0
2026-09-16 15:15:00+05:30,56226.75,56226.75,56226.75,56226.75,0,0.0,0.0
2026-09-16 15:20:00+05:30,56226.75,56226.75,56226.75,56226.75,0,0.0,0.0
2026-09-16 15:25:00+05:30,56226.75,56292.44921875,56226.75,56292.44921875,0,0.0,0.0
2026-09-17 09:15:00+05:30,56132.1015625,56328.69921875,56080.1015625,56321.44921875,0,0.0,0.0
2026-09-17 09:20:00+05:30,56318.1015625,56327.1484375,56250.3515625,56283.1015625,0,0.0,0.0
2026-09-17 09:25:00+05:30,56281.0,56312.3515625,56249.8515625,56294.05078125,0,0.0,0.0
2026-09-17 09:30:00+05:30,56294.8984375,56507.8984375,56294.8984375,56501.0,0,0.0,0.0
2026-09-17 09:35:00+05:30,56497.6015625,56570.44921875,56450.6484375,56453.05078125,0,0.0,0.0
2026-09-17 09:40:00+05:30,56448.44921875,56460.8515625,56360.80078125,56431.8984375,0,0.0,0.0
2026-09-17 09:45:00+05:30,56432.5,56445.8984375,56392.30078125,56431.5,0,0.0,0.0
2026-09-17 09:50:00+05:30,56431.5,56456.19921875,56381.69921875,56444.1484375,0,0.0,0.0
2026-09-17 09:55:00+05:30,56444.1484375,56453.1015625,56403.80078125,56405.80078125,0,0.0,0.0
2026-09-17 10:00:00+05:30,56406.6484375,56444.3515625,56386.6484375,56435.1015625,0,0.0,0.0
2026-09-17 10:05:00+05:30,56434.8515625,56484.44921875,56433.1484375,56452.80078125,0,0.0,0.0
2026-09-17 10:10:00+05:30,56455.6484375,56500.1484375,56453.3984375,56474.3984375,0,0.0,0.0
2026-09-17 10:15:00+05:30,56477.55078125,56494.6015625,56421.3984375,56436.0,0,0.0,0.0
2026-09-17 10:20:00+05:30,56434.19921875,56466.3515625,56392.80078125,56399.6015625,0,0.0,0.0
2026-09-17 10:25:00+05:30,56399.30078125,56411.8984375,56380.8984375,56389.25,0,0.0,0.0
2026-09-17 10:30:00+05:30,56386.5,56394.44921875,56302.3984375,56305.1015625,0,0.0,0.0
2026-09-17 10:35:00+05:30,56302.69921875,56361.6484375,56287.1015625,56326.94921875,0,0.0,0.0
2026-09-17 10:40:00+05:30,56325.8984375,56339.6484375,56277.75,56285.44921875,0,0.0,0.0
2026-09-17 10:45:00+05:30,56284.25,56289.69921875,56236.30078125,56253.8984375,0,0.0,0.0
2026-09-17 10:50:00+05:30,56253.8984375,56290.80078125,56248.55078125,56272.6484375,0,0.0,0.0
2026-09-17 10:55:00+05:30,56269.3515625,56293.69921875,56233.19921875,56239.6015625,0,0.0,0.0
2026-09-17 11:00:00+05:30,56238.25,56241.44921875,56132.1015625,56136.6015625,0,0.0,0.0
2026-09-17 11:05:00+05:30,56133.6484375,56139.3515625,56056.8515625,56076.6015625,0,0.0,0.0
2026-09-17 11:10:00+05:30,56073.19921875,56123.3515625,56055.44921875,56099.3515625,0,0.0,0.0
2026-09-17 11:15:00+05:30,56102.94921875,56143.3515625,56081.25,56138.6484375,0,0.0,0.0
2026-09-17 11:20:00+05:30,56142.5,56167.19921875,56095.55078125,56099.0,0,0.0,0.0
2026-09-17 11:25:00+05:30,56100.6015625,56109.3984375,56086.30078125,56105.30078125,0,0.0,0.0
2026-09-17 11:30:00+05:30,56104.8515625,56128.75,56067.3984375,56109.6484375,0,0.0,0.0
2026-09-17 11:35:00+05:30,56109.55078125,56155.25,56088.55078125,56152.05078125,0,0.0,0.0
2026-09-17 11:40:00+05:30,56153.55078125,56207.75,56137.75,56203.94921875,0,0.0,0.0
2026-09-17 11:45:00+05:30,56202.69921875,56221.6484375,56157.0,56160.6015625,0,0.0,0.0
2026-09-17 11:50:00+05:30,56158.1484375,56220.6484375,56146.8515625,56186.25,0,0.0,0.0
2026-09-17 11:55:00+05:30,56186.25,56258.1484375,56181.1015625,56257.1015625,0,0.0,0.0
2026-09-17 12:00:00+05:30,56258.1015625,56277.0,56223.8984375,56233.8984375,0,0.0,0.0
2026-09-17 12:05:00+05:30,56232.75,56351.6484375,56222.30078125,56346.1015625,0,0.0,0.0
2026-09-17 12:10:00+05:30,56347.80078125,56387.0,56337.75,56357.25,0,0.0,0.0
2026-09-17 12:15:00+05:30,56367.6484375,56397.25,56352.1484375,56375.6484375,0,0.0,0.0
2026-09-17 12:20:00+05:30,56373.1484375,56404.55078125,56354.69921875,56370.6015625,0,0.0,0.0
2026-09-17 12:25:00+05:30,56370.0,56372.05078125,56301.69921875,56321.8984375,0,0.0,0.0
2026-09-17 12:30:00+05:30,56319.44921875,56343.69921875,56302.3984375,56336.55078125,0,0.0,0.0
2026-09-17 12:35:00+05:30,56334.19921875,56381.6015625,56332.1484375,56369.3984375,0,0.0,0.0
2026-09-17 12:40:00+05:30,56369.1484375,56383.69921875,56326.8984375,56338.0,0,0.0,0.0
2026-09-17 12:45:00+05:30,56335.94921875,56348.80078125,56298.19921875,56301.6015625,0,0.0,0.0
2026-09-17 12:50:00+05:30,56304.19921875,56325.80078125,56282.0,56295.3984375,0,0.0,0.0
2026-09-17 12:55:00+05:30,56292.19921875,56313.44921875,56280.19921875,56302.44921875,0,0.0,0.0
2026-09-17 13:00:00+05:30,56301.75,56320.3515625,56280.94921875,56293.30078125,0,0.0,0.0
2026-09-17 13:05:00+05:30,56292.5,56297.80078125,56249.5,56291.25,0,0.0,0.0
2026-09-17 13:10:00+05:30,56290.55078125,56298.30078125,56235.6015625,56238.5,0,0.0,0.0
2026-09-17 13:15:00+05:30,56236.5,56249.19921875,56202.6015625,56241.19921875,0,0.0,0.0
2026-09-17 13:20:00+05:30,56241.94921875,56253.0,56195.6484375,56199.0,0,0.0,0.0
2026-09-17 13:25:00+05:30,56202.5,56206.3984375,56098.25,56115.80078125,0,0.0,0.0
2026-09-17 13:30:00+05:30,56114.80078125,56118.5,56065.25,56074.25,0,0.0,0.0
2026-09-17 13:35:00+05:30,56072.8515625,56087.0,56039.19921875,56078.8984375,0,0.0,0.0
2026-09-17 13:40:00+05:30,56078.69921875,56151.80078125,56069.6484375,56073.8515625,0,0.0,0.0
2026-09-17 13:45:00+05:30,56076.80078125,56105.30078125,56070.6484375,56097.94921875,0,0.0,0.0
2026-09-17 13:50:00+05:30,56097.6015625,56136.6015625,56069.0,56093.55078125,0,0.0,0.0
2026-09-17 13:55:00+05:30,56091.19921875,56127.55078125,56078.0,56105.75,0,0.0,0.0
2026-09-17 14:00:00+05:30,56104.5,56135.05078125,56092.25,56113.05078125,0,0.0,0.0
2026-09-17 14:05:00+05:30,56112.6015625,56160.5,56110.1484375,56138.5,0,0.0,0.0
2026-09-17 14:10:00+05:30,56139.80078125,56155.75,56124.55078125,56124.55078125,0,0.0,0.0
2026-09-17 14:15:00+05:30,56123.69921875,56140.75,56093.25,56122.6015625,0,0.0,0.0
2026-09-17 14:20:00+05:30,56120.3515625,56153.30078125,56117.55078125,56147.1015625,0,0.0,0.0
2026-09-17 14:25:00+05:30,56150.8984375,56151.05078125,56101.6484375,56149.69921875,0,0.0,0.0
2026-09-17 14:30:00+05:30,56148.44921875,56166.30078125,56125.3515625,56132.6484375,0,0.0,0.0
2026-09-17 14:35:00+05:30,56132.55078125,56215.1484375,56129.19921875,56164.30078125,0,0.0,0.0
2026-09-17 14:40:00+05:30,56166.8515625,56168.55078125,56112.30078125,56121.8515625,0,0.0,0.0
2026-09-17 14:45:00+05:30,56119.80078125,56129.55078125,56093.05078125,56101.44921875,0,0.0,0.0
2026-09-17 14:50:00+05:30,56102.25,56113.6484375,56086.6484375,56098.8515625,0,0.0,0.0
2026-09-17 14:55:00+05:30,56094.80078125,56104.1484375,56077.1484375,56090.55078125,0,0.0,0.0
2026-09-17 15:00:00+05:30,56088.0,56114.94921875,56075.3515625,56097.3984375,0,0.0,0.0
2026-09-17 15:05:00+05:30,56097.94921875,56134.55078125,56095.6015625,56119.5,0,0.0,0.0
2026-09-17 15:10:00+05:30,56119.5,56147.8515625,56089.5,56141.1484375,0,0.0,0.0
2026-09-17 15:15:00+05:30,56137.44921875,56137.44921875,56137.44921875,56137.44921875,0,0.0,0.0
2026-09-17 15:20:00+05:30,56137.44921875,56137.44921875,56137.44921875,56137.44921875,0,0.0,0.0
2026-09-17 15:25:00+05:30,56137.44921875,56137.44921875,56055.75,56055.75,0,0.0,0.0
2026-09-18 09:15:00+05:30,56198.6015625,56326.94921875,56179.19921875,56239.25,0,0.0,0.0
2026-09-18 09:20:00+05:30,56235.75,56243.6484375,56161.6484375,56200.69921875,0,0.0,0.0
2026-09-18 09:25:00+05:30,56198.19921875,56206.80078125,56147.80078125,56181.1484375,0,0.0,0.0
2026-09-18 09:30:00+05:30,56182.30078125,56191.75,56135.94921875,56155.19921875,0,0.0,0.0
2026-09-18 09:35:00+05:30,56153.6484375,56251.75,56145.25,56240.0,0,0.0,0.0
2026-09-18 09:40:00+05:30,56236.1484375,56240.3984375,56164.94921875,56185.25,0,0.0,0.0
2026-09-18 09:45:00+05:30,56183.44921875,56204.30078125,56153.0,56183.5,0,0.0,0.0
2026-09-18 09:50:00+05:30,56182.94921875,56231.3984375,56174.44921875,56229.19921875,0,0.0,0.0
2026-09-18 09:55:00+05:30,56228.6015625,56277.30078125,56203.44921875,56231.94921875,0,0.0,0.0
2026-09-18 10:00:00+05:30,56232.3515625,56256.19921875,56219.0,56225.6484375,0,0.0,0.0
2026-09-18 10:05:00+05:30,56224.80078125,56249.3984375,56182.8984375,56223.8984375,0,0.0,0.0
2026-09-18 10:10:00+05:30,56221.30078125,56254.3515625,56219.5,56234.94921875,0,0.0,0.0
2026-09-18 10:15:00+05:30,56231.1015625,56246.6484375,56187.1484375,56198.1015625,0,0.0,0.0
2026-09-18 10:20:00+05:30,56198.25,56220.80078125,56151.3515625,56156.6015625,0,0.0,0.0
2026-09-18 10:25:00+05:30,56153.05078125,56172.6015625,56135.0,56155.6484375,0,0.0,0.0
2026-09-18 10:30:00+05:30,56158.8984375,56172.6015625,56134.1015625,56148.8515625,0,0.0,0.0
2026-09-18 10:35:00+05:30,56147.69921875,56158.3984375,56129.75,56134.44921875,0,0.0,0.0
2026-09-18 10:40:00+05:30,56134.1484375,56135.30078125,56106.69921875,56125.69921875,0,0.0,0.0
2026-09-18 10:45:00+05:30,56120.3515625,56123.3515625,56098.80078125,56118.69921875,0,0.0,0.0
2026-09-18 10:50:00+05:30,56115.0,56143.80078125,56114.25,56121.5,0,0.0,0.0
2026-09-18 10:55:00+05:30,56120.69921875,56143.1015625,56100.75,56103.1484375,0,0.0,0.0
2026-09-18 11:00:00+05:30,56101.55078125,56141.0,56099.44921875,56128.75,0,0.0,0.0
2026-09-18 11:05:00+05:30,56129.44921875,56129.44921875,56090.6484375,56106.30078125,0,0.0,0.0
2026-09-18 11:10:00+05:30,56106.30078125,56120.69921875,56087.8984375,56097.05078125,0,0.0,0.0
2026-09-18 11:15:00+05:30,56097.05078125,56112.0,56074.1484375,56084.8984375,0,0.0,0.0
2026-09-18 11:20:00+05:30,56084.1484375,56165.8515625,56084.05078125,56160.3984375,0,0.0,0.0
2026-09-18 11:25:00+05:30,56162.6015625,56164.94921875,56124.3515625,56146.55078125,0,0.0,0.0
2026-09-18 11:30:00+05:30,56146.6015625,56191.44921875,56145.30078125,56171.55078125,0,0.0,0.0
2026-09-18 11:35:00+05:30,56170.3984375,56183.1484375,56148.0,56153.19921875,0,0.0,0.0
2026-09-18 11:40:00+05:30,56157.3515625,56181.8984375,56147.3515625,56154.30078125,0,0.0,0.0
2026-09-18 11:45:00+05:30,56154.30078125,56188.8984375,56139.6015625,56181.8515625,0,0.0,0.0
2026-09-18 11:50:00+05:30,56179.6484375,56192.30078125,56151.69921875,56180.55078125,0,0.0,0.0
2026-09-18 11:55:00+05:30,56179.94921875,56233.69921875,56159.19921875,56190.30078125,0,0.0,0.0
2026-09-18 12:00:00+05:30,56187.6484375,56234.69921875,56174.3984375,56182.30078125,0,0.0,0.0
2026-09-18 12:05:00+05:30,56182.44921875,56186.75,56134.19921875,56161.3984375,0,0.0,0.0
2026-09-18 12:10:00+05:30,56162.0,56205.44921875,56158.6015625,56200.05078125,0,0.0,0.0
2026-09-18 12:15:00+05:30,56199.8984375,56226.80078125,56174.8984375,56179.19921875,0,0.0,0.0
2026-09-18 12:20:00+05:30,56181.5,56235.8515625,56173.55078125,56209.30078125,0,0.0,0.0
2026-09-18 12:25:00+05:30,56210.05078125,56231.19921875,56189.55078125,56221.8515625,0,0.0,0.0
2026-09-18 12:30:00+05:30,56223.25,56261.6484375,56220.0,56244.05078125,0,0.0,0.0
2026-09-18 12:35:00+05:30,56241.25,56287.05078125,56239.1484375,56264.25,0,0.0,0.0
2026-09-18 12:40:00+05:30,56264.8984375,56342.6015625,56259.55078125,56331.0,0,0.0,0.0
2026-09-18 12:45:00+05:30,56329.25,56358.5,56311.0,56325.75,0,0.0,0.0
2026-09-18 12:50:00+05:30,56324.30078125,56351.80078125,56321.6015625,56341.05078125,0,0.0,0.0
2026-09-18 12:55:00+05:30,56341.3515625,56348.05078125,56270.80078125,56334.05078125,0,0.0,0.0
2026-09-18 13:00:00+05:30,56333.8984375,56389.94921875,56330.5,56380.94921875,0,0.0,0.0
2026-09-18 13:05:00+05:30,56380.94921875,56393.8515625,56340.6015625,56361.69921875,0,0.0,0.0
2026-09-18 13:10:00+05:30,56359.55078125,56381.3984375,56350.8984375,56360.69921875,0,0.0,0.0
2026-09-18 13:15:00+05:30,56359.94921875,56363.19921875,56293.80078125,56307.1015625,0,0.0,0.0
2026-09-18 13:20:00+05:30,56305.75,56339.3984375,56290.05078125,56301.19921875,0,0.0,0.0
2026-09-18 13:25:00+05:30,56305.0,56329.1484375,56276.3515625,56294.44921875,0,0.0,0.0
2026-09-18 13:30:00+05:30,56294.44921875,56329.44921875,56290.6484375,56307.0,0,0.0,0.0
2026-09-18 13:35:00+05:30,56308.6015625,56311.6484375,56283.8984375,56291.0,0,0.0,0.0
2026-09-18 13:40:00+05:30,56290.8984375,56303.5,56260.75,56262.19921875,0,0.0,0.0
2026-09-18 13:45:00+05:30,56259.19921875,56296.8515625,56229.1015625,56282.30078125,0,0.0,0.0
2026-09-18 13:50:00+05:30,56280.3984375,56339.25,56278.8515625,56330.6484375,0,0.0,0.0
2026-09-18 13:55:00+05:30,56330.05078125,56338.3984375,56296.1484375,56310.44921875,0,0.0,0.0
2026-09-18 14:00:00+05:30,56311.0,56344.94921875,56295.8515625,56342.3984375,0,0.0,0.0
2026-09-18 14:05:00+05:30,56339.69921875,56413.8984375,56338.6484375,56405.6484375,0,0.0,0.0
2026-09-18 14:10:00+05:30,56406.6015625,56427.05078125,56388.1484375,56401.8515625,0,0.0,0.0
2026-09-18 14:15:00+05:30,56397.8515625,56432.80078125,56390.80078125,56420.30078125,0,0.0,0.0
2026-09-18 14:20:00+05:30,56420.94921875,56434.6484375,56402.44921875,56409.44921875,0,0.0,0.0
2026-09-18 14:25:00+05:30,56408.6015625,56446.3984375,56387.05078125,56444.19921875,0,0.0,0.0
2026-09-18 14:30:00+05:30,56432.1015625,56476.1015625,56432.1015625,56470.30078125,0,0.0,0.0
2026-09-18 14:35:00+05:30,56465.0,56469.75,56450.19921875,56453.1015625,0,0.0,0.0
2026-09-18 14:40:00+05:30,56448.5,56458.05078125,56421.0,56424.80078125,0,0.0,0.0
2026-09-18 14:45:00+05:30,56424.80078125,56458.3515625,56413.94921875,56456.80078125,0,0.0,0.0
2026-09-18 14:50:00+05:30,56456.75,56497.44921875,56452.55078125,56481.55078125,0,0.0,0.0
2026-09-18 14:55:00+05:30,56475.0,56482.80078125,56452.5,56455.55078125,0,0.0,0.0
2026-09-18 15:00:00+05:30,56456.55078125,56456.55078125,56354.8515625,56367.3515625,0,0.0,0.0
2026-09-18 15:05:00+05:30,56363.44921875,56381.19921875,56328.25,56347.05078125,0,0.0,0.0
2026-09-18 15:10:00+05:30,56347.30078125,56405.94921875,56311.8515625,56360.19921875,0,0.0,0.0
2026-09-18 15:15:00+05:30,56360.19921875,56360.19921875,56360.19921875,56360.19921875,0,0.0,0.0
2026-09-18 15:20:00+05:30,56360.19921875,56360.19921875,56360.19921875,56360.19921875,0,0.0,0.0
2026-09-18 15:25:00+05:30,56360.19921875,56360.19921875,56358.69921875,56358.69921875,0,0.0,0.0
2026-09-21 09:15:00+05:30,56361.8984375,56497.69921875,56270.75,56424.1484375,0,0.0,0.0
2026-09-21 09:20:00+05:30,56425.0,56484.80078125,56388.6015625,56449.3984375,0,0.0,0.0
2026-09-21 09:25:00+05:30,56451.3515625,56510.1015625,56442.0,56498.5,0,0.0,0.0
2026-09-21 09:30:00+05:30,56496.80078125,56503.75,56441.05078125,56453.3515625,0,0.0,0.0
2026-09-21 09:35:00+05:30,56451.75,56499.0,56421.6484375,56425.44921875,0,0.0,0.0
2026-09-21 09:40:00+05:30,56426.6015625,56494.19921875,56412.8984375,56477.80078125,0,0.0,0.0
2026-09-21 09:45:00+05:30,56478.55078125,56478.55078125,56426.94921875,56440.80078125,0,0.0,0.0
2026-09-21 09:50:00+05:30,56438.1484375,56462.19921875,56407.05078125,56408.30078125,0,0.0,0.0
2026-09-21 09:55:00+05:30,56408.25,56447.75,56400.1015625,56432.55078125,0,0.0,0.0
2026-09-21 10:00:00+05:30,56432.80078125,56440.1015625,56370.30078125,56375.75,0,0.0,0.0
2026-09-21 10:05:00+05:30,56376.44921875,56386.44921875,56342.69921875,56371.8984375,0,0.0,0.0
2026-09-21 10:10:00+05:30,56371.8984375,56390.5,56328.05078125,56332.3984375,0,0.0,0.0
2026-09-21 10:15:00+05:30,56329.8984375,56382.55078125,56328.8515625,56357.5,0,0.0,0.0
2026-09-21 10:20:00+05:30,56354.69921875,56396.8984375,56351.94921875,56375.6484375,0,0.0,0.0
2026-09-21 10:25:00+05:30,56375.75,56387.80078125,56356.8984375,56380.19921875,0,0.0,0.0
2026-09-21 10:30:00+05:30,56381.1015625,56383.1015625,56338.44921875,56347.1484375,0,0.0,0.0
2026-09-21 10:35:00+05:30,56346.3984375,56380.75,56345.3984375,56348.3515625,0,0.0,0.0
2026-09-21 10:40:00+05:30,56346.1484375,56398.1015625,56344.19921875,56389.55078125,0,0.0,0.0
2026-09-21 10:45:00+05:30,56389.3515625,56437.1484375,56388.19921875,56402.75,0,0.0,0.0
2026-09-21 10:50:00+05:30,56404.25,56415.1484375,56397.3515625,56401.3515625,0,0.0,0.0
