Datetime,Open,High,Low,Close,Volume,Dividends,Stock Splits
2026-07-27 09:15:00+05:30,23929.5,23963.19921875,23897.19921875,23912.30078125,0,0.0,0.0
2026-07-27 09:20:00+05:30,23913.75,23939.5,23911.75,23929.400390625,0,0.0,0.0
2026-07-27 09:25:00+05:30,23930.349609375,23940.75,23913.599609375,23939.94921875,0,0.0,0.0
2026-07-27 09:30:00+05:30,23941.80078125,23948.849609375,23927.75,23937.349609375,0,0.0,0.0
2026-07-27 09:35:00+05:30,23939.599609375,23952.30078125,23936.05078125,23944.099609375,0,0.0,0.0
2026-07-27 09:40:00+05:30,23944.900390625,23951.30078125,23941.099609375,23951.05078125,0,0.0,0.0
2026-07-27 09:45:00+05:30,23952.099609375,23955.900390625,23945.05078125,23951.849609375,0,0.0,0.0
2026-07-27 09:50:00+05:30,23953.44921875,23953.44921875,23929.5,23933.400390625,0,0.0,0.0
2026-07-27 09:55:00+05:30,23934.94921875,23936.0,23916.80078125,23933.849609375,0,0.0,0.0
2026-07-27 10:00:00+05:30,23933.349609375,23934.900390625,23916.75,23918.849609375,0,0.0,0.0
2026-07-27 10:05:00+05:30,23920.400390625,23925.80078125,23909.0,23912.599609375,0,0.0,0.0
2026-07-27 10:10:00+05:30,23913.25,23933.349609375,23910.400390625,23933.30078125,0,0.0,0.0
2026-07-27 10:15:00+05:30,23934.0,23935.75,23920.650390625,23923.94921875,0,0.0,0.0
2026-07-27 10:20:00+05:30,23925.349609375,23925.5,23908.75,23911.400390625,0,0.0,0.0
2026-07-27 10:25:00+05:30,23912.80078125,23918.400390625,23910.30078125,23915.19921875,0,0.0,0.0
2026-07-27 10:30:00+05:30,23917.05078125,23924.05078125,23906.5,23915.900390625,0,0.0,0.0
2026-07-27 10:35:00+05:30,23917.44921875,23917.44921875,23891.69921875,23892.099609375,0,0.0,0.0
2026-07-27 10:40:00+05:30,23894.25,23927.650390625,23892.25,23925.30078125,0,0.0,0.0
2026-07-27 10:45:00+05:30,23927.25,23927.75,23912.5,23917.19921875,0,0.0,0.0
2026-07-27 10:50:00+05:30,23918.30078125,23924.30078125,23907.80078125,23917.099609375,0,0.0,0.0
2026-07-27 10:55:00+05:30,23917.80078125,23939.30078125,23911.05078125,23933.44921875,0,0.0,0.0
2026-07-27 11:00:00+05:30,23935.599609375,23938.400390625,23927.69921875,23930.05078125,0,0.0,0.0
2026-07-27 11:05:00+05:30,23931.150390625,23936.25,23920.0,23932.849609375,0,0.0,0.0
2026-07-27 11:10:00+05:30,23936.05078125,23937.44921875,23922.75,23924.75,0,0.0,0.0
2026-07-27 11:15:00+05:30,23926.0,23945.0,23923.349609375,23944.400390625,0,0.0,0.0
2026-07-27 11:20:00+05:30,23945.69921875,23950.94921875,23939.5,23949.44921875,0,0.0,0.0
2026-07-27 11:25:00+05:30,23951.55078125,23968.19921875,23949.099609375,23961.900390625,0,0.0,0.0
2026-07-27 11:30:00+05:30,23963.55078125,23971.75,23958.900390625,23964.0,0,0.0,0.0
2026-07-27 11:35:00+05:30,23966.44921875,23966.44921875,23956.30078125,23960.19921875,0,0.0,0.0
2026-07-27 11:40:00+05:30,23961.69921875,23968.900390625,23959.400390625,23963.55078125,0,0.0,0.0
2026-07-27 11:45:00+05:30,23966.05078125,23970.30078125,23952.650390625,23954.19921875,0,0.0,0.0
2026-07-27 11:50:00+05:30,23956.25,23961.0,23949.099609375,23959.69921875,0,0.0,0.0
2026-07-27 11:55:00+05:30,23961.94921875,23972.80078125,23959.25,23963.400390625,0,0.0,0.0
2026-07-27 12:00:00+05:30,23965.69921875,23967.400390625,23953.150390625,23955.30078125,0,0.0,0.0
2026-07-27 12:05:00+05:30,23957.30078125,23958.05078125,23949.05078125,23952.349609375,0,0.0,0.0
2026-07-27 12:10:00+05:30,23954.30078125,23963.150390625,23945.599609375,23956.19921875,0,0.0,0.0
2026-07-27 12:15:00+05:30,23959.05078125,23965.80078125,23955.099609375,23959.25,0,0.0,0.0
2026-07-27 12:20:00+05:30,23960.599609375,23961.75,23952.900390625,23957.900390625,0,0.0,0.0
2026-07-27 12:25:00+05:30,23960.30078125,23962.900390625,23954.25,23954.75,0,0.0,0.0
2026-07-27 12:30:00+05:30,23956.900390625,23967.30078125,23951.099609375,23958.5,0,0.0,0.0
2026-07-27 12:35:00+05:30,23961.80078125,23961.80078125,23948.80078125,23951.19921875,0,0.0,0.0
2026-07-27 12:40:00+05:30,23952.05078125,23953.349609375,23943.05078125,23951.19921875,0,0.0,0.0
2026-07-27 12:45:00+05:30,23952.55078125,23957.650390625,23949.19921875,23951.19921875,0,0.0,0.0
2026-07-27 12:50:00+05:30,23953.80078125,23958.0,23946.849609375,23949.0,0,0.0,0.0
2026-07-27 12:55:00+05:30,23951.30078125,23958.05078125,23943.75,23953.900390625,0,0.0,0.0
2026-07-27 13:00:00+05:30,23955.849609375,23968.80078125,23948.19921875,23962.69921875,0,0.0,0.0
2026-07-27 13:05:00+05:30,23965.80078125,23970.69921875,23959.599609375,23962.19921875,0,0.0,0.0
2026-07-27 13:10:00+05:30,23964.55078125,23970.80078125,23959.0,23970.099609375,0,0.0,0.0
2026-07-27 13:15:00+05:30,23971.900390625,23979.150390625,23969.349609375,23972.30078125,0,0.0,0.0
2026-07-27 13:20:00+05:30,23974.19921875,23975.69921875,23968.099609375,23972.19921875,0,0.0,0.0
2026-07-27 13:25:00+05:30,23973.80078125,23973.80078125,23954.30078125,23954.55078125,0,0.0,0.0
2026-07-27 13:30:00+05:30,23956.25,23960.849609375,23938.5,23938.5,0,0.0,0.0
2026-07-27 13:35:00+05:30,23940.599609375,23959.55078125,23935.400390625,23958.349609375,0,0.0,0.0
2026-07-27 13:40:00+05:30,23959.94921875,23960.69921875,23946.599609375,23956.25,0,0.0,0.0
2026-07-27 13:45:00+05:30,23958.25,23967.25,23953.25,23957.650390625,0,0.0,0.0
2026-07-27 13:50:00+05:30,23959.0,23967.30078125,23954.099609375,23964.30078125,0,0.0,0.0
2026-07-27 13:55:00+05:30,23965.80078125,23972.400390625,23962.0,23971.349609375,0,0.0,0.0
2026-07-27 14:00:00+05:30,23973.599609375,23989.5,23970.5,23984.650390625,0,0.0,0.0
2026-07-27 14:05:00+05:30,23986.75,23995.150390625,23981.25,23993.25,0,0.0,0.0
2026-07-27 14:10:00+05:30,23995.94921875,23998.30078125,23987.69921875,23995.900390625,0,0.0,0.0
2026-07-27 14:15:00+05:30,23997.55078125,23998.849609375,23984.55078125,23990.150390625,0,0.0,0.0
2026-07-27 14:20:00+05:30,23992.55078125,23998.400390625,23988.5,23998.25,0,0.0,0.0
2026-07-27 14:25:00+05:30,23999.30078125,24009.69921875,23995.19921875,24006.69921875,0,0.0,0.0
2026-07-27 14:30:00+05:30,24008.650390625,24011.099609375,23996.0,23998.099609375,0,0.0,0.0
2026-07-27 14:35:00+05:30,24000.44921875,24003.69921875,23988.30078125,23998.099609375,0,0.0,0.0
2026-07-27 14:40:00+05:30,23999.599609375,24001.75,23988.80078125,23996.25,0,0.0,0.0
2026-07-27 14:45:00+05:30,23997.650390625,24003.5,23986.900390625,23992.650390625,0,0.0,0.0
2026-07-27 14:50:00+05:30,23995.19921875,24000.349609375,23984.80078125,23985.400390625,0,0.0,0.0
2026-07-27 14:55:00+05:30,23986.75,23997.400390625,23984.099609375,23989.150390625,0,0.0,0.0
2026-07-27 15:00:00+05:30,23989.55078125,24000.849609375,23988.5,23990.69921875,0,0.0,0.0
2026-07-27 15:05:00+05:30,23991.19921875,23998.30078125,23990.599609375,23995.849609375,0,0.0,0.0
2026-07-27 15:10:00+05:30,23996.849609375,24001.75,23986.400390625,23987.150390625,0,0.0,0.0
2026-07-27 15:15:00+05:30,23985.099609375,23997.150390625,23985.099609375,23996.75,0,0.0,0.0
2026-07-27 15:20:00+05:30,23995.349609375,24007.44921875,23993.0,24003.75,0,0.0,0.0
2026-07-27 15:25:00+05:30,24003.19921875,24008.099609375,23996.599609375,24003.650390625,0,0.0,0.0
2026-07-28 09:15:00+05:30,23971.25,24039.849609375,23969.25,24029.849609375,0,0.0,0.0
2026-07-28 09:20:00+05:30,24029.69921875,24037.05078125,24011.150390625,24015.0,0,0.0,0.0
2026-07-28 09:25:00+05:30,24015.55078125,24015.55078125,23994.099609375,24006.80078125,0,0.0,0.0
2026-07-28 09:30:00+05:30,24006.25,24013.400390625,23985.75,23993.75,0,0.0,0.0
2026-07-28 09:35:00+05:30,23993.400390625,24020.44921875,23993.400390625,24019.25,0,0.0,0.0
2026-07-28 09:40:00+05:30,24018.75,24025.19921875,24015.25,24017.94921875,0,0.0,0.0
2026-07-28 09:45:00+05:30,24018.05078125,24019.900390625,24005.19921875,24012.5,0,0.0,0.0
2026-07-28 09:50:00+05:30,24012.94921875,24014.05078125,23995.25,24012.0,0,0.0,0.0
2026-07-28 09:55:00+05:30,24012.400390625,24017.94921875,24007.349609375,24011.349609375,0,0.0,0.0
2026-07-28 10:00:00+05:30,24012.25,24013.55078125,23967.150390625,23973.0,0,0.0,0.0
2026-07-28 10:05:00+05:30,23972.900390625,23978.599609375,23962.150390625,23970.69921875,0,0.0,0.0
2026-07-28 10:10:00+05:30,23971.25,23988.400390625,23962.44921875,23986.25,0,0.0,0.0
2026-07-28 10:15:00+05:30,23985.599609375,24006.099609375,23985.05078125,23997.900390625,0,0.0,0.0
2026-07-28 10:20:00+05:30,23997.400390625,23999.30078125,23984.80078125,23994.900390625,0,0.0,0.0
2026-07-28 10:25:00+05:30,23994.69921875,24001.900390625,23985.650390625,23985.849609375,0,0.0,0.0
2026-07-28 10:30:00+05:30,23986.55078125,24007.30078125,23986.19921875,23998.80078125,0,0.0,0.0
2026-07-28 10:35:00+05:30,23999.150390625,24014.0,23996.099609375,24007.80078125,0,0.0,0.0
2026-07-28 10:40:00+05:30,24007.5,24023.349609375,24006.099609375,24019.75,0,0.0,0.0
2026-07-28 10:45:00+05:30,24020.099609375,24033.349609375,24020.0,24030.19921875,0,0.0,0.0
2026-07-28 10:50:00+05:30,24030.69921875,24039.0,24025.599609375,24036.44921875,0,0.0,0.0
2026-07-28 10:55:00+05:30,24036.400390625,24041.0,24032.69921875,24036.19921875,0,0.0,0.0
2026-07-28 11:00:00+05:30,24036.650390625,24039.55078125,24017.900390625,24024.44921875,0,0.0,0.0
2026-07-28 11:05:00+05:30,24024.44921875,24025.80078125,24017.94921875,24023.80078125,0,0.0,0.0
2026-07-28 11:10:00+05:30,24024.099609375,24024.55078125,24010.05078125,24014.599609375,0,0.0,0.0
2026-07-28 11:15:00+05:30,24015.19921875,24029.69921875,24014.900390625,24024.94921875,0,0.0,0.0
2026-07-28 11:20:00+05:30,24025.30078125,24026.150390625,24013.44921875,24014.650390625,0,0.0,0.0
2026-07-28 11:25:00+05:30,24014.75,24021.30078125,24010.650390625,24014.0,0,0.0,0.0
2026-07-28 11:30:00+05:30,24013.900390625,24016.150390625,24001.80078125,24002.19921875,0,0.0,0.0
2026-07-28 11:35:00+05:30,24002.80078125,24010.650390625,23999.94921875,24010.349609375,0,0.0,0.0
2026-07-28 11:40:00+05:30,24010.69921875,24025.05078125,24008.150390625,24021.05078125,0,0.0,0.0
2026-07-28 11:45:00+05:30,24020.900390625,24036.80078125,24018.5,24030.75,0,0.0,0.0
2026-07-28 11:50:00+05:30,24030.80078125,24031.900390625,24011.19921875,24014.30078125,0,0.0,0.0
2026-07-28 11:55:00+05:30,24013.75,24015.849609375,24003.650390625,24011.349609375,0,0.0,0.0
2026-07-28 12:00:00+05:30,24011.0,24013.94921875,24003.75,24008.400390625,0,0.0,0.0
2026-07-28 12:05:00+05:30,24021.25,24021.69921875,24019.099609375,24020.44921875,0,0.0,0.0
2026-07-28 12:10:00+05:30,24021.44921875,24028.599609375,24018.19921875,24026.5,0,0.0,0.0
2026-07-28 12:15:00+05:30,24026.25,24028.400390625,24015.30078125,24018.0,0,0.0,0.0
2026-07-28 12:20:00+05:30,24017.75,24020.25,24010.849609375,24017.80078125,0,0.0,0.0
2026-07-28 12:25:00+05:30,24017.75,24028.900390625,24012.849609375,24023.349609375,0,0.0,0.0
2026-07-28 12:30:00+05:30,24023.5,24027.25,24017.599609375,24017.69921875,0,0.0,0.0
2026-07-28 12:35:00+05:30,24017.30078125,24021.30078125,24009.400390625,24018.94921875,0,0.0,0.0
2026-07-28 12:40:00+05:30,24018.150390625,24023.44921875,24014.30078125,24015.55078125,0,0.0,0.0
2026-07-28 12:45:00+05:30,24015.650390625,24022.0,24011.150390625,24014.5,0,0.0,0.0
2026-07-28 12:50:00+05:30,24015.25,24016.19921875,24009.349609375,24013.75,0,0.0,0.0
2026-07-28 12:55:00+05:30,24013.44921875,24017.94921875,24003.900390625,24003.900390625,0,0.0,0.0
2026-07-28 13:00:00+05:30,24004.05078125,24008.75,24000.849609375,24002.599609375,0,0.0,0.0
2026-07-28 13:05:00+05:30,24002.150390625,24007.849609375,24000.349609375,24004.900390625,0,0.0,0.0
2026-07-28 13:10:00+05:30,24005.69921875,24006.349609375,23982.900390625,23983.099609375,0,0.0,0.0
2026-07-28 13:15:00+05:30,23983.05078125,23984.05078125,23968.650390625,23978.44921875,0,0.0,0.0
2026-07-28 13:20:00+05:30,23978.55078125,23993.69921875,23974.55078125,23991.599609375,0,0.0,0.0
2026-07-28 13:25:00+05:30,23991.150390625,23991.150390625,23982.099609375,23985.599609375,0,0.0,0.0
2026-07-28 13:30:00+05:30,23984.849609375,23992.5,23980.5,23986.80078125,0,0.0,0.0
2026-07-28 13:35:00+05:30,23987.05078125,23993.099609375,23982.099609375,23985.05078125,0,0.0,0.0
2026-07-28 13:40:00+05:30,23985.0,23986.80078125,23977.400390625,23983.349609375,0,0.0,0.0
2026-07-28 13:45:00+05:30,23983.349609375,23984.25,23972.400390625,23980.400390625,0,0.0,0.0
2026-07-28 13:50:00+05:30,23980.650390625,24009.150390625,23980.44921875,24006.150390625,0,0.0,0.0
2026-07-28 13:55:00+05:30,24006.19921875,24011.75,23995.44921875,24002.0,0,0.0,0.0
2026-07-28 14:00:00+05:30,24001.900390625,24005.0,23997.0,24001.150390625,0,0.0,0.0
2026-07-28 14:05:00+05:30,24001.400390625,24005.900390625,23996.69921875,23997.849609375,0,0.0,0.0
2026-07-28 14:10:00+05:30,23998.19921875,23999.849609375,23989.75,23993.69921875,0,0.0,0.0
2026-07-28 14:15:00+05:30,23993.349609375,24001.25,23987.19921875,23992.0,0,0.0,0.0
2026-07-28 14:20:00+05:30,23991.69921875,23996.400390625,23985.0,23987.099609375,0,0.0,0.0
2026-07-28 14:25:00+05:30,23988.30078125,23998.400390625,23986.19921875,23988.5,0,0.0,0.0
2026-07-28 14:30:00+05:30,23987.55078125,23987.55078125,23970.099609375,23974.80078125,0,0.0,0.0
2026-07-28 14:35:00+05:30,23973.400390625,23993.75,23972.19921875,23988.900390625,0,0.0,0.0
2026-07-28 14:40:00+05:30,23991.44921875,23998.5,23981.44921875,23996.19921875,0,0.0,0.0
2026-07-28 14:45:00+05:30,23995.349609375,23995.44921875,23974.30078125,23975.650390625,0,0.0,0.0
2026-07-28 14:50:00+05:30,23975.30078125,23991.099609375,23968.099609375,23987.849609375,0,0.0,0.0
2026-07-28 14:55:00+05:30,23987.94921875,23991.0,23977.150390625,23980.94921875,0,0.0,0.0
2026-07-28 15:00:00+05:30,23980.900390625,23985.150390625,23954.69921875,23962.05078125,0,0.0,0.0
2026-07-28 15:05:00+05:30,23962.900390625,23971.349609375,23962.599609375,23965.75,0,0.0,0.0
2026-07-28 15:10:00+05:30,23966.0,23970.19921875,23961.900390625,23969.400390625,0,0.0,0.0
2026-07-28 15:15:00+05:30,23969.400390625,24004.400390625,23968.69921875,24002.400390625,0,0.0,0.0
2026-07-28 15:20:00+05:30,24004.19921875,24013.349609375,23989.099609375,23989.099609375,0,0.0,0.0
2026-07-28 15:25:00+05:30,23991.75,23995.650390625,23976.400390625,23983.94921875,0,0.0,0.0
2026-07-29 09:15:00+05:30,24188.05078125,24195.5,24141.75,24187.099609375,0,0.0,0.0
2026-07-29 09:20:00+05:30,24187.150390625,24191.55078125,24162.0,24177.349609375,0,0.0,0.0
2026-07-29 09:25:00+05:30,24177.849609375,24196.19921875,24170.900390625,24178.5,0,0.0,0.0
2026-07-29 09:30:00+05:30,24175.599609375,24193.44921875,24175.599609375,24187.94921875,0,0.0,0.0
2026-07-29 09:35:00+05:30,24188.150390625,24210.75,24185.94921875,24208.30078125,0,0.0,0.0
2026-07-29 09:40:00+05:30,24208.5,24217.650390625,24199.05078125,24212.19921875,0,0.0,0.0
2026-07-29 09:45:00+05:30,24211.849609375,24218.400390625,24204.0,24218.0,0,0.0,0.0
2026-07-29 09:50:00+05:30,24217.94921875,24221.599609375,24197.19921875,24204.94921875,0,0.0,0.0
2026-07-29 09:55:00+05:30,24205.55078125,24209.0,24184.94921875,24187.650390625,0,0.0,0.0
2026-07-29 10:00:00+05:30,24186.30078125,24207.0,24186.30078125,24204.650390625,0,0.0,0.0
2026-07-29 10:05:00+05:30,24204.400390625,24223.400390625,24203.900390625,24220.599609375,0,0.0,0.0
2026-07-29 10:10:00+05:30,24219.650390625,24223.75,24213.099609375,24221.30078125,0,0.0,0.0
2026-07-29 10:15:00+05:30,24220.900390625,24229.099609375,24214.0,24220.05078125,0,0.0,0.0
2026-07-29 10:20:00+05:30,24219.55078125,24232.69921875,24219.55078125,24228.900390625,0,0.0,0.0
2026-07-29 10:25:00+05:30,24231.30078125,24235.349609375,24224.80078125,24225.30078125,0,0.0,0.0
2026-07-29 10:30:00+05:30,24224.75,24236.55078125,24221.75,24234.19921875,0,0.0,0.0
2026-07-29 10:35:00+05:30,24234.150390625,24238.30078125,24229.30078125,24231.150390625,0,0.0,0.0
2026-07-29 10:40:00+05:30,24230.69921875,24238.349609375,24230.19921875,24233.80078125,0,0.0,0.0
2026-07-29 10:45:00+05:30,24233.69921875,24234.05078125,24213.400390625,24219.94921875,0,0.0,0.0
2026-07-29 10:50:00+05:30,24219.5,24221.849609375,24214.25,24217.80078125,0,0.0,0.0
2026-07-29 10:55:00+05:30,24218.400390625,24226.30078125,24218.30078125,24220.80078125,0,0.0,0.0
2026-07-29 11:00:00+05:30,24221.19921875,24234.099609375,24215.25,24232.55078125,0,0.0,0.0
2026-07-29 11:05:00+05:30,24232.349609375,24243.849609375,24230.849609375,24238.650390625,0,0.0,0.0
2026-07-29 11:10:00+05:30,24238.75,24241.599609375,24229.19921875,24233.69921875,0,0.0,0.0
2026-07-29 11:15:00+05:30,24233.30078125,24235.05078125,24223.349609375,24231.099609375,0,0.0,0.0
2026-07-29 11:20:00+05:30,24230.19921875,24241.349609375,24228.099609375,24236.599609375,0,0.0,0.0
2026-07-29 11:25:00+05:30,24237.05078125,24241.099609375,24232.400390625,24232.55078125,0,0.0,0.0
2026-07-29 11:30:00+05:30,24232.150390625,24237.099609375,24228.5,24229.30078125,0,0.0,0.0
2026-07-29 11:35:00+05:30,24229.80078125,24231.099609375,24218.75,24221.349609375,0,0.0,0.0
2026-07-29 11:40:00+05:30,24221.849609375,24235.19921875,24221.30078125,24232.25,0,0.0,0.0
2026-07-29 11:45:00+05:30,24232.5,24240.349609375,24227.80078125,24231.80078125,0,0.0,0.0
2026-07-29 11:50:00+05:30,24231.900390625,24233.5,24223.900390625,24228.94921875,0,0.0,0.0
2026-07-29 11:55:00+05:30,24229.19921875,24231.099609375,24219.80078125,24225.650390625,0,0.0,0.0
2026-07-29 12:00:00+05:30,24225.849609375,24232.44921875,24223.25,24230.19921875,0,0.0,0.0
2026-07-29 12:05:00+05:30,24230.349609375,24247.44921875,24229.44921875,24244.69921875,0,0.0,0.0
2026-07-29 12:10:00+05:30,24244.05078125,24246.150390625,24236.19921875,24238.44921875,0,0.0,0.0
2026-07-29 12:15:00+05:30,24238.80078125,24240.400390625,24227.0,24228.25,0,0.0,0.0
2026-07-29 12:20:00+05:30,24229.05078125,24234.55078125,24225.400390625,24227.400390625,0,0.0,0.0
2026-07-29 12:25:00+05:30,24228.05078125,24229.55078125,24219.69921875,24221.5,0,0.0,0.0
2026-07-29 12:30:00+05:30,24222.099609375,24233.0,24221.05078125,24231.30078125,0,0.0,0.0
2026-07-29 12:35:00+05:30,24232.05078125,24234.94921875,24225.650390625,24228.05078125,0,0.0,0.0
2026-07-29 12:40:00+05:30,24228.05078125,24232.44921875,24218.900390625,24220.80078125,0,0.0,0.0
2026-07-29 12:45:00+05:30,24221.44921875,24225.150390625,24210.599609375,24210.650390625,0,0.0,0.0
2026-07-29 12:50:00+05:30,24211.05078125,24229.150390625,24209.94921875,24227.099609375,0,0.0,0.0
2026-07-29 12:55:00+05:30,24227.400390625,24231.44921875,24222.150390625,24228.75,0,0.0,0.0
2026-07-29 13:00:00+05:30,24228.849609375,24240.849609375,24228.650390625,24235.900390625,0,0.0,0.0
2026-07-29 13:05:00+05:30,24236.30078125,24255.25,24236.30078125,24252.25,0,0.0,0.0
2026-07-29 13:10:00+05:30,24253.05078125,24261.349609375,24252.650390625,24257.55078125,0,0.0,0.0
2026-07-29 13:15:00+05:30,24257.400390625,24259.900390625,24248.5,24254.55078125,0,0.0,0.0
2026-07-29 13:20:00+05:30,24254.25,24255.150390625,24245.80078125,24246.5,0,0.0,0.0
2026-07-29 13:25:00+05:30,24247.05078125,24254.19921875,24244.55078125,24245.80078125,0,0.0,0.0
2026-07-29 13:30:00+05:30,24245.75,24256.69921875,24245.0,24255.0,0,0.0,0.0
2026-07-29 13:35:00+05:30,24255.099609375,24256.849609375,24243.349609375,24245.150390625,0,0.0,0.0
2026-07-29 13:40:00+05:30,24245.44921875,24251.69921875,24236.0,24238.400390625,0,0.0,0.0
2026-07-29 13:45:00+05:30,24236.19921875,24257.5,24235.650390625,24246.19921875,0,0.0,0.0
2026-07-29 13:50:00+05:30,24245.849609375,24259.94921875,24245.349609375,24258.25,0,0.0,0.0
2026-07-29 13:55:00+05:30,24257.05078125,24259.099609375,24249.650390625,24250.5,0,0.0,0.0
2026-07-29 14:00:00+05:30,24249.75,24271.150390625,24249.75,24267.099609375,0,0.0,0.0
2026-07-29 14:05:00+05:30,24269.150390625,24271.599609375,24258.099609375,24263.849609375,0,0.0,0.0
2026-07-29 14:10:00+05:30,24263.599609375,24271.69921875,24261.150390625,24263.80078125,0,0.0,0.0
2026-07-29 14:15:00+05:30,24263.80078125,24277.69921875,24263.30078125,24274.099609375,0,0.0,0.0
2026-07-29 14:20:00+05:30,24274.19921875,24278.05078125,24266.30078125,24270.05078125,0,0.0,0.0
2026-07-29 14:25:00+05:30,24269.94921875,24274.75,24263.400390625,24272.650390625,0,0.0,0.0
2026-07-29 14:30:00+05:30,24272.099609375,24279.0,24267.099609375,24270.150390625,0,0.0,0.0
2026-07-29 14:35:00+05:30,24270.150390625,24271.5,24259.55078125,24263.349609375,0,0.0,0.0
2026-07-29 14:40:00+05:30,24263.599609375,24266.099609375,24251.44921875,24259.599609375,0,0.0,0.0
2026-07-29 14:45:00+05:30,24259.650390625,24277.25,24259.650390625,24267.19921875,0,0.0,0.0
2026-07-29 14:50:00+05:30,24267.05078125,24274.0,24262.25,24273.30078125,0,0.0,0.0
2026-07-29 14:55:00+05:30,24272.75,24283.0,24271.44921875,24272.5,0,0.0,0.0
2026-07-29 15:00:00+05:30,24274.400390625,24278.55078125,24260.900390625,24262.5,0,0.0,0.0
2026-07-29 15:05:00+05:30,24263.05078125,24263.05078125,24251.599609375,24258.94921875,0,0.0,0.0
2026-07-29 15:10:00+05:30,24259.400390625,24261.900390625,24249.69921875,24252.0,0,0.0,0.0
2026-07-29 15:15:00+05:30,24251.44921875,24251.900390625,24238.75,24241.75,0,0.0,0.0
2026-07-29 15:20:00+05:30,24243.55078125,24247.099609375,24234.75,24238.05078125,0,0.0,0.0
2026-07-29 15:25:00+05:30,24238.19921875,24245.80078125,24231.05078125,24242.0,0,0.0,0.0
2026-07-30 09:15:00+05:30,24250.400390625,24266.650390625,24190.0,24266.55078125,0,0.0,0.0
2026-07-30 09:20:00+05:30,24266.44921875,24278.05078125,24255.349609375,24273.0,0,0.0,0.0
2026-07-30 09:25:00+05:30,24273.05078125,24280.25,24268.55078125,24276.94921875,0,0.0,0.0
2026-07-30 09:30:00+05:30,24274.5,24287.25,24267.55078125,24274.400390625,0,0.0,0.0
2026-07-30 09:35:00+05:30,24275.0,24278.650390625,24254.599609375,24258.55078125,0,0.0,0.0
2026-07-30 09:40:00+05:30,24258.69921875,24261.650390625,24245.80078125,24256.25,0,0.0,0.0
2026-07-30 09:45:00+05:30,24257.25,24283.30078125,24250.05078125,24271.55078125,0,0.0,0.0
2026-07-30 09:50:00+05:30,24272.69921875,24285.55078125,24260.099609375,24262.0,0,0.0,0.0
2026-07-30 09:55:00+05:30,24262.80078125,24280.0,24258.80078125,24275.849609375,0,0.0,0.0
2026-07-30 10:00:00+05:30,24276.75,24281.30078125,24269.099609375,24275.69921875,0,0.0,0.0
2026-07-30 10:05:00+05:30,24275.900390625,24279.150390625,24260.0,24260.400390625,0,0.0,0.0
2026-07-30 10:10:00+05:30,24261.900390625,24264.80078125,24241.5,24243.5,0,0.0,0.0
2026-07-30 10:15:00+05:30,24243.75,24261.150390625,24242.599609375,24243.650390625,0,0.0,0.0
2026-07-30 10:20:00+05:30,24244.44921875,24251.19921875,24236.0,24248.650390625,0,0.0,0.0
2026-07-30 10:25:00+05:30,24249.849609375,24251.650390625,24231.150390625,24232.099609375,0,0.0,0.0
2026-07-30 10:30:00+05:30,24232.75,24238.19921875,24224.849609375,24237.599609375,0,0.0,0.0
2026-07-30 10:35:00+05:30,24238.25,24251.650390625,24232.849609375,24243.599609375,0,0.0,0.0
2026-07-30 10:40:00+05:30,24243.5,24261.349609375,24237.0,24259.150390625,0,0.0,0.0
2026-07-30 10:45:00+05:30,24260.25,24262.69921875,24253.349609375,24258.44921875,0,0.0,0.0
2026-07-30 10:50:00+05:30,24259.5,24270.650390625,24258.599609375,24259.900390625,0,0.0,0.0
2026-07-30 10:55:00+05:30,24261.150390625,24264.150390625,24253.19921875,24256.900390625,0,0.0,0.0
2026-07-30 11:00:00+05:30,24256.44921875,24265.0,24248.150390625,24261.900390625,0,0.0,0.0
2026-07-30 11:05:00+05:30,24262.099609375,24263.599609375,24249.44921875,24257.099609375,0,0.0,0.0
2026-07-30 11:10:00+05:30,24256.80078125,24270.55078125,24256.80078125,24265.05078125,0,0.0,0.0
2026-07-30 11:15:00+05:30,24264.900390625,24282.5,24262.69921875,24273.150390625,0,0.0,0.0
2026-07-30 11:20:00+05:30,24273.0,24278.25,24262.099609375,24267.099609375,0,0.0,0.0
2026-07-30 11:25:00+05:30,24266.349609375,24279.400390625,24265.099609375,24274.599609375,0,0.0,0.0
2026-07-30 11:30:00+05:30,24274.19921875,24277.849609375,24267.150390625,24277.150390625,0,0.0,0.0
2026-07-30 11:35:00+05:30,24277.400390625,24279.44921875,24269.599609375,24270.900390625,0,0.0,0.0
2026-07-30 11:40:00+05:30,24270.05078125,24274.55078125,24264.849609375,24265.5,0,0.0,0.0
2026-07-30 11:45:00+05:30,24265.80078125,24266.69921875,24251.05078125,24256.30078125,0,0.0,0.0
2026-07-30 11:50:00+05:30,24256.650390625,24260.55078125,24251.55078125,24255.650390625,0,0.0,0.0
2026-07-30 11:55:00+05:30,24255.80078125,24265.400390625,24254.400390625,24262.599609375,0,0.0,0.0
2026-07-30 12:00:00+05:30,24262.599609375,24263.849609375,24253.30078125,24260.599609375,0,0.0,0.0
2026-07-30 12:05:00+05:30,24261.05078125,24266.400390625,24252.25,24253.5,0,0.0,0.0
2026-07-30 12:10:00+05:30,24253.650390625,24261.30078125,24248.849609375,24254.099609375,0,0.0,0.0
2026-07-30 12:15:00+05:30,24253.94921875,24260.19921875,24249.0,24260.19921875,0,0.0,0.0
2026-07-30 12:20:00+05:30,24260.150390625,24267.400390625,24257.19921875,24258.80078125,0,0.0,0.0
2026-07-30 12:25:00+05:30,24258.80078125,24267.44921875,24256.099609375,24264.05078125,0,0.0,0.0
2026-07-30 12:30:00+05:30,24264.30078125,24331.05078125,24261.94921875,24306.75,0,0.0,0.0
2026-07-30 12:35:00+05:30,24306.599609375,24321.099609375,24293.349609375,24304.05078125,0,0.0,0.0
2026-07-30 12:40:00+05:30,24303.650390625,24314.5,24297.650390625,24308.349609375,0,0.0,0.0
2026-07-30 12:45:00+05:30,24308.44921875,24309.55078125,24294.599609375,24301.05078125,0,0.0,0.0
2026-07-30 12:50:00+05:30,24300.150390625,24304.30078125,24291.55078125,24297.30078125,0,0.0,0.0
2026-07-30 12:55:00+05:30,24296.69921875,24300.55078125,24290.80078125,24295.69921875,0,0.0,0.0
2026-07-30 13:00:00+05:30,24295.650390625,24296.25,24279.30078125,24282.650390625,0,0.0,0.0
2026-07-30 13:05:00+05:30,24282.0,24297.55078125,24276.5,24281.900390625,0,0.0,0.0
2026-07-30 13:10:00+05:30,24281.05078125,24283.150390625,24248.849609375,24264.0,0,0.0,0.0
2026-07-30 13:15:00+05:30,24264.05078125,24267.150390625,24259.099609375,24264.69921875,0,0.0,0.0
2026-07-30 13:20:00+05:30,24264.94921875,24281.94921875,24264.349609375,24279.349609375,0,0.0,0.0
2026-07-30 13:25:00+05:30,24279.25,24285.55078125,24267.30078125,24269.400390625,0,0.0,0.0
2026-07-30 13:30:00+05:30,24269.150390625,24278.69921875,24266.900390625,24276.900390625,0,0.0,0.0
2026-07-30 13:35:00+05:30,24276.900390625,24300.25,24275.75,24287.25,0,0.0,0.0
2026-07-30 13:40:00+05:30,24287.150390625,24298.55078125,24287.150390625,24289.44921875,0,0.0,0.0
2026-07-30 13:45:00+05:30,24288.400390625,24289.599609375,24279.900390625,24280.05078125,0,0.0,0.0
2026-07-30 13:50:00+05:30,24280.150390625,24296.44921875,24272.30078125,24295.5,0,0.0,0.0
2026-07-30 13:55:00+05:30,24295.099609375,24299.44921875,24275.94921875,24283.849609375,0,0.0,0.0
2026-07-30 14:00:00+05:30,24283.349609375,24287.75,24277.099609375,24281.099609375,0,0.0,0.0
2026-07-30 14:05:00+05:30,24280.44921875,24282.75,24261.55078125,24263.80078125,0,0.0,0.0
2026-07-30 14:10:00+05:30,24263.69921875,24267.69921875,24255.44921875,24255.69921875,0,0.0,0.0
2026-07-30 14:15:00+05:30,24255.19921875,24260.25,24247.69921875,24257.19921875,0,0.0,0.0
2026-07-30 14:20:00+05:30,24256.80078125,24257.55078125,24236.55078125,24244.19921875,0,0.0,0.0
2026-07-30 14:25:00+05:30,24244.599609375,24245.0,24228.94921875,24235.0,0,0.0,0.0
2026-07-30 14:30:00+05:30,24235.30078125,24257.94921875,24227.25,24246.599609375,0,0.0,0.0
2026-07-30 14:35:00+05:30,24245.150390625,24268.55078125,24237.69921875,24267.55078125,0,0.0,0.0
2026-07-30 14:40:00+05:30,24267.650390625,24269.599609375,24249.900390625,24258.69921875,0,0.0,0.0
2026-07-30 14:45:00+05:30,24258.849609375,24283.44921875,24251.099609375,24277.599609375,0,0.0,0.0
2026-07-30 14:50:00+05:30,24276.599609375,24277.80078125,24266.30078125,24267.94921875,0,0.0,0.0
2026-07-30 14:55:00+05:30,24267.55078125,24276.150390625,24264.0,24272.849609375,0,0.0,0.0
2026-07-30 15:00:00+05:30,24273.099609375,24302.349609375,24268.75,24299.849609375,0,0.0,0.0
2026-07-30 15:05:00+05:30,24301.099609375,24325.599609375,24296.849609375,24319.19921875,0,0.0,0.0
2026-07-30 15:10:00+05:30,24321.349609375,24329.55078125,24316.599609375,24318.25,0,0.0,0.0
2026-07-30 15:15:00+05:30,24316.900390625,24318.75,24307.94921875,24314.75,0,0.0,0.0
2026-07-30 15:20:00+05:30,24314.94921875,24340.849609375,24309.80078125,24335.650390625,0,0.0,0.0
2026-07-30 15:25:00+05:30,24337.05078125,24342.94921875,24292.75,24296.599609375,0,0.0,0.0
2026-07-31 09:15:00+05:30,24359.80078125,24377.55078125,24328.19921875,24350.5,0,0.0,0.0
2026-07-31 09:20:00+05:30,24350.30078125,24365.25,24341.05078125,24353.150390625,0,0.0,0.0
2026-07-31 09:25:00+05:30,24353.599609375,24355.30078125,24341.19921875,24345.75,0,0.0,0.0
2026-07-31 09:30:00+05:30,24344.75,24347.69921875,24308.900390625,24312.25,0,0.0,0.0
2026-07-31 09:35:00+05:30,24312.05078125,24315.80078125,24299.69921875,24310.0,0,0.0,0.0
2026-07-31 09:40:00+05:30,24310.30078125,24352.900390625,24309.099609375,24349.30078125,0,0.0,0.0
2026-07-31 09:45:00+05:30,24348.900390625,24360.650390625,24335.75,24358.650390625,0,0.0,0.0
2026-07-31 09:50:00+05:30,24358.69921875,24361.44921875,24338.349609375,24354.80078125,0,0.0,0.0
2026-07-31 09:55:00+05:30,24354.19921875,24362.94921875,24350.400390625,24357.55078125,0,0.0,0.0
2026-07-31 10:00:00+05:30,24357.599609375,24359.650390625,24347.75,24351.0,0,0.0,0.0
2026-07-31 10:05:00+05:30,24350.599609375,24352.0,24333.650390625,24341.599609375,0,0.0,0.0
2026-07-31 10:10:00+05:30,24341.30078125,24352.69921875,24339.75,24346.05078125,0,0.0,0.0
2026-07-31 10:15:00+05:30,24346.19921875,24348.650390625,24332.900390625,24347.75,0,0.0,0.0
2026-07-31 10:20:00+05:30,24347.400390625,24355.44921875,24345.599609375,24353.849609375,0,0.0,0.0
2026-07-31 10:25:00+05:30,24353.5,24355.349609375,24346.30078125,24352.099609375,0,0.0,0.0
2026-07-31 10:30:00+05:30,24350.80078125,24354.900390625,24337.150390625,24341.0,0,0.0,0.0
2026-07-31 10:35:00+05:30,24340.44921875,24361.05078125,24336.150390625,24357.69921875,0,0.0,0.0
2026-07-31 10:40:00+05:30,24357.400390625,24359.900390625,24350.599609375,24353.55078125,0,0.0,0.0
2026-07-31 10:45:00+05:30,24353.0,24362.349609375,24352.05078125,24356.75,0,0.0,0.0
2026-07-31 10:50:00+05:30,24355.75,24357.400390625,24345.30078125,24351.599609375,0,0.0,0.0
2026-07-31 10:55:00+05:30,24352.650390625,24356.650390625,24348.400390625,24354.19921875,0,0.0,0.0
2026-07-31 11:00:00+05:30,24354.099609375,24357.30078125,24346.80078125,24354.650390625,0,0.0,0.0
2026-07-31 11:05:00+05:30,24354.349609375,24355.5,24335.94921875,24337.69921875,0,0.0,0.0
2026-07-31 11:10:00+05:30,24337.099609375,24357.900390625,24334.150390625,24357.75,0,0.0,0.0
2026-07-31 11:15:00+05:30,24357.75,24365.349609375,24355.69921875,24362.900390625,0,0.0,0.0
2026-07-31 11:20:00+05:30,24362.0,24370.55078125,24362.0,24367.75,0,0.0,0.0
2026-07-31 11:25:00+05:30,24366.44921875,24374.94921875,24363.900390625,24365.69921875,0,0.0,0.0
2026-07-31 11:30:00+05:30,24366.25,24370.0,24360.19921875,24363.05078125,0,0.0,0.0
2026-07-31 11:35:00+05:30,24362.69921875,24369.900390625,24360.44921875,24360.94921875,0,0.0,0.0
2026-07-31 11:40:00+05:30,24361.349609375,24367.0,24357.849609375,24364.69921875,0,0.0,0.0
2026-07-31 11:45:00+05:30,24364.599609375,24366.55078125,24359.0,24362.05078125,0,0.0,0.0
2026-07-31 11:50:00+05:30,24362.099609375,24369.099609375,24358.349609375,24361.599609375,0,0.0,0.0
2026-07-31 11:55:00+05:30,24362.75,24368.44921875,24361.099609375,24364.44921875,0,0.0,0.0
2026-07-31 12:00:00+05:30,24364.849609375,24368.55078125,24361.349609375,24362.30078125,0,0.0,0.0
2026-07-31 12:05:00+05:30,24362.25,24374.30078125,24360.94921875,24371.900390625,0,0.0,0.0
2026-07-31 12:10:00+05:30,24371.900390625,24382.5,24365.80078125,24382.099609375,0,0.0,0.0
2026-07-31 12:15:00+05:30,24381.55078125,24384.349609375,24374.30078125,24374.69921875,0,0.0,0.0
2026-07-31 12:20:00+05:30,24374.650390625,24380.150390625,24374.400390625,24378.44921875,0,0.0,0.0
2026-07-31 12:25:00+05:30,24378.650390625,24392.900390625,24378.0,24386.30078125,0,0.0,0.0
2026-07-31 12:30:00+05:30,24385.69921875,24392.80078125,24378.650390625,24392.599609375,0,0.0,0.0
2026-07-31 12:35:00+05:30,24392.849609375,24397.5,24389.80078125,24396.150390625,0,0.0,0.0
2026-07-31 12:40:00+05:30,24396.75,24404.44921875,24394.5,24401.75,0,0.0,0.0
2026-07-31 12:45:00+05:30,24402.0,24413.94921875,24400.05078125,24413.099609375,0,0.0,0.0
2026-07-31 12:50:00+05:30,24412.55078125,24414.80078125,24402.849609375,24408.75,0,0.0,0.0
2026-07-31 12:55:00+05:30,24408.900390625,24424.55078125,24407.900390625,24413.75,0,0.0,0.0
2026-07-31 13:00:00+05:30,24412.94921875,24417.349609375,24407.55078125,24414.44921875,0,0.0,0.0
2026-07-31 13:05:00+05:30,24414.75,24427.849609375,24414.44921875,24418.849609375,0,0.0,0.0
2026-07-31 13:10:00+05:30,24419.150390625,24421.44921875,24412.150390625,24414.80078125,0,0.0,0.0
2026-07-31 13:15:00+05:30,24414.30078125,24421.75,24412.69921875,24420.599609375,0,0.0,0.0
2026-07-31 13:20:00+05:30,24420.69921875,24426.19921875,24415.55078125,24423.599609375,0,0.0,0.0
2026-07-31 13:25:00+05:30,24423.150390625,24429.400390625,24414.349609375,24417.849609375,0,0.0,0.0
2026-07-31 13:30:00+05:30,24417.900390625,24419.80078125,24396.05078125,24398.80078125,0,0.0,0.0
2026-07-31 13:35:00+05:30,24399.19921875,24411.30078125,24397.900390625,24400.150390625,0,0.0,0.0
2026-07-31 13:40:00+05:30,24400.400390625,24402.599609375,24391.44921875,24395.19921875,0,0.0,0.0
2026-07-31 13:45:00+05:30,24395.75,24403.05078125,24390.19921875,24400.150390625,0,0.0,0.0
2026-07-31 13:50:00+05:30,24399.69921875,24406.44921875,24397.5,24403.900390625,0,0.0,0.0
2026-07-31 13:55:00+05:30,24404.94921875,24413.099609375,24402.75,24412.19921875,0,0.0,0.0
2026-07-31 14:00:00+05:30,24413.05078125,24413.75,24394.05078125,24394.75,0,0.0,0.0
2026-07-31 14:05:00+05:30,24395.75,24397.80078125,24386.0,24391.150390625,0,0.0,0.0
2026-07-31 14:10:00+05:30,24392.19921875,24406.400390625,24389.849609375,24402.650390625,0,0.0,0.0
2026-07-31 14:15:00+05:30,24403.5,24404.80078125,24391.150390625,24395.44921875,0,0.0,0.0
2026-07-31 14:20:00+05:30,24395.69921875,24399.900390625,24390.150390625,24398.900390625,0,0.0,0.0
2026-07-31 14:25:00+05:30,24399.5,24407.05078125,24391.599609375,24394.30078125,0,0.0,0.0
2026-07-31 14:30:00+05:30,24395.80078125,24401.900390625,24373.69921875,24375.099609375,0,0.0,0.0
2026-07-31 14:35:00+05:30,24375.150390625,24382.30078125,24368.0,24373.400390625,0,0.0,0.0
2026-07-31 14:40:00+05:30,24375.0,24375.55078125,24357.099609375,24361.849609375,0,0.0,0.0
2026-07-31 14:45:00+05:30,24361.650390625,24372.650390625,24361.349609375,24370.30078125,0,0.0,0.0
2026-07-31 14:50:00+05:30,24370.900390625,24375.05078125,24365.94921875,24369.650390625,0,0.0,0.0
2026-07-31 14:55:00+05:30,24370.75,24370.900390625,24355.05078125,24360.55078125,0,0.0,0.0
2026-07-31 15:00:00+05:30,24361.19921875,24385.849609375,24361.19921875,24384.19921875,0,0.0,0.0
2026-07-31 15:05:00+05:30,24385.44921875,24399.0,24381.94921875,24398.349609375,0,0.0,0.0
2026-07-31 15:10:00+05:30,24399.0,24399.150390625,24388.75,24390.19921875,0,0.0,0.0
2026-07-31 15:15:00+05:30,24391.30078125,24392.400390625,24377.30078125,24377.900390625,0,0.0,0.0
2026-07-31 15:20:00+05:30,24377.44921875,24382.0,24373.0,24379.849609375,0,0.0,0.0
2026-07-31 15:25:00+05:30,24380.55078125,24382.349609375,24359.650390625,24366.69921875,0,0.0,0.0
2026-08-03 09:15:00+05:30,24568.0,24568.0,24518.0,24530.099609375,0,0.0,0.0
2026-08-03 09:20:00+05:30,24530.150390625,24539.5,24515.5,24527.05078125,0,0.0,0.0
2026-08-03 09:25:00+05:30,24526.69921875,24551.94921875,24523.349609375,24550.19921875,0,0.0,0.0
2026-08-03 09:30:00+05:30,24550.25,24558.400390625,24541.80078125,24553.44921875,0,0.0,0.0
2026-08-03 09:35:00+05:30,24553.19921875,24557.0,24543.75,24554.400390625,0,0.0,0.0
2026-08-03 09:40:00+05:30,24553.25,24560.44921875,24550.349609375,24558.05078125,0,0.0,0.0
2026-08-03 09:45:00+05:30,24558.44921875,24558.849609375,24546.05078125,24548.25,0,0.0,0.0
2026-08-03 09:50:00+05:30,24548.099609375,24560.900390625,24545.75,24559.599609375,0,0.0,0.0
2026-08-03 09:55:00+05:30,24558.75,24571.599609375,24558.150390625,24564.69921875,0,0.0,0.0
2026-08-03 10:00:00+05:30,24564.099609375,24574.599609375,24559.05078125,24568.400390625,0,0.0,0.0
2026-08-03 10:05:00+05:30,24569.0,24572.900390625,24560.30078125,24567.19921875,0,0.0,0.0
2026-08-03 10:10:00+05:30,24567.150390625,24581.69921875,24563.849609375,24579.19921875,0,0.0,0.0
2026-08-03 10:15:00+05:30,24579.0,24592.44921875,24577.75,24588.150390625,0,0.0,0.0
2026-08-03 10:20:00+05:30,24588.150390625,24589.400390625,24572.80078125,24578.19921875,0,0.0,0.0
2026-08-03 10:25:00+05:30,24578.400390625,24586.849609375,24575.94921875,24580.80078125,0,0.0,0.0
2026-08-03 10:30:00+05:30,24580.150390625,24584.75,24564.400390625,24570.349609375,0,0.0,0.0
2026-08-03 10:35:00+05:30,24570.94921875,24585.44921875,24562.69921875,24584.19921875,0,0.0,0.0
2026-08-03 10:40:00+05:30,24583.94921875,24585.69921875,24575.599609375,24583.650390625,0,0.0,0.0
2026-08-03 10:45:00+05:30,24583.75,24589.44921875,24579.44921875,24588.849609375,0,0.0,0.0
2026-08-03 10:50:00+05:30,24587.650390625,24592.400390625,24585.05078125,24589.900390625,0,0.0,0.0
2026-08-03 10:55:00+05:30,24589.849609375,24595.44921875,24581.80078125,24586.44921875,0,0.0,0.0
2026-08-03 11:00:00+05:30,24586.900390625,24601.75,24585.650390625,24598.150390625,0,0.0,0.0
2026-08-03 11:05:00+05:30,24597.55078125,24602.400390625,24590.44921875,24593.650390625,0,0.0,0.0
2026-08-03 11:10:00+05:30,24593.94921875,24597.349609375,24584.900390625,24589.44921875,0,0.0,0.0
2026-08-03 11:15:00+05:30,24588.94921875,24600.44921875,24586.05078125,24591.599609375,0,0.0,0.0
2026-08-03 11:20:00+05:30,24591.44921875,24600.94921875,24589.5,24598.150390625,0,0.0,0.0
2026-08-03 11:25:00+05:30,24598.0,24599.19921875,24588.75,24591.75,0,0.0,0.0
2026-08-03 11:30:00+05:30,24591.849609375,24594.19921875,24579.80078125,24585.44921875,0,0.0,0.0
2026-08-03 11:35:00+05:30,24584.849609375,24595.69921875,24583.05078125,24593.849609375,0,0.0,0.0
2026-08-03 11:40:00+05:30,24593.80078125,24600.30078125,24590.650390625,24592.30078125,0,0.0,0.0
2026-08-03 11:45:00+05:30,24592.5,24597.849609375,24584.80078125,24597.849609375,0,0.0,0.0
2026-08-03 11:50:00+05:30,24597.75,24605.5,24595.69921875,24601.599609375,0,0.0,0.0
2026-08-03 11:55:00+05:30,24602.25,24603.30078125,24590.55078125,24592.0,0,0.0,0.0
2026-08-03 12:00:00+05:30,24591.55078125,24594.900390625,24585.69921875,24588.25,0,0.0,0.0
2026-08-03 12:05:00+05:30,24588.0,24598.69921875,24587.650390625,24597.0,0,0.0,0.0
2026-08-03 12:10:00+05:30,24596.80078125,24602.599609375,24591.650390625,24601.30078125,0,0.0,0.0
2026-08-03 12:15:00+05:30,24601.30078125,24608.75,24599.25,24606.400390625,0,0.0,0.0
2026-08-03 12:20:00+05:30,24605.30078125,24607.19921875,24598.05078125,24605.599609375,0,0.0,0.0
2026-08-03 12:25:00+05:30,24605.75,24609.44921875,24602.25,24604.05078125,0,0.0,0.0
2026-08-03 12:30:00+05:30,24604.44921875,24606.55078125,24591.150390625,24593.75,0,0.0,0.0
2026-08-03 12:35:00+05:30,24593.69921875,24595.44921875,24584.400390625,24587.099609375,0,0.0,0.0
2026-08-03 12:40:00+05:30,24588.400390625,24596.80078125,24585.849609375,24593.0,0,0.0,0.0
2026-08-03 12:45:00+05:30,24594.650390625,24602.150390625,24570.150390625,24582.099609375,0,0.0,0.0
2026-08-03 12:50:00+05:30,24584.349609375,24591.849609375,24578.25,24588.69921875,0,0.0,0.0
2026-08-03 12:55:00+05:30,24591.150390625,24591.150390625,24580.150390625,24584.650390625,0,0.0,0.0
2026-08-03 13:00:00+05:30,24584.19921875,24585.94921875,24575.75,24578.19921875,0,0.0,0.0
2026-08-03 13:05:00+05:30,24578.150390625,24583.94921875,24576.099609375,24582.900390625,0,0.0,0.0
2026-08-03 13:10:00+05:30,24583.5,24585.69921875,24575.900390625,24577.69921875,0,0.0,0.0
2026-08-03 13:15:00+05:30,24578.19921875,24588.05078125,24576.05078125,24587.05078125,0,0.0,0.0
2026-08-03 13:20:00+05:30,24587.30078125,24587.94921875,24580.599609375,24584.0,0,0.0,0.0
2026-08-03 13:25:00+05:30,24584.30078125,24592.05078125,24583.05078125,24589.69921875,0,0.0,0.0
2026-08-03 13:30:00+05:30,24589.25,24598.44921875,24585.849609375,24597.80078125,0,0.0,0.0
2026-08-03 13:35:00+05:30,24597.349609375,24606.05078125,24592.0,24592.30078125,0,0.0,0.0
2026-08-03 13:40:00+05:30,24592.0,24601.0,24581.19921875,24596.099609375,0,0.0,0.0
2026-08-03 13:45:00+05:30,24595.19921875,24601.150390625,24591.349609375,24592.69921875,0,0.0,0.0
2026-08-03 13:50:00+05:30,24592.099609375,24595.849609375,24583.099609375,24586.75,0,0.0,0.0
2026-08-03 13:55:00+05:30,24585.900390625,24592.650390625,24581.69921875,24586.80078125,0,0.0,0.0
2026-08-03 14:00:00+05:30,24586.69921875,24591.05078125,24583.5,24589.44921875,0,0.0,0.0
2026-08-03 14:05:00+05:30,24590.05078125,24593.19921875,24585.099609375,24588.400390625,0,0.0,0.0
2026-08-03 14:10:00+05:30,24588.75,24595.05078125,24583.94921875,24593.5,0,0.0,0.0
2026-08-03 14:15:00+05:30,24594.5,24595.05078125,24577.69921875,24583.849609375,0,0.0,0.0
2026-08-03 14:20:00+05:30,24584.19921875,24591.55078125,24580.650390625,24584.650390625,0,0.0,0.0
2026-08-03 14:25:00+05:30,24585.099609375,24592.30078125,24584.05078125,24589.849609375,0,0.0,0.0
2026-08-03 14:30:00+05:30,24589.44921875,24593.650390625,24587.099609375,24590.94921875,0,0.0,0.0
2026-08-03 14:35:00+05:30,24591.44921875,24601.150390625,24585.400390625,24597.599609375,0,0.0,0.0
2026-08-03 14:40:00+05:30,24597.400390625,24602.0,24594.349609375,24597.55078125,0,0.0,0.0
2026-08-03 14:45:00+05:30,24598.349609375,24601.5,24593.44921875,24598.55078125,0,0.0,0.0
2026-08-03 14:50:00+05:30,24598.19921875,24602.75,24588.849609375,24592.69921875,0,0.0,0.0
2026-08-03 14:55:00+05:30,24592.19921875,24599.19921875,24590.55078125,24595.0,0,0.0,0.0
2026-08-03 15:00:00+05:30,24594.849609375,24596.55078125,24583.25,24583.900390625,0,0.0,0.0
2026-08-03 15:05:00+05:30,24584.19921875,24584.94921875,24554.94921875,24571.05078125,0,0.0,0.0
2026-08-03 15:10:00+05:30,24568.80078125,24584.05078125,24554.19921875,24573.55078125,0,0.0,0.0
2026-08-03 15:15:00+05:30,24573.349609375,24573.349609375,24573.349609375,24573.349609375,0,0.0,0.0
2026-08-03 15:20:00+05:30,24573.349609375,24573.349609375,24573.349609375,24573.349609375,0,0.0,0.0
2026-08-03 15:25:00+05:30,24573.349609375,24774.30078125,24573.349609375,24774.30078125,0,0.0,0.0
2026-08-04 09:15:00+05:30,24666.650390625,24666.650390625,24591.30078125,24599.80078125,0,0.0,0.0
2026-08-04 09:20:00+05:30,24604.900390625,24626.44921875,24600.400390625,24615.849609375,0,0.0,0.0
2026-08-04 09:25:00+05:30,24618.44921875,24618.44921875,24595.599609375,24597.599609375,0,0.0,0.0
2026-08-04 09:30:00+05:30,24598.5,24606.400390625,24589.80078125,24590.650390625,0,0.0,0.0
2026-08-04 09:35:00+05:30,24591.650390625,24606.19921875,24589.80078125,24604.650390625,0,0.0,0.0
2026-08-04 09:40:00+05:30,24606.0,24629.55078125,24604.599609375,24623.599609375,0,0.0,0.0
2026-08-04 09:45:00+05:30,24623.69921875,24635.94921875,24621.849609375,24635.150390625,0,0.0,0.0
2026-08-04 09:50:00+05:30,24635.80078125,24647.650390625,24631.30078125,24634.150390625,0,0.0,0.0
2026-08-04 09:55:00+05:30,24634.80078125,24639.400390625,24628.75,24631.55078125,0,0.0,0.0
2026-08-04 10:00:00+05:30,24633.80078125,24634.75,24625.349609375,24626.400390625,0,0.0,0.0
2026-08-04 10:05:00+05:30,24628.150390625,24630.650390625,24610.30078125,24611.400390625,0,0.0,0.0
2026-08-04 10:10:00+05:30,24613.94921875,24619.0,24607.44921875,24615.5,0,0.0,0.0
2026-08-04 10:15:00+05:30,24617.599609375,24620.75,24610.150390625,24616.19921875,0,0.0,0.0
2026-08-04 10:20:00+05:30,24617.55078125,24618.150390625,24593.55078125,24593.80078125,0,0.0,0.0
2026-08-04 10:25:00+05:30,24596.400390625,24598.099609375,24588.400390625,24592.80078125,0,0.0,0.0
2026-08-04 10:30:00+05:30,24594.150390625,24594.94921875,24581.0,24582.900390625,0,0.0,0.0
2026-08-04 10:35:00+05:30,24584.94921875,24586.25,24578.650390625,24581.94921875,0,0.0,0.0
2026-08-04 10:40:00+05:30,24584.0,24588.55078125,24580.099609375,24582.0,0,0.0,0.0
2026-08-04 10:45:00+05:30,24583.94921875,24585.55078125,24578.69921875,24583.5,0,0.0,0.0
2026-08-04 10:50:00+05:30,24586.349609375,24588.900390625,24580.94921875,24581.80078125,0,0.0,0.0
2026-08-04 10:55:00+05:30,24584.55078125,24585.25,24569.05078125,24575.400390625,0,0.0,0.0
2026-08-04 11:00:00+05:30,24577.94921875,24592.05078125,24576.150390625,24589.19921875,0,0.0,0.0
2026-08-04 11:05:00+05:30,24590.650390625,24593.69921875,24584.0,24587.900390625,0,0.0,0.0
2026-08-04 11:10:00+05:30,24590.099609375,24592.5,24585.75,24590.900390625,0,0.0,0.0
2026-08-04 11:15:00+05:30,24591.849609375,24598.80078125,24588.69921875,24593.349609375,0,0.0,0.0
2026-08-04 11:20:00+05:30,24595.44921875,24595.44921875,24585.5,24585.900390625,0,0.0,0.0
2026-08-04 11:25:00+05:30,24587.94921875,24589.150390625,24575.599609375,24577.05078125,0,0.0,0.0
2026-08-04 11:30:00+05:30,24578.19921875,24579.55078125,24568.5,24568.80078125,0,0.0,0.0
2026-08-04 11:35:00+05:30,24571.55078125,24572.55078125,24560.150390625,24571.05078125,0,0.0,0.0
2026-08-04 11:40:00+05:30,24571.400390625,24571.849609375,24553.900390625,24555.44921875,0,0.0,0.0
2026-08-04 11:45:00+05:30,24557.5,24557.5,24530.650390625,24532.80078125,0,0.0,0.0
2026-08-04 11:50:00+05:30,24534.75,24540.400390625,24529.650390625,24532.75,0,0.0,0.0
2026-08-04 11:55:00+05:30,24534.30078125,24535.80078125,24522.05078125,24524.150390625,0,0.0,0.0
2026-08-04 12:00:00+05:30,24524.75,24529.099609375,24505.55078125,24521.900390625,0,0.0,0.0
2026-08-04 12:05:00+05:30,24522.599609375,24524.05078125,24504.05078125,24506.349609375,0,0.0,0.0
2026-08-04 12:10:00+05:30,24507.900390625,24511.5,24496.94921875,24511.30078125,0,0.0,0.0
2026-08-04 12:15:00+05:30,24513.400390625,24523.599609375,24505.400390625,24519.75,0,0.0,0.0
2026-08-04 12:20:00+05:30,24521.69921875,24524.349609375,24513.599609375,24519.349609375,0,0.0,0.0
2026-08-04 12:25:00+05:30,24521.349609375,24521.44921875,24511.94921875,24515.69921875,0,0.0,0.0
2026-08-04 12:30:00+05:30,24517.650390625,24519.650390625,24506.69921875,24507.55078125,0,0.0,0.0
2026-08-04 12:35:00+05:30,24509.099609375,24509.099609375,24491.599609375,24503.25,0,0.0,0.0
2026-08-04 12:40:00+05:30,24504.900390625,24506.150390625,24488.150390625,24493.349609375,0,0.0,0.0
2026-08-04 12:45:00+05:30,24495.0,24506.650390625,24493.94921875,24503.30078125,0,0.0,0.0
2026-08-04 12:50:00+05:30,24504.650390625,24509.80078125,24499.099609375,24500.05078125,0,0.0,0.0
2026-08-04 12:55:00+05:30,24500.650390625,24500.650390625,24489.349609375,24491.75,0,0.0,0.0
2026-08-04 13:00:00+05:30,24493.400390625,24500.849609375,24488.75,24493.650390625,0,0.0,0.0
2026-08-04 13:05:00+05:30,24494.650390625,24495.80078125,24483.25,24483.69921875,0,0.0,0.0
2026-08-04 13:10:00+05:30,24486.650390625,24489.75,24477.349609375,24479.599609375,0,0.0,0.0
2026-08-04 13:15:00+05:30,24481.69921875,24487.94921875,24474.099609375,24482.05078125,0,0.0,0.0
2026-08-04 13:20:00+05:30,24484.05078125,24493.44921875,24475.150390625,24491.80078125,0,0.0,0.0
2026-08-04 13:25:00+05:30,24492.75,24492.75,24469.349609375,24471.19921875,0,0.0,0.0
2026-08-04 13:30:00+05:30,24473.5,24474.0,24458.19921875,24463.69921875,0,0.0,0.0
2026-08-04 13:35:00+05:30,24464.69921875,24470.849609375,24455.94921875,24468.19921875,0,0.0,0.0
2026-08-04 13:40:00+05:30,24468.75,24471.0,24453.80078125,24453.80078125,0,0.0,0.0
2026-08-04 13:45:00+05:30,24454.80078125,24467.44921875,24451.94921875,24465.44921875,0,0.0,0.0
2026-08-04 13:50:00+05:30,24466.75,24468.44921875,24440.94921875,24446.69921875,0,0.0,0.0
2026-08-04 13:55:00+05:30,24446.400390625,24449.599609375,24428.19921875,24448.900390625,0,0.0,0.0
2026-08-04 14:00:00+05:30,24450.599609375,24450.599609375,24436.150390625,24445.400390625,0,0.0,0.0
2026-08-04 14:05:00+05:30,24447.80078125,24458.75,24444.30078125,24450.19921875,0,0.0,0.0
2026-08-04 14:10:00+05:30,24452.5,24463.30078125,24450.099609375,24462.349609375,0,0.0,0.0
2026-08-04 14:15:00+05:30,24463.80078125,24487.349609375,24460.44921875,24486.0,0,0.0,0.0
2026-08-04 14:20:00+05:30,24487.30078125,24494.30078125,24463.80078125,24473.400390625,0,0.0,0.0
2026-08-04 14:25:00+05:30,24476.0,24482.849609375,24461.099609375,24470.5,0,0.0,0.0
2026-08-04 14:30:00+05:30,24470.099609375,24490.30078125,24456.30078125,24463.150390625,0,0.0,0.0
2026-08-04 14:35:00+05:30,24464.849609375,24471.5,24456.849609375,24463.30078125,0,0.0,0.0
2026-08-04 14:40:00+05:30,24463.849609375,24467.55078125,24456.650390625,24456.650390625,0,0.0,0.0
2026-08-04 14:45:00+05:30,24459.400390625,24472.05078125,24455.94921875,24469.19921875,0,0.0,0.0
2026-08-04 14:50:00+05:30,24469.650390625,24476.30078125,24465.900390625,24474.80078125,0,0.0,0.0
2026-08-04 14:55:00+05:30,24475.69921875,24481.44921875,24465.599609375,24465.849609375,0,0.0,0.0
2026-08-04 15:00:00+05:30,24469.099609375,24474.30078125,24449.75,24450.349609375,0,0.0,0.0
2026-08-04 15:05:00+05:30,24450.349609375,24458.30078125,24445.0,24452.30078125,0,0.0,0.0
2026-08-04 15:10:00+05:30,24454.0,24466.150390625,24443.599609375,24462.94921875,0,0.0,0.0
2026-08-04 15:15:00+05:30,24463.44921875,24463.44921875,24463.44921875,24463.44921875,0,0.0,0.0
2026-08-04 15:20:00+05:30,24463.44921875,24463.44921875,24463.44921875,24463.44921875,0,0.0,0.0
2026-08-04 15:25:00+05:30,24463.44921875,24614.900390625,24463.44921875,24614.900390625,0,0.0,0.0
2026-08-05 09:15:00+05:30,24669.19921875,24669.19921875,24619.05078125,24635.19921875,0,0.0,0.0
2026-08-05 09:20:00+05:30,24636.19921875,24642.150390625,24621.05078125,24625.30078125,0,0.0,0.0
2026-08-05 09:25:00+05:30,24626.099609375,24628.19921875,24611.44921875,24621.44921875,0,0.0,0.0
2026-08-05 09:30:00+05:30,24621.400390625,24624.05078125,24605.599609375,24611.05078125,0,0.0,0.0
2026-08-05 09:35:00+05:30,24610.650390625,24622.599609375,24604.94921875,24622.05078125,0,0.0,0.0
2026-08-05 09:40:00+05:30,24622.25,24635.94921875,24620.44921875,24627.94921875,0,0.0,0.0
2026-08-05 09:45:00+05:30,24628.05078125,24631.69921875,24621.599609375,24628.349609375,0,0.0,0.0
2026-08-05 09:50:00+05:30,24629.5,24630.5,24591.19921875,24591.19921875,0,0.0,0.0
2026-08-05 09:55:00+05:30,24592.099609375,24595.30078125,24581.69921875,24594.05078125,0,0.0,0.0
2026-08-05 10:00:00+05:30,24594.25,24620.599609375,24594.25,24612.0,0,0.0,0.0
2026-08-05 10:05:00+05:30,24612.150390625,24614.75,24588.44921875,24605.900390625,0,0.0,0.0
2026-08-05 10:10:00+05:30,24605.599609375,24623.19921875,24605.349609375,24620.900390625,0,0.0,0.0
2026-08-05 10:15:00+05:30,24621.25,24621.75,24601.69921875,24611.80078125,0,0.0,0.0
2026-08-05 10:20:00+05:30,24610.80078125,24618.900390625,24604.69921875,24615.900390625,0,0.0,0.0
2026-08-05 10:25:00+05:30,24616.0,24616.80078125,24580.69921875,24582.400390625,0,0.0,0.0
2026-08-05 10:30:00+05:30,24582.150390625,24583.099609375,24562.400390625,24580.05078125,0,0.0,0.0
2026-08-05 10:35:00+05:30,24580.150390625,24591.19921875,24575.099609375,24581.650390625,0,0.0,0.0
2026-08-05 10:40:00+05:30,24581.5,24605.05078125,24578.849609375,24594.400390625,0,0.0,0.0
2026-08-05 10:45:00+05:30,24594.400390625,24610.400390625,24593.900390625,24609.400390625,0,0.0,0.0
2026-08-05 10:50:00+05:30,24609.5,24619.55078125,24604.30078125,24617.19921875,0,0.0,0.0
2026-08-05 10:55:00+05:30,24616.19921875,24644.75,24615.400390625,24643.05078125,0,0.0,0.0
2026-08-05 11:00:00+05:30,24643.5,24657.150390625,24643.5,24648.30078125,0,0.0,0.0
2026-08-05 11:05:00+05:30,24647.94921875,24662.599609375,24625.650390625,24626.19921875,0,0.0,0.0
2026-08-05 11:10:00+05:30,24626.19921875,24640.650390625,24617.900390625,24631.400390625,0,0.0,0.0
2026-08-05 11:15:00+05:30,24631.44921875,24637.650390625,24622.05078125,24623.05078125,0,0.0,0.0
2026-08-05 11:20:00+05:30,24622.400390625,24629.150390625,24616.099609375,24619.599609375,0,0.0,0.0
2026-08-05 11:25:00+05:30,24619.55078125,24621.150390625,24608.0,24611.25,0,0.0,0.0
2026-08-05 11:30:00+05:30,24610.94921875,24612.25,24589.25,24590.099609375,0,0.0,0.0
2026-08-05 11:35:00+05:30,24590.19921875,24599.30078125,24586.5,24598.19921875,0,0.0,0.0
2026-08-05 11:40:00+05:30,24598.19921875,24601.099609375,24589.849609375,24594.400390625,0,0.0,0.0
2026-08-05 11:45:00+05:30,24594.400390625,24595.75,24583.05078125,24584.25,0,0.0,0.0
2026-08-05 11:50:00+05:30,24583.650390625,24584.94921875,24569.400390625,24574.30078125,0,0.0,0.0
2026-08-05 11:55:00+05:30,24573.69921875,24575.849609375,24561.75,24570.94921875,0,0.0,0.0
2026-08-05 12:00:00+05:30,24570.05078125,24579.05078125,24568.599609375,24575.599609375,0,0.0,0.0
2026-08-05 12:05:00+05:30,24575.849609375,24578.599609375,24571.900390625,24576.5,0,0.0,0.0
2026-08-05 12:10:00+05:30,24576.400390625,24577.5,24564.75,24573.599609375,0,0.0,0.0
2026-08-05 12:15:00+05:30,24572.849609375,24580.349609375,24566.30078125,24566.849609375,0,0.0,0.0
2026-08-05 12:20:00+05:30,24566.5,24576.80078125,24560.94921875,24571.94921875,0,0.0,0.0
2026-08-05 12:25:00+05:30,24571.900390625,24576.150390625,24564.099609375,24566.900390625,0,0.0,0.0
2026-08-05 12:30:00+05:30,24566.900390625,24568.30078125,24542.05078125,24543.849609375,0,0.0,0.0
2026-08-05 12:35:00+05:30,24543.94921875,24545.30078125,24530.099609375,24540.05078125,0,0.0,0.0
2026-08-05 12:40:00+05:30,24540.0,24545.650390625,24525.94921875,24532.05078125,0,0.0,0.0
2026-08-05 12:45:00+05:30,24531.849609375,24535.099609375,24520.69921875,24523.69921875,0,0.0,0.0
2026-08-05 12:50:00+05:30,24523.849609375,24526.099609375,24517.650390625,24522.650390625,0,0.0,0.0
2026-08-05 12:55:00+05:30,24523.05078125,24528.5,24515.650390625,24516.099609375,0,0.0,0.0
2026-08-05 13:00:00+05:30,24516.349609375,24534.599609375,24513.69921875,24530.80078125,0,0.0,0.0
2026-08-05 13:05:00+05:30,24530.900390625,24536.900390625,24508.44921875,24536.19921875,0,0.0,0.0
2026-08-05 13:10:00+05:30,24536.650390625,24540.099609375,24519.25,24535.05078125,0,0.0,0.0
2026-08-05 13:15:00+05:30,24534.94921875,24548.5,24530.55078125,24547.25,0,0.0,0.0
2026-08-05 13:20:00+05:30,24547.30078125,24559.30078125,24522.94921875,24526.0,0,0.0,0.0
2026-08-05 13:25:00+05:30,24524.44921875,24532.05078125,24515.75,24528.69921875,0,0.0,0.0
2026-08-05 13:30:00+05:30,24528.55078125,24535.099609375,24515.599609375,24520.05078125,0,0.0,0.0
2026-08-05 13:35:00+05:30,24519.05078125,24528.099609375,24516.900390625,24520.5,0,0.0,0.0
2026-08-05 13:40:00+05:30,24520.099609375,24521.44921875,24498.69921875,24503.150390625,0,0.0,0.0
2026-08-05 13:45:00+05:30,24502.94921875,24528.0,24502.099609375,24527.599609375,0,0.0,0.0
2026-08-05 13:50:00+05:30,24527.44921875,24532.5,24507.80078125,24517.25,0,0.0,0.0
2026-08-05 13:55:00+05:30,24517.05078125,24517.44921875,24506.5,24514.55078125,0,0.0,0.0
2026-08-05 14:00:00+05:30,24514.44921875,24526.849609375,24513.44921875,24524.80078125,0,0.0,0.0
2026-08-05 14:05:00+05:30,24524.5,24534.30078125,24522.25,24523.44921875,0,0.0,0.0
2026-08-05 14:10:00+05:30,24523.69921875,24532.25,24512.599609375,24513.650390625,0,0.0,0.0
2026-08-05 14:15:00+05:30,24513.25,24515.80078125,24498.25,24507.44921875,0,0.0,0.0
2026-08-05 14:20:00+05:30,24507.44921875,24516.80078125,24503.400390625,24505.349609375,0,0.0,0.0
2026-08-05 14:25:00+05:30,24505.5,24513.05078125,24501.099609375,24504.5,0,0.0,0.0
2026-08-05 14:30:00+05:30,24504.75,24511.75,24503.25,24505.099609375,0,0.0,0.0
2026-08-05 14:35:00+05:30,24504.849609375,24520.349609375,24501.5,24516.349609375,0,0.0,0.0
2026-08-05 14:40:00+05:30,24516.650390625,24516.75,24500.75,24505.69921875,0,0.0,0.0
2026-08-05 14:45:00+05:30,24505.0,24520.80078125,24503.849609375,24517.05078125,0,0.0,0.0
2026-08-05 14:50:00+05:30,24517.099609375,24520.599609375,24507.44921875,24511.25,0,0.0,0.0
2026-08-05 14:55:00+05:30,24511.19921875,24530.80078125,24506.19921875,24524.19921875,0,0.0,0.0
2026-08-05 15:00:00+05:30,24523.80078125,24536.150390625,24517.30078125,24532.44921875,0,0.0,0.0
2026-08-05 15:05:00+05:30,24533.30078125,24548.94921875,24518.599609375,24540.099609375,0,0.0,0.0
2026-08-05 15:10:00+05:30,24540.75,24575.75,24528.5,24572.25,0,0.0,0.0
2026-08-05 15:15:00+05:30,24570.19921875,24570.19921875,24570.19921875,24570.19921875,0,0.0,0.0
2026-08-05 15:20:00+05:30,24570.19921875,24570.19921875,24570.19921875,24570.19921875,0,0.0,0.0
2026-08-05 15:25:00+05:30,24570.19921875,24624.650390625,24570.19921875,24624.650390625,0,0.0,0.0
2026-08-06 09:15:00+05:30,24632.69921875,24641.150390625,24607.75,24625.94921875,0,0.0,0.0
2026-08-06 09:20:00+05:30,24627.0,24646.900390625,24625.400390625,24637.5,0,0.0,0.0
2026-08-06 09:25:00+05:30,24638.19921875,24641.94921875,24626.25,24635.25,0,0.0,0.0
2026-08-06 09:30:00+05:30,24637.75,24649.30078125,24620.650390625,24624.55078125,0,0.0,0.0
2026-08-06 09:35:00+05:30,24625.55078125,24639.400390625,24622.69921875,24632.94921875,0,0.0,0.0
2026-08-06 09:40:00+05:30,24635.55078125,24646.400390625,24632.0,24645.150390625,0,0.0,0.0
2026-08-06 09:45:00+05:30,24647.900390625,24664.44921875,24645.19921875,24659.650390625,0,0.0,0.0
2026-08-06 09:50:00+05:30,24660.19921875,24664.94921875,24655.400390625,24662.30078125,0,0.0,0.0
2026-08-06 09:55:00+05:30,24663.05078125,24663.05078125,24635.30078125,24636.349609375,0,0.0,0.0
2026-08-06 10:00:00+05:30,24637.55078125,24637.55078125,24606.44921875,24614.55078125,0,0.0,0.0
2026-08-06 10:05:00+05:30,24614.05078125,24621.5,24605.94921875,24620.69921875,0,0.0,0.0
2026-08-06 10:10:00+05:30,24621.05078125,24638.900390625,24619.55078125,24630.849609375,0,0.0,0.0
2026-08-06 10:15:00+05:30,24631.75,24631.75,24617.75,24619.900390625,0,0.0,0.0
2026-08-06 10:20:00+05:30,24621.0,24639.25,24618.650390625,24638.650390625,0,0.0,0.0
2026-08-06 10:25:00+05:30,24639.44921875,24639.69921875,24627.650390625,24635.69921875,0,0.0,0.0
2026-08-06 10:30:00+05:30,24636.55078125,24643.349609375,24634.400390625,24635.55078125,0,0.0,0.0
2026-08-06 10:35:00+05:30,24636.05078125,24643.349609375,24630.349609375,24639.599609375,0,0.0,0.0
2026-08-06 10:40:00+05:30,24639.94921875,24641.099609375,24632.05078125,24636.650390625,0,0.0,0.0
2026-08-06 10:45:00+05:30,24637.0,24637.25,24621.650390625,24626.900390625,0,0.0,0.0
2026-08-06 10:50:00+05:30,24626.05078125,24629.94921875,24616.099609375,24628.05078125,0,0.0,0.0
2026-08-06 10:55:00+05:30,24629.400390625,24640.599609375,24623.400390625,24630.69921875,0,0.0,0.0
2026-08-06 11:00:00+05:30,24630.900390625,24634.69921875,24621.599609375,24629.75,0,0.0,0.0
2026-08-06 11:05:00+05:30,24629.900390625,24639.599609375,24628.80078125,24638.349609375,0,0.0,0.0
2026-08-06 11:10:00+05:30,24639.0,24655.599609375,24637.80078125,24652.44921875,0,0.0,0.0
2026-08-06 11:15:00+05:30,24653.80078125,24666.30078125,24647.900390625,24663.900390625,0,0.0,0.0
2026-08-06 11:20:00+05:30,24664.599609375,24670.150390625,24663.849609375,24669.650390625,0,0.0,0.0
2026-08-06 11:25:00+05:30,24669.94921875,24674.80078125,24663.849609375,24672.55078125,0,0.0,0.0
2026-08-06 11:30:00+05:30,24674.0,24676.80078125,24658.599609375,24659.75,0,0.0,0.0
2026-08-06 11:35:00+05:30,24660.650390625,24663.400390625,24650.650390625,24651.5,0,0.0,0.0
2026-08-06 11:40:00+05:30,24651.650390625,24656.55078125,24628.94921875,24633.650390625,0,0.0,0.0
2026-08-06 11:45:00+05:30,24633.75,24636.25,24626.900390625,24635.650390625,0,0.0,0.0
2026-08-06 11:50:00+05:30,24636.44921875,24650.75,24636.099609375,24645.30078125,0,0.0,0.0
2026-08-06 11:55:00+05:30,24646.150390625,24664.349609375,24644.69921875,24659.900390625,0,0.0,0.0
2026-08-06 12:00:00+05:30,24660.55078125,24661.80078125,24652.849609375,24654.69921875,0,0.0,0.0
2026-08-06 12:05:00+05:30,24655.25,24657.650390625,24648.900390625,24651.650390625,0,0.0,0.0
2026-08-06 12:10:00+05:30,24651.69921875,24651.80078125,24638.30078125,24643.150390625,0,0.0,0.0
2026-08-06 12:15:00+05:30,24644.19921875,24660.75,24643.349609375,24646.349609375,0,0.0,0.0
2026-08-06 12:20:00+05:30,24646.5,24646.69921875,24627.19921875,24635.599609375,0,0.0,0.0
2026-08-06 12:25:00+05:30,24636.099609375,24641.69921875,24630.849609375,24637.05078125,0,0.0,0.0
2026-08-06 12:30:00+05:30,24637.349609375,24648.55078125,24636.400390625,24645.30078125,0,0.0,0.0
2026-08-06 12:35:00+05:30,24645.900390625,24649.44921875,24639.349609375,24642.650390625,0,0.0,0.0
2026-08-06 12:40:00+05:30,24643.599609375,24651.099609375,24638.80078125,24646.25,0,0.0,0.0
2026-08-06 12:45:00+05:30,24646.19921875,24648.44921875,24634.19921875,24636.30078125,0,0.0,0.0
2026-08-06 12:50:00+05:30,24636.80078125,24641.80078125,24627.849609375,24631.94921875,0,0.0,0.0
2026-08-06 12:55:00+05:30,24632.650390625,24636.25,24622.05078125,24629.05078125,0,0.0,0.0
2026-08-06 13:00:00+05:30,24629.25,24650.94921875,24628.349609375,24642.55078125,0,0.0,0.0
2026-08-06 13:05:00+05:30,24643.05078125,24647.25,24622.44921875,24627.150390625,0,0.0,0.0
2026-08-06 13:10:00+05:30,24628.400390625,24630.44921875,24621.25,24622.19921875,0,0.0,0.0
2026-08-06 13:15:00+05:30,24623.0,24653.44921875,24611.849609375,24651.599609375,0,0.0,0.0
2026-08-06 13:20:00+05:30,24651.80078125,24655.900390625,24617.900390625,24618.900390625,0,0.0,0.0
2026-08-06 13:25:00+05:30,24619.5,24633.44921875,24615.94921875,24628.0,0,0.0,0.0
2026-08-06 13:30:00+05:30,24628.05078125,24643.400390625,24628.05078125,24640.69921875,0,0.0,0.0
2026-08-06 13:35:00+05:30,24641.5,24659.650390625,24629.900390625,24633.80078125,0,0.0,0.0
2026-08-06 13:40:00+05:30,24630.55078125,24641.150390625,24626.0,24633.05078125,0,0.0,0.0
2026-08-06 13:45:00+05:30,24634.55078125,24636.099609375,24613.349609375,24613.599609375,0,0.0,0.0
2026-08-06 13:50:00+05:30,24614.25,24632.94921875,24606.900390625,24629.25,0,0.0,0.0
2026-08-06 13:55:00+05:30,24630.55078125,24649.75,24620.80078125,24647.25,0,0.0,0.0
2026-08-06 14:00:00+05:30,24646.25,24651.25,24634.099609375,24648.05078125,0,0.0,0.0
2026-08-06 14:05:00+05:30,24647.75,24656.650390625,24646.900390625,24649.19921875,0,0.0,0.0
2026-08-06 14:10:00+05:30,24650.0,24658.5,24648.19921875,24651.099609375,0,0.0,0.0
2026-08-06 14:15:00+05:30,24651.849609375,24657.650390625,24650.150390625,24654.30078125,0,0.0,0.0
2026-08-06 14:20:00+05:30,24654.5,24658.75,24649.349609375,24657.5,0,0.0,0.0
2026-08-06 14:25:00+05:30,24657.5,24662.80078125,24651.5,24654.900390625,0,0.0,0.0
2026-08-06 14:30:00+05:30,24655.44921875,24659.44921875,24634.25,24649.30078125,0,0.0,0.0
2026-08-06 14:35:00+05:30,24649.400390625,24653.599609375,24641.75,24643.599609375,0,0.0,0.0
2026-08-06 14:40:00+05:30,24644.349609375,24652.650390625,24632.650390625,24638.349609375,0,0.0,0.0
2026-08-06 14:45:00+05:30,24639.55078125,24647.55078125,24634.5,24644.55078125,0,0.0,0.0
2026-08-06 14:50:00+05:30,24645.400390625,24645.80078125,24634.05078125,24636.25,0,0.0,0.0
2026-08-06 14:55:00+05:30,24636.150390625,24636.19921875,24629.349609375,24633.0,0,0.0,0.0
2026-08-06 15:00:00+05:30,24633.19921875,24642.05078125,24614.69921875,24621.69921875,0,0.0,0.0
2026-08-06 15:05:00+05:30,24624.25,24639.0,24616.69921875,24628.19921875,0,0.0,0.0
2026-08-06 15:10:00+05:30,24628.650390625,24636.599609375,24619.19921875,24628.5,0,0.0,0.0
2026-08-06 15:15:00+05:30,24627.94921875,24627.94921875,24627.94921875,24627.94921875,0,0.0,0.0
2026-08-06 15:20:00+05:30,24627.94921875,24627.94921875,24627.94921875,24627.94921875,0,0.0,0.0
2026-08-06 15:25:00+05:30,24627.94921875,24636.0,24627.94921875,24636.0,0,0.0,0.0
2026-08-07 09:15:00+05:30,24535.05078125,24600.900390625,24535.05078125,24592.19921875,0,0.0,0.0
2026-08-07 09:20:00+05:30,24593.25,24620.0,24584.75,24611.69921875,0,0.0,0.0
2026-08-07 09:25:00+05:30,24613.30078125,24614.650390625,24600.5,24601.599609375,0,0.0,0.0
2026-08-07 09:30:00+05:30,24604.0,24611.94921875,24593.25,24601.69921875,0,0.0,0.0
2026-08-07 09:35:00+05:30,24602.650390625,24608.80078125,24598.400390625,24604.400390625,0,0.0,0.0
2026-08-07 09:40:00+05:30,24604.650390625,24618.650390625,24598.30078125,24618.0,0,0.0,0.0
2026-08-07 09:45:00+05:30,24618.19921875,24620.150390625,24600.80078125,24611.099609375,0,0.0,0.0
2026-08-07 09:50:00+05:30,24610.94921875,24625.80078125,24610.94921875,24622.150390625,0,0.0,0.0
2026-08-07 09:55:00+05:30,24622.25,24629.80078125,24617.94921875,24626.5,0,0.0,0.0
2026-08-07 10:00:00+05:30,24625.80078125,24627.05078125,24607.5,24613.55078125,0,0.0,0.0
2026-08-07 10:05:00+05:30,24613.80078125,24618.75,24609.69921875,24613.19921875,0,0.0,0.0
2026-08-07 10:10:00+05:30,24613.19921875,24614.900390625,24594.0,24599.69921875,0,0.0,0.0
2026-08-07 10:15:00+05:30,24599.150390625,24601.650390625,24570.80078125,24576.900390625,0,0.0,0.0
2026-08-07 10:20:00+05:30,24577.150390625,24587.80078125,24570.900390625,24574.599609375,0,0.0,0.0
2026-08-07 10:25:00+05:30,24577.0,24577.0,24562.94921875,24566.900390625,0,0.0,0.0
2026-08-07 10:30:00+05:30,24566.55078125,24572.94921875,24561.30078125,24571.150390625,0,0.0,0.0
2026-08-07 10:35:00+05:30,24571.30078125,24576.0,24566.69921875,24574.75,0,0.0,0.0
2026-08-07 10:40:00+05:30,24574.849609375,24576.599609375,24563.94921875,24569.349609375,0,0.0,0.0
2026-08-07 10:45:00+05:30,24569.5,24583.900390625,24569.400390625,24577.44921875,0,0.0,0.0
2026-08-07 10:50:00+05:30,24577.099609375,24586.5,24572.55078125,24582.150390625,0,0.0,0.0
2026-08-07 10:55:00+05:30,24582.19921875,24586.05078125,24569.5,24570.349609375,0,0.0,0.0
2026-08-07 11:00:00+05:30,24572.150390625,24575.25,24552.25,24555.05078125,0,0.0,0.0
2026-08-07 11:05:00+05:30,24555.80078125,24570.900390625,24555.150390625,24567.05078125,0,0.0,0.0
2026-08-07 11:10:00+05:30,24567.19921875,24571.099609375,24565.19921875,24567.599609375,0,0.0,0.0
2026-08-07 11:15:00+05:30,24569.099609375,24569.099609375,24558.44921875,24562.849609375,0,0.0,0.0
2026-08-07 11:20:00+05:30,24562.650390625,24577.55078125,24561.150390625,24576.94921875,0,0.0,0.0
2026-08-07 11:25:00+05:30,24576.25,24591.599609375,24575.099609375,24584.80078125,0,0.0,0.0
2026-08-07 11:30:00+05:30,24584.75,24586.599609375,24575.099609375,24578.599609375,0,0.0,0.0
2026-08-07 11:35:00+05:30,24579.30078125,24589.5,24576.099609375,24585.69921875,0,0.0,0.0
2026-08-07 11:40:00+05:30,24587.05078125,24587.05078125,24579.0,24579.349609375,0,0.0,0.0
2026-08-07 11:45:00+05:30,24581.5,24581.900390625,24563.150390625,24563.150390625,0,0.0,0.0
2026-08-07 11:50:00+05:30,24564.0,24565.80078125,24550.650390625,24556.44921875,0,0.0,0.0
2026-08-07 11:55:00+05:30,24557.19921875,24561.0,24555.349609375,24560.94921875,0,0.0,0.0
2026-08-07 12:00:00+05:30,24562.5,24563.44921875,24551.75,24552.5,0,0.0,0.0
2026-08-07 12:05:00+05:30,24554.5,24555.5,24545.75,24551.44921875,0,0.0,0.0
2026-08-07 12:10:00+05:30,24552.55078125,24553.099609375,24540.150390625,24540.69921875,0,0.0,0.0
2026-08-07 12:15:00+05:30,24541.150390625,24543.30078125,24532.900390625,24537.44921875,0,0.0,0.0
2026-08-07 12:20:00+05:30,24537.900390625,24546.94921875,24534.150390625,24538.94921875,0,0.0,0.0
2026-08-07 12:25:00+05:30,24538.099609375,24558.400390625,24536.19921875,24549.5,0,0.0,0.0
2026-08-07 12:30:00+05:30,24550.0,24561.05078125,24544.80078125,24559.19921875,0,0.0,0.0
2026-08-07 12:35:00+05:30,24559.55078125,24562.44921875,24555.900390625,24560.5,0,0.0,0.0
2026-08-07 12:40:00+05:30,24560.05078125,24562.44921875,24552.44921875,24557.05078125,0,0.0,0.0
2026-08-07 12:45:00+05:30,24559.349609375,24570.05078125,24554.650390625,24567.5,0,0.0,0.0
2026-08-07 12:50:00+05:30,24567.0,24568.55078125,24554.5,24559.30078125,0,0.0,0.0
2026-08-07 12:55:00+05:30,24559.30078125,24561.25,24551.30078125,24554.599609375,0,0.0,0.0
2026-08-07 13:00:00+05:30,24553.650390625,24557.55078125,24548.150390625,24556.5,0,0.0,0.0
2026-08-07 13:05:00+05:30,24556.05078125,24567.25,24555.900390625,24557.80078125,0,0.0,0.0
2026-08-07 13:10:00+05:30,24557.900390625,24562.44921875,24546.69921875,24547.0,0,0.0,0.0
2026-08-07 13:15:00+05:30,24547.0,24560.25,24546.099609375,24546.44921875,0,0.0,0.0
2026-08-07 13:20:00+05:30,24549.150390625,24566.0,24546.150390625,24564.650390625,0,0.0,0.0
2026-08-07 13:25:00+05:30,24564.80078125,24573.5,24563.400390625,24565.94921875,0,0.0,0.0
2026-08-07 13:30:00+05:30,24567.55078125,24568.44921875,24545.69921875,24547.900390625,0,0.0,0.0
2026-08-07 13:35:00+05:30,24547.75,24558.150390625,24545.349609375,24547.80078125,0,0.0,0.0
2026-08-07 13:40:00+05:30,24547.55078125,24552.30078125,24545.69921875,24548.5,0,0.0,0.0
2026-08-07 13:45:00+05:30,24550.69921875,24574.849609375,24547.69921875,24573.55078125,0,0.0,0.0
2026-08-07 13:50:00+05:30,24573.44921875,24590.5,24569.0,24571.19921875,0,0.0,0.0
2026-08-07 13:55:00+05:30,24572.599609375,24574.0,24549.44921875,24563.94921875,0,0.0,0.0
2026-08-07 14:00:00+05:30,24565.849609375,24579.650390625,24549.849609375,24553.55078125,0,0.0,0.0
2026-08-07 14:05:00+05:30,24554.849609375,24559.150390625,24532.099609375,24538.19921875,0,0.0,0.0
2026-08-07 14:10:00+05:30,24539.19921875,24541.44921875,24522.900390625,24526.849609375,0,0.0,0.0
2026-08-07 14:15:00+05:30,24526.849609375,24542.94921875,24523.150390625,24536.30078125,0,0.0,0.0
2026-08-07 14:20:00+05:30,24536.55078125,24543.19921875,24529.19921875,24541.30078125,0,0.0,0.0
2026-08-07 14:25:00+05:30,24544.599609375,24547.099609375,24532.94921875,24534.19921875,0,0.0,0.0
2026-08-07 14:30:00+05:30,24534.099609375,24549.599609375,24526.150390625,24543.55078125,0,0.0,0.0
2026-08-07 14:35:00+05:30,24543.44921875,24546.44921875,24535.05078125,24537.099609375,0,0.0,0.0
2026-08-07 14:40:00+05:30,24536.69921875,24541.400390625,24531.150390625,24538.25,0,0.0,0.0
2026-08-07 14:45:00+05:30,24537.900390625,24561.44921875,24537.5,24559.05078125,0,0.0,0.0
2026-08-07 14:50:00+05:30,24559.349609375,24561.0,24528.55078125,24531.75,0,0.0,0.0
2026-08-07 14:55:00+05:30,24531.94921875,24547.099609375,24531.80078125,24541.80078125,0,0.0,0.0
2026-08-07 15:00:00+05:30,24542.150390625,24552.44921875,24541.599609375,24550.150390625,0,0.0,0.0
2026-08-07 15:05:00+05:30,24551.0,24554.69921875,24544.650390625,24553.900390625,0,0.0,0.0
2026-08-07 15:10:00+05:30,24552.19921875,24565.099609375,24552.19921875,24558.94921875,0,0.0,0.0
2026-08-07 15:15:00+05:30,24554.55078125,24557.0,24554.55078125,24557.0,0,0.0,0.0
2026-08-07 15:20:00+05:30,24557.0,24557.0,24557.0,24557.0,0,0.0,0.0
2026-08-07 15:25:00+05:30,24557.0,24570.650390625,24557.0,24570.650390625,0,0.0,0.0
2026-08-10 09:15:00+05:30,24584.05078125,24607.69921875,24559.599609375,24602.69921875,0,0.0,0.0
2026-08-10 09:20:00+05:30,24602.849609375,24620.55078125,24590.0,24590.349609375,0,0.0,0.0
2026-08-10 09:25:00+05:30,24589.94921875,24592.400390625,24555.25,24555.900390625,0,0.0,0.0
2026-08-10 09:30:00+05:30,24557.900390625,24560.900390625,24533.5,24534.349609375,0,0.0,0.0
2026-08-10 09:35:00+05:30,24534.25,24536.150390625,24511.30078125,24528.05078125,0,0.0,0.0
2026-08-10 09:40:00+05:30,24528.849609375,24530.349609375,24512.94921875,24521.150390625,0,0.0,0.0
2026-08-10 09:45:00+05:30,24521.75,24538.80078125,24518.44921875,24527.599609375,0,0.0,0.0
2026-08-10 09:50:00+05:30,24529.30078125,24542.80078125,24524.55078125,24527.900390625,0,0.0,0.0
2026-08-10 09:55:00+05:30,24528.25,24538.19921875,24525.05078125,24534.25,0,0.0,0.0
2026-08-10 10:00:00+05:30,24536.349609375,24551.400390625,24530.25,24538.5,0,0.0,0.0
2026-08-10 10:05:00+05:30,24540.599609375,24547.0,24532.44921875,24534.650390625,0,0.0,0.0
2026-08-10 10:10:00+05:30,24535.30078125,24547.69921875,24533.75,24544.75,0,0.0,0.0
2026-08-10 10:15:00+05:30,24545.900390625,24574.900390625,24545.599609375,24574.25,0,0.0,0.0
2026-08-10 10:20:00+05:30,24574.94921875,24593.80078125,24571.349609375,24592.55078125,0,0.0,0.0
2026-08-10 10:25:00+05:30,24594.349609375,24595.400390625,24580.25,24594.80078125,0,0.0,0.0
2026-08-10 10:30:00+05:30,24595.19921875,24601.150390625,24584.849609375,24585.55078125,0,0.0,0.0
2026-08-10 10:35:00+05:30,24586.0,24595.05078125,24585.5,24593.849609375,0,0.0,0.0
2026-08-10 10:40:00+05:30,24594.900390625,24605.349609375,24592.900390625,24603.650390625,0,0.0,0.0
2026-08-10 10:45:00+05:30,24604.099609375,24614.400390625,24600.150390625,24600.900390625,0,0.0,0.0
2026-08-10 10:50:00+05:30,24601.19921875,24603.05078125,24586.349609375,24588.0,0,0.0,0.0
2026-08-10 10:55:00+05:30,24588.400390625,24590.900390625,24585.849609375,24588.19921875,0,0.0,0.0
2026-08-10 11:00:00+05:30,24588.80078125,24601.05078125,24587.94921875,24600.75,0,0.0,0.0
2026-08-10 11:05:00+05:30,24600.19921875,24602.05078125,24589.349609375,24591.30078125,0,0.0,0.0
2026-08-10 11:10:00+05:30,24591.94921875,24602.69921875,24586.19921875,24602.349609375,0,0.0,0.0
2026-08-10 11:15:00+05:30,24602.900390625,24604.150390625,24592.650390625,24601.599609375,0,0.0,0.0
2026-08-10 11:20:00+05:30,24602.5,24607.69921875,24597.150390625,24601.150390625,0,0.0,0.0
2026-08-10 11:25:00+05:30,24601.25,24610.44921875,24600.19921875,24603.900390625,0,0.0,0.0
2026-08-10 11:30:00+05:30,24604.25,24604.94921875,24581.650390625,24585.400390625,0,0.0,0.0
2026-08-10 11:35:00+05:30,24585.849609375,24599.900390625,24581.05078125,24595.55078125,0,0.0,0.0
2026-08-10 11:40:00+05:30,24596.650390625,24600.75,24582.69921875,24583.150390625,0,0.0,0.0
2026-08-10 11:45:00+05:30,24583.5,24598.5,24574.650390625,24591.25,0,0.0,0.0
2026-08-10 11:50:00+05:30,24591.900390625,24599.400390625,24586.44921875,24586.44921875,0,0.0,0.0
2026-08-10 11:55:00+05:30,24587.650390625,24597.5,24583.0,24588.19921875,0,0.0,0.0
2026-08-10 12:00:00+05:30,24588.900390625,24596.25,24584.25,24594.19921875,0,0.0,0.0
2026-08-10 12:05:00+05:30,24595.25,24597.400390625,24587.900390625,24593.94921875,0,0.0,0.0
2026-08-10 12:10:00+05:30,24594.099609375,24609.900390625,24591.150390625,24606.80078125,0,0.0,0.0
2026-08-10 12:15:00+05:30,24606.599609375,24618.900390625,24604.55078125,24608.0,0,0.0,0.0
2026-08-10 12:20:00+05:30,24608.75,24613.94921875,24601.30078125,24602.0,0,0.0,0.0
2026-08-10 12:25:00+05:30,24602.80078125,24615.849609375,24602.05078125,24610.599609375,0,0.0,0.0
2026-08-10 12:30:00+05:30,24610.349609375,24616.900390625,24605.75,24609.30078125,0,0.0,0.0
2026-08-10 12:35:00+05:30,24609.400390625,24615.349609375,24601.5,24612.5,0,0.0,0.0
2026-08-10 12:40:00+05:30,24612.150390625,24614.44921875,24598.099609375,24598.25,0,0.0,0.0
2026-08-10 12:45:00+05:30,24599.400390625,24603.75,24593.44921875,24596.099609375,0,0.0,0.0
2026-08-10 12:50:00+05:30,24595.69921875,24600.44921875,24588.150390625,24591.05078125,0,0.0,0.0
2026-08-10 12:55:00+05:30,24591.849609375,24593.150390625,24583.75,24587.75,0,0.0,0.0
2026-08-10 13:00:00+05:30,24587.099609375,24592.19921875,24577.900390625,24589.94921875,0,0.0,0.0
2026-08-10 13:05:00+05:30,24589.75,24596.0,24577.69921875,24579.25,0,0.0,0.0
2026-08-10 13:10:00+05:30,24578.80078125,24583.0,24571.349609375,24573.55078125,0,0.0,0.0
2026-08-10 13:15:00+05:30,24573.099609375,24589.80078125,24573.099609375,24586.849609375,0,0.0,0.0
2026-08-10 13:20:00+05:30,24586.94921875,24588.80078125,24581.44921875,24585.599609375,0,0.0,0.0
2026-08-10 13:25:00+05:30,24585.44921875,24595.349609375,24585.44921875,24589.80078125,0,0.0,0.0
2026-08-10 13:30:00+05:30,24590.55078125,24600.75,24587.650390625,24598.599609375,0,0.0,0.0
2026-08-10 13:35:00+05:30,24599.0,24602.349609375,24596.30078125,24599.599609375,0,0.0,0.0
2026-08-10 13:40:00+05:30,24599.25,24608.5,24597.55078125,24606.349609375,0,0.0,0.0
2026-08-10 13:45:00+05:30,24606.650390625,24610.30078125,24596.349609375,24604.599609375,0,0.0,0.0
2026-08-10 13:50:00+05:30,24605.05078125,24608.94921875,24601.0,24605.400390625,0,0.0,0.0
2026-08-10 13:55:00+05:30,24605.349609375,24606.75,24591.099609375,24591.849609375,0,0.0,0.0
2026-08-10 14:00:00+05:30,24591.80078125,24598.05078125,24582.5,24590.900390625,0,0.0,0.0
2026-08-10 14:05:00+05:30,24590.599609375,24605.349609375,24590.0,24597.849609375,0,0.0,0.0
2026-08-10 14:10:00+05:30,24597.19921875,24600.849609375,24586.94921875,24587.55078125,0,0.0,0.0
2026-08-10 14:15:00+05:30,24587.94921875,24593.55078125,24583.150390625,24583.900390625,0,0.0,0.0
2026-08-10 14:20:00+05:30,24584.44921875,24592.44921875,24583.69921875,24587.80078125,0,0.0,0.0
2026-08-10 14:25:00+05:30,24586.80078125,24594.400390625,24584.150390625,24586.75,0,0.0,0.0
2026-08-10 14:30:00+05:30,24586.75,24591.0,24578.0,24582.44921875,0,0.0,0.0
2026-08-10 14:35:00+05:30,24582.05078125,24582.25,24568.099609375,24573.94921875,0,0.0,0.0
2026-08-10 14:40:00+05:30,24573.650390625,24578.849609375,24565.55078125,24572.5,0,0.0,0.0
2026-08-10 14:45:00+05:30,24572.55078125,24572.55078125,24553.69921875,24556.25,0,0.0,0.0
2026-08-10 14:50:00+05:30,24554.599609375,24562.349609375,24549.0,24558.94921875,0,0.0,0.0
2026-08-10 14:55:00+05:30,24556.900390625,24568.19921875,24554.25,24567.849609375,0,0.0,0.0
2026-08-10 15:00:00+05:30,24566.55078125,24574.400390625,24547.599609375,24572.0,0,0.0,0.0
2026-08-10 15:05:00+05:30,24572.349609375,24575.30078125,24553.25,24553.5,0,0.0,0.0
2026-08-10 15:10:00+05:30,24555.349609375,24567.25,24543.05078125,24560.05078125,0,0.0,0.0
2026-08-10 15:15:00+05:30,24560.150390625,24560.150390625,24560.150390625,24560.150390625,0,0.0,0.0
2026-08-10 15:20:00+05:30,24560.150390625,24560.150390625,24560.150390625,24560.150390625,0,0.0,0.0
2026-08-10 15:25:00+05:30,24560.150390625,24583.80078125,24560.150390625,24583.80078125,0,0.0,0.0
2026-08-11 09:15:00+05:30,24575.5,24575.5,24501.0,24504.75,0,0.0,0.0
2026-08-11 09:20:00+05:30,24503.5,24506.349609375,24493.0,24500.150390625,0,0.0,0.0
2026-08-11 09:25:00+05:30,24499.94921875,24508.30078125,24487.400390625,24487.400390625,0,0.0,0.0
2026-08-11 09:30:00+05:30,24486.900390625,24493.69921875,24479.05078125,24488.349609375,0,0.0,0.0
2026-08-11 09:35:00+05:30,24488.5,24497.599609375,24480.900390625,24481.75,0,0.0,0.0
2026-08-11 09:40:00+05:30,24482.349609375,24483.80078125,24468.400390625,24479.25,0,0.0,0.0
2026-08-11 09:45:00+05:30,24480.55078125,24483.650390625,24464.150390625,24472.150390625,0,0.0,0.0
2026-08-11 09:50:00+05:30,24471.69921875,24477.44921875,24464.19921875,24468.599609375,0,0.0,0.0
2026-08-11 09:55:00+05:30,24467.349609375,24487.55078125,24461.0,24486.849609375,0,0.0,0.0
2026-08-11 10:00:00+05:30,24486.400390625,24491.849609375,24479.30078125,24486.55078125,0,0.0,0.0
2026-08-11 10:05:00+05:30,24486.55078125,24489.25,24475.05078125,24479.55078125,0,0.0,0.0
2026-08-11 10:10:00+05:30,24479.75,24481.900390625,24472.599609375,24473.0,0,0.0,0.0
2026-08-11 10:15:00+05:30,24473.5,24481.05078125,24467.349609375,24467.599609375,0,0.0,0.0
2026-08-11 10:20:00+05:30,24467.650390625,24475.150390625,24463.599609375,24470.30078125,0,0.0,0.0
2026-08-11 10:25:00+05:30,24470.150390625,24484.80078125,24467.900390625,24479.0,0,0.0,0.0
2026-08-11 10:30:00+05:30,24479.150390625,24485.0,24474.150390625,24480.69921875,0,0.0,0.0
2026-08-11 10:35:00+05:30,24480.80078125,24484.30078125,24472.349609375,24478.94921875,0,0.0,0.0
2026-08-11 10:40:00+05:30,24479.400390625,24481.25,24471.5,24474.75,0,0.0,0.0
2026-08-11 10:45:00+05:30,24474.400390625,24474.849609375,24464.849609375,24468.400390625,0,0.0,0.0
2026-08-11 10:50:00+05:30,24468.650390625,24481.0,24468.349609375,24476.69921875,0,0.0,0.0
2026-08-11 10:55:00+05:30,24476.900390625,24479.30078125,24469.0,24469.0,0,0.0,0.0
2026-08-11 11:00:00+05:30,24469.55078125,24471.25,24449.69921875,24452.0,0,0.0,0.0
2026-08-11 11:05:00+05:30,24452.0,24458.94921875,24445.099609375,24445.650390625,0,0.0,0.0
2026-08-11 11:10:00+05:30,24445.69921875,24451.650390625,24440.400390625,24451.25,0,0.0,0.0
2026-08-11 11:15:00+05:30,24450.94921875,24455.69921875,24444.150390625,24449.19921875,0,0.0,0.0
2026-08-11 11:20:00+05:30,24449.55078125,24449.55078125,24443.599609375,24445.650390625,0,0.0,0.0
2026-08-11 11:25:00+05:30,24445.650390625,24447.099609375,24437.55078125,24442.599609375,0,0.0,0.0
2026-08-11 11:30:00+05:30,24442.80078125,24445.44921875,24436.94921875,24442.599609375,0,0.0,0.0
2026-08-11 11:35:00+05:30,24442.650390625,24450.150390625,24439.400390625,24447.650390625,0,0.0,0.0
2026-08-11 11:40:00+05:30,24447.5,24452.30078125,24445.400390625,24448.599609375,0,0.0,0.0
2026-08-11 11:45:00+05:30,24448.75,24456.44921875,24446.44921875,24453.400390625,0,0.0,0.0
2026-08-11 11:50:00+05:30,24453.650390625,24455.900390625,24440.900390625,24442.19921875,0,0.0,0.0
2026-08-11 11:55:00+05:30,24441.900390625,24445.150390625,24435.650390625,24444.05078125,0,0.0,0.0
2026-08-11 12:00:00+05:30,24444.099609375,24446.0,24429.599609375,24431.05078125,0,0.0,0.0
2026-08-11 12:05:00+05:30,24431.099609375,24438.25,24429.25,24434.650390625,0,0.0,0.0
2026-08-11 12:10:00+05:30,24434.25,24450.75,24434.25,24444.650390625,0,0.0,0.0
2026-08-11 12:15:00+05:30,24444.0,24449.0,24434.349609375,24439.30078125,0,0.0,0.0
2026-08-11 12:20:00+05:30,24439.099609375,24446.5,24431.25,24431.849609375,0,0.0,0.0
2026-08-11 12:25:00+05:30,24431.94921875,24441.900390625,24430.349609375,24439.650390625,0,0.0,0.0
2026-08-11 12:30:00+05:30,24439.349609375,24446.25,24437.349609375,24444.25,0,0.0,0.0
2026-08-11 12:35:00+05:30,24444.25,24445.400390625,24439.44921875,24439.849609375,0,0.0,0.0
2026-08-11 12:40:00+05:30,24440.25,24452.400390625,24433.5,24451.19921875,0,0.0,0.0
2026-08-11 12:45:00+05:30,24451.94921875,24461.75,24448.80078125,24458.400390625,0,0.0,0.0
2026-08-11 12:50:00+05:30,24458.55078125,24460.05078125,24446.80078125,24448.650390625,0,0.0,0.0
2026-08-11 12:55:00+05:30,24448.900390625,24450.55078125,24439.55078125,24440.5,0,0.0,0.0
2026-08-11 13:00:00+05:30,24440.650390625,24456.80078125,24438.900390625,24456.69921875,0,0.0,0.0
2026-08-11 13:05:00+05:30,24456.44921875,24466.650390625,24449.80078125,24462.0,0,0.0,0.0
2026-08-11 13:10:00+05:30,24461.900390625,24464.349609375,24451.099609375,24453.150390625,0,0.0,0.0
2026-08-11 13:15:00+05:30,24453.349609375,24453.80078125,24442.150390625,24450.0,0,0.0,0.0
2026-08-11 13:20:00+05:30,24450.099609375,24453.25,24441.80078125,24452.0,0,0.0,0.0
2026-08-11 13:25:00+05:30,24452.150390625,24474.900390625,24451.150390625,24455.05078125,0,0.0,0.0
2026-08-11 13:30:00+05:30,24454.94921875,24471.44921875,24454.849609375,24469.44921875,0,0.0,0.0
2026-08-11 13:35:00+05:30,24468.80078125,24468.80078125,24451.25,24454.5,0,0.0,0.0
2026-08-11 13:40:00+05:30,24454.55078125,24467.44921875,24454.349609375,24460.55078125,0,0.0,0.0
2026-08-11 13:45:00+05:30,24460.650390625,24469.099609375,24457.150390625,24458.5,0,0.0,0.0
2026-08-11 13:50:00+05:30,24457.44921875,24462.5,24450.19921875,24453.80078125,0,0.0,0.0
2026-08-11 13:55:00+05:30,24453.5,24453.900390625,24445.80078125,24450.150390625,0,0.0,0.0
2026-08-11 14:00:00+05:30,24451.0,24455.30078125,24445.80078125,24450.849609375,0,0.0,0.0
2026-08-11 14:05:00+05:30,24450.94921875,24466.150390625,24441.099609375,24460.94921875,0,0.0,0.0
2026-08-11 14:10:00+05:30,24463.94921875,24466.05078125,24453.05078125,24462.55078125,0,0.0,0.0
2026-08-11 14:15:00+05:30,24464.19921875,24470.0,24452.349609375,24454.05078125,0,0.0,0.0
2026-08-11 14:20:00+05:30,24453.75,24462.05078125,24449.94921875,24458.099609375,0,0.0,0.0
2026-08-11 14:25:00+05:30,24459.5,24465.849609375,24447.30078125,24449.150390625,0,0.0,0.0
2026-08-11 14:30:00+05:30,24450.150390625,24455.650390625,24442.150390625,24443.25,0,0.0,0.0
2026-08-11 14:35:00+05:30,24445.80078125,24452.30078125,24435.05078125,24437.75,0,0.0,0.0
2026-08-11 14:40:00+05:30,24441.599609375,24450.099609375,24439.5,24448.05078125,0,0.0,0.0
2026-08-11 14:45:00+05:30,24450.30078125,24455.44921875,24448.0,24453.349609375,0,0.0,0.0
2026-08-11 14:50:00+05:30,24456.099609375,24460.150390625,24451.75,24456.69921875,0,0.0,0.0
2026-08-11 14:55:00+05:30,24459.80078125,24469.19921875,24455.849609375,24464.19921875,0,0.0,0.0
2026-08-11 15:00:00+05:30,24465.30078125,24472.69921875,24457.30078125,24472.19921875,0,0.0,0.0
2026-08-11 15:05:00+05:30,24473.75,24476.44921875,24452.30078125,24454.599609375,0,0.0,0.0
2026-08-11 15:10:00+05:30,24454.349609375,24457.849609375,24442.650390625,24450.0,0,0.0,0.0
2026-08-11 15:15:00+05:30,24450.25,24450.25,24450.25,24450.25,0,0.0,0.0
2026-08-11 15:20:00+05:30,24450.25,24450.25,24450.25,24450.25,0,0.0,0.0
2026-08-11 15:25:00+05:30,24450.25,24471.69921875,24450.25,24471.69921875,0,0.0,0.0
2026-08-12 09:15:00+05:30,24472.44921875,24472.44921875,24390.900390625,24407.900390625,0,0.0,0.0
2026-08-12 09:20:00+05:30,24407.150390625,24430.900390625,24403.599609375,24422.900390625,0,0.0,0.0
2026-08-12 09:25:00+05:30,24423.0,24463.5,24423.0,24457.25,0,0.0,0.0
2026-08-12 09:30:00+05:30,24457.400390625,24458.55078125,24432.900390625,24440.69921875,0,0.0,0.0
2026-08-12 09:35:00+05:30,24440.19921875,24442.400390625,24420.80078125,24428.19921875,0,0.0,0.0
2026-08-12 09:40:00+05:30,24427.849609375,24438.099609375,24425.900390625,24428.150390625,0,0.0,0.0
2026-08-12 09:45:00+05:30,24428.0,24428.849609375,24399.900390625,24401.80078125,0,0.0,0.0
2026-08-12 09:50:00+05:30,24402.55078125,24412.099609375,24392.69921875,24409.599609375,0,0.0,0.0
2026-08-12 09:55:00+05:30,24409.900390625,24410.94921875,24376.55078125,24377.94921875,0,0.0,0.0
2026-08-12 10:00:00+05:30,24378.55078125,24379.5,24361.55078125,24362.900390625,0,0.0,0.0
2026-08-12 10:05:00+05:30,24362.599609375,24367.5,24357.599609375,24364.75,0,0.0,0.0
2026-08-12 10:10:00+05:30,24363.75,24372.099609375,24362.25,24365.30078125,0,0.0,0.0
2026-08-12 10:15:00+05:30,24365.099609375,24383.349609375,24359.25,24373.099609375,0,0.0,0.0
2026-08-12 10:20:00+05:30,24373.5,24379.69921875,24372.05078125,24374.349609375,0,0.0,0.0
2026-08-12 10:25:00+05:30,24374.80078125,24382.150390625,24369.94921875,24371.900390625,0,0.0,0.0
2026-08-12 10:30:00+05:30,24371.5,24400.94921875,24370.19921875,24394.650390625,0,0.0,0.0
2026-08-12 10:35:00+05:30,24395.599609375,24395.94921875,24383.30078125,24386.25,0,0.0,0.0
2026-08-12 10:40:00+05:30,24386.55078125,24387.650390625,24370.599609375,24375.650390625,0,0.0,0.0
2026-08-12 10:45:00+05:30,24375.650390625,24376.150390625,24351.849609375,24357.25,0,0.0,0.0
2026-08-12 10:50:00+05:30,24357.25,24361.19921875,24356.44921875,24359.5,0,0.0,0.0
2026-08-12 10:55:00+05:30,24359.30078125,24361.80078125,24309.400390625,24318.30078125,0,0.0,0.0
2026-08-12 11:00:00+05:30,24318.650390625,24322.69921875,24297.25,24299.94921875,0,0.0,0.0
2026-08-12 11:05:00+05:30,24300.30078125,24310.19921875,24293.69921875,24305.849609375,0,0.0,0.0
2026-08-12 11:10:00+05:30,24305.599609375,24316.900390625,24294.400390625,24302.400390625,0,0.0,0.0
2026-08-12 11:15:00+05:30,24302.900390625,24308.5,24299.0,24307.349609375,0,0.0,0.0
2026-08-12 11:20:00+05:30,24307.05078125,24318.80078125,24303.30078125,24303.55078125,0,0.0,0.0
2026-08-12 11:25:00+05:30,24305.30078125,24308.94921875,24293.099609375,24296.94921875,0,0.0,0.0
2026-08-12 11:30:00+05:30,24297.05078125,24304.69921875,24286.19921875,24301.69921875,0,0.0,0.0
2026-08-12 11:35:00+05:30,24302.349609375,24303.0,24284.400390625,24285.94921875,0,0.0,0.0
2026-08-12 11:40:00+05:30,24285.94921875,24297.19921875,24278.5,24293.69921875,0,0.0,0.0
2026-08-12 11:45:00+05:30,24294.19921875,24298.05078125,24286.599609375,24291.099609375,0,0.0,0.0
2026-08-12 11:50:00+05:30,24290.599609375,24292.400390625,24281.5,24281.599609375,0,0.0,0.0
2026-08-12 11:55:00+05:30,24282.099609375,24285.349609375,24271.25,24279.55078125,0,0.0,0.0
2026-08-12 12:00:00+05:30,24279.650390625,24282.25,24271.44921875,24272.75,0,0.0,0.0
2026-08-12 12:05:00+05:30,24272.55078125,24281.75,24270.69921875,24272.349609375,0,0.0,0.0
2026-08-12 12:10:00+05:30,24272.69921875,24275.650390625,24265.94921875,24267.099609375,0,0.0,0.0
2026-08-12 12:15:00+05:30,24267.099609375,24280.099609375,24266.400390625,24277.5,0,0.0,0.0
2026-08-12 12:20:00+05:30,24277.44921875,24278.80078125,24271.650390625,24274.44921875,0,0.0,0.0
2026-08-12 12:25:00+05:30,24274.599609375,24282.80078125,24272.25,24281.30078125,0,0.0,0.0
2026-08-12 12:30:00+05:30,24282.099609375,24292.75,24275.25,24288.599609375,0,0.0,0.0
2026-08-12 12:35:00+05:30,24288.69921875,24290.849609375,24284.150390625,24289.75,0,0.0,0.0
2026-08-12 12:40:00+05:30,24289.44921875,24303.19921875,24280.400390625,24283.099609375,0,0.0,0.0
2026-08-12 12:45:00+05:30,24283.19921875,24288.55078125,24275.650390625,24283.19921875,0,0.0,0.0
2026-08-12 12:50:00+05:30,24283.30078125,24289.75,24274.900390625,24275.69921875,0,0.0,0.0
2026-08-12 12:55:00+05:30,24275.150390625,24276.849609375,24270.150390625,24275.900390625,0,0.0,0.0
2026-08-12 13:00:00+05:30,24276.55078125,24286.599609375,24272.900390625,24281.69921875,0,0.0,0.0
2026-08-12 13:05:00+05:30,24280.80078125,24282.69921875,24277.75,24281.099609375,0,0.0,0.0
2026-08-12 13:10:00+05:30,24280.94921875,24288.400390625,24278.94921875,24287.94921875,0,0.0,0.0
2026-08-12 13:15:00+05:30,24288.25,24300.69921875,24284.400390625,24296.75,0,0.0,0.0
2026-08-12 13:20:00+05:30,24295.94921875,24298.05078125,24291.599609375,24296.0,0,0.0,0.0
2026-08-12 13:25:00+05:30,24296.150390625,24298.19921875,24282.0,24291.55078125,0,0.0,0.0
2026-08-12 13:30:00+05:30,24292.849609375,24298.599609375,24290.650390625,24293.44921875,0,0.0,0.0
2026-08-12 13:35:00+05:30,24293.5,24301.44921875,24288.650390625,24293.5,0,0.0,0.0
2026-08-12 13:40:00+05:30,24294.0,24299.5,24285.55078125,24289.30078125,0,0.0,0.0
2026-08-12 13:45:00+05:30,24289.69921875,24292.400390625,24283.400390625,24289.099609375,0,0.0,0.0
2026-08-12 13:50:00+05:30,24289.94921875,24292.05078125,24285.25,24286.599609375,0,0.0,0.0
2026-08-12 13:55:00+05:30,24286.650390625,24290.19921875,24280.0,24286.44921875,0,0.0,0.0
2026-08-12 14:00:00+05:30,24286.400390625,24288.900390625,24276.849609375,24278.55078125,0,0.0,0.0
2026-08-12 14:05:00+05:30,24278.69921875,24286.099609375,24278.599609375,24284.30078125,0,0.0,0.0
2026-08-12 14:10:00+05:30,24284.349609375,24287.94921875,24275.400390625,24278.400390625,0,0.0,0.0
2026-08-12 14:15:00+05:30,24278.19921875,24291.25,24277.44921875,24290.0,0,0.0,0.0
2026-08-12 14:20:00+05:30,24289.650390625,24296.0,24287.400390625,24290.44921875,0,0.0,0.0
2026-08-12 14:25:00+05:30,24290.30078125,24300.69921875,24290.30078125,24297.5,0,0.0,0.0
2026-08-12 14:30:00+05:30,24298.55078125,24331.30078125,24297.75,24321.94921875,0,0.0,0.0
2026-08-12 14:35:00+05:30,24321.599609375,24325.80078125,24312.55078125,24315.69921875,0,0.0,0.0
2026-08-12 14:40:00+05:30,24315.80078125,24334.69921875,24314.30078125,24325.94921875,0,0.0,0.0
2026-08-12 14:45:00+05:30,24326.0,24333.19921875,24316.75,24322.900390625,0,0.0,0.0
2026-08-12 14:50:00+05:30,24322.19921875,24373.94921875,24319.30078125,24373.94921875,0,0.0,0.0
2026-08-12 14:55:00+05:30,24374.599609375,24384.900390625,24353.599609375,24370.05078125,0,0.0,0.0
2026-08-12 15:00:00+05:30,24371.150390625,24375.44921875,24361.400390625,24364.0,0,0.0,0.0
2026-08-12 15:05:00+05:30,24363.69921875,24364.19921875,24341.80078125,24355.75,0,0.0,0.0
2026-08-12 15:10:00+05:30,24356.5,24375.55078125,24350.80078125,24369.30078125,0,0.0,0.0
2026-08-12 15:15:00+05:30,24361.69921875,24361.69921875,24361.69921875,24361.69921875,0,0.0,0.0
2026-08-12 15:20:00+05:30,24361.69921875,24361.69921875,24361.69921875,24361.69921875,0,0.0,0.0
2026-08-12 15:25:00+05:30,24361.69921875,24435.94921875,24361.69921875,24435.94921875,0,0.0,0.0
2026-08-13 09:15:00+05:30,24428.900390625,24428.900390625,24336.150390625,24342.55078125,0,0.0,0.0
2026-08-13 09:20:00+05:30,24344.900390625,24358.55078125,24339.69921875,24348.19921875,0,0.0,0.0
2026-08-13 09:25:00+05:30,24351.150390625,24352.30078125,24326.75,24339.150390625,0,0.0,0.0
2026-08-13 09:30:00+05:30,24342.05078125,24344.150390625,24316.5,24324.349609375,0,0.0,0.0
2026-08-13 09:35:00+05:30,24326.25,24342.0,24322.599609375,24339.650390625,0,0.0,0.0
2026-08-13 09:40:00+05:30,24341.94921875,24350.94921875,24335.80078125,24346.349609375,0,0.0,0.0
2026-08-13 09:45:00+05:30,24347.5,24355.30078125,24336.650390625,24349.55078125,0,0.0,0.0
2026-08-13 09:50:00+05:30,24350.849609375,24356.650390625,24337.55078125,24354.44921875,0,0.0,0.0
2026-08-13 09:55:00+05:30,24355.900390625,24356.19921875,24344.80078125,24351.55078125,0,0.0,0.0
2026-08-13 10:00:00+05:30,24351.80078125,24354.55078125,24342.349609375,24342.80078125,0,0.0,0.0
2026-08-13 10:05:00+05:30,24345.599609375,24353.349609375,24336.94921875,24337.19921875,0,0.0,0.0
2026-08-13 10:10:00+05:30,24338.94921875,24350.30078125,24330.30078125,24343.55078125,0,0.0,0.0
2026-08-13 10:15:00+05:30,24346.25,24346.25,24331.650390625,24336.599609375,0,0.0,0.0
2026-08-13 10:20:00+05:30,24338.349609375,24340.25,24327.55078125,24329.150390625,0,0.0,0.0
2026-08-13 10:25:00+05:30,24330.900390625,24332.599609375,24318.19921875,24319.150390625,0,0.0,0.0
2026-08-13 10:30:00+05:30,24320.400390625,24325.0,24311.44921875,24322.05078125,0,0.0,0.0
2026-08-13 10:35:00+05:30,24322.5,24330.349609375,24318.25,24327.099609375,0,0.0,0.0
2026-08-13 10:40:00+05:30,24328.150390625,24332.80078125,24324.75,24330.80078125,0,0.0,0.0
2026-08-13 10:45:00+05:30,24331.099609375,24341.69921875,24326.69921875,24339.650390625,0,0.0,0.0
2026-08-13 10:50:00+05:30,24340.349609375,24348.650390625,24338.650390625,24339.44921875,0,0.0,0.0
2026-08-13 10:55:00+05:30,24342.19921875,24345.099609375,24336.25,24338.25,0,0.0,0.0
2026-08-13 11:00:00+05:30,24339.849609375,24340.0,24322.099609375,24325.80078125,0,0.0,0.0
2026-08-13 11:05:00+05:30,24325.55078125,24325.599609375,24314.30078125,24324.5,0,0.0,0.0
2026-08-13 11:10:00+05:30,24325.900390625,24329.099609375,24316.94921875,24319.05078125,0,0.0,0.0
2026-08-13 11:15:00+05:30,24319.849609375,24326.5,24317.80078125,24324.650390625,0,0.0,0.0
2026-08-13 11:20:00+05:30,24326.0,24330.80078125,24320.19921875,24327.25,0,0.0,0.0
2026-08-13 11:25:00+05:30,24327.099609375,24339.599609375,24326.19921875,24338.80078125,0,0.0,0.0
2026-08-13 11:30:00+05:30,24339.650390625,24348.25,24338.099609375,24345.44921875,0,0.0,0.0
2026-08-13 11:35:00+05:30,24346.75,24359.849609375,24344.150390625,24358.5,0,0.0,0.0
2026-08-13 11:40:00+05:30,24360.19921875,24363.349609375,24347.44921875,24350.05078125,0,0.0,0.0
2026-08-13 11:45:00+05:30,24350.650390625,24358.19921875,24346.849609375,24357.19921875,0,0.0,0.0
2026-08-13 11:50:00+05:30,24358.599609375,24362.5,24355.25,24357.44921875,0,0.0,0.0
2026-08-13 11:55:00+05:30,24358.80078125,24386.80078125,24355.69921875,24386.44921875,0,0.0,0.0
2026-08-13 12:00:00+05:30,24387.599609375,24414.900390625,24386.30078125,24407.55078125,0,0.0,0.0
2026-08-13 12:05:00+05:30,24409.099609375,24413.80078125,24401.94921875,24402.849609375,0,0.0,0.0
2026-08-13 12:10:00+05:30,24404.80078125,24406.44921875,24391.80078125,24395.650390625,0,0.0,0.0
2026-08-13 12:15:00+05:30,24397.400390625,24399.150390625,24390.400390625,24392.150390625,0,0.0,0.0
2026-08-13 12:20:00+05:30,24393.19921875,24401.44921875,24388.25,24399.19921875,0,0.0,0.0
2026-08-13 12:25:00+05:30,24401.099609375,24403.55078125,24391.05078125,24393.349609375,0,0.0,0.0
2026-08-13 12:30:00+05:30,24395.80078125,24399.55078125,24391.650390625,24398.599609375,0,0.0,0.0
2026-08-13 12:35:00+05:30,24399.75,24400.19921875,24385.599609375,24390.400390625,0,0.0,0.0
2026-08-13 12:40:00+05:30,24391.599609375,24401.25,24389.150390625,24391.69921875,0,0.0,0.0
2026-08-13 12:45:00+05:30,24393.55078125,24393.55078125,24372.150390625,24372.400390625,0,0.0,0.0
2026-08-13 12:50:00+05:30,24373.849609375,24373.849609375,24361.349609375,24370.099609375,0,0.0,0.0
2026-08-13 12:55:00+05:30,24370.94921875,24370.94921875,24361.400390625,24369.150390625,0,0.0,0.0
2026-08-13 13:00:00+05:30,24370.150390625,24371.75,24360.55078125,24361.55078125,0,0.0,0.0
2026-08-13 13:05:00+05:30,24363.69921875,24369.349609375,24361.150390625,24367.150390625,0,0.0,0.0
2026-08-13 13:10:00+05:30,24368.75,24371.849609375,24353.599609375,24362.25,0,0.0,0.0
2026-08-13 13:15:00+05:30,24364.599609375,24372.80078125,24348.900390625,24355.25,0,0.0,0.0
2026-08-13 13:20:00+05:30,24357.30078125,24365.55078125,24350.94921875,24356.19921875,0,0.0,0.0
2026-08-13 13:25:00+05:30,24357.25,24361.849609375,24348.849609375,24356.75,0,0.0,0.0
2026-08-13 13:30:00+05:30,24358.55078125,24362.75,24348.80078125,24351.349609375,0,0.0,0.0
2026-08-13 13:35:00+05:30,24353.099609375,24364.80078125,24350.5,24363.44921875,0,0.0,0.0
2026-08-13 13:40:00+05:30,24365.349609375,24388.0,24361.05078125,24383.80078125,0,0.0,0.0
2026-08-13 13:45:00+05:30,24385.05078125,24395.099609375,24370.650390625,24377.349609375,0,0.0,0.0
2026-08-13 13:50:00+05:30,24381.349609375,24388.30078125,24374.55078125,24385.349609375,0,0.0,0.0
2026-08-13 13:55:00+05:30,24388.0,24396.55078125,24385.25,24394.150390625,0,0.0,0.0
2026-08-13 14:00:00+05:30,24395.5,24395.75,24374.349609375,24378.150390625,0,0.0,0.0
2026-08-13 14:05:00+05:30,24380.05078125,24382.400390625,24356.30078125,24359.0,0,0.0,0.0
2026-08-13 14:10:00+05:30,24360.650390625,24363.900390625,24353.150390625,24356.05078125,0,0.0,0.0
2026-08-13 14:15:00+05:30,24356.400390625,24363.900390625,24349.19921875,24360.80078125,0,0.0,0.0
2026-08-13 14:20:00+05:30,24363.099609375,24377.5,24362.400390625,24372.80078125,0,0.0,0.0
2026-08-13 14:25:00+05:30,24376.099609375,24377.19921875,24366.099609375,24371.650390625,0,0.0,0.0
2026-08-13 14:30:00+05:30,24373.5,24375.5,24357.94921875,24361.099609375,0,0.0,0.0
2026-08-13 14:35:00+05:30,24363.650390625,24367.349609375,24353.099609375,24365.400390625,0,0.0,0.0
2026-08-13 14:40:00+05:30,24366.55078125,24371.849609375,24358.44921875,24359.849609375,0,0.0,0.0
2026-08-13 14:45:00+05:30,24362.44921875,24362.44921875,24349.80078125,24352.25,0,0.0,0.0
2026-08-13 14:50:00+05:30,24354.75,24357.849609375,24347.150390625,24351.900390625,0,0.0,0.0
2026-08-13 14:55:00+05:30,24353.650390625,24355.80078125,24336.5,24344.44921875,0,0.0,0.0
2026-08-13 15:00:00+05:30,24345.55078125,24360.5,24339.25,24356.94921875,0,0.0,0.0
2026-08-13 15:05:00+05:30,24357.55078125,24357.55078125,24342.150390625,24347.75,0,0.0,0.0
2026-08-13 15:10:00+05:30,24348.44921875,24364.5,24342.25,24352.69921875,0,0.0,0.0
2026-08-13 15:15:00+05:30,24353.349609375,24353.349609375,24353.349609375,24353.349609375,0,0.0,0.0
2026-08-13 15:20:00+05:30,24353.349609375,24353.349609375,24353.349609375,24353.349609375,0,0.0,0.0
2026-08-13 15:25:00+05:30,24353.349609375,24395.849609375,24353.349609375,24395.849609375,0,0.0,0.0
2026-08-14 09:15:00+05:30,24363.75,24363.75,24314.099609375,24322.69921875,0,0.0,0.0
2026-08-14 09:20:00+05:30,24323.69921875,24335.900390625,24315.75,24324.849609375,0,0.0,0.0
2026-08-14 09:25:00+05:30,24324.94921875,24326.05078125,24307.19921875,24309.099609375,0,0.0,0.0
2026-08-14 09:30:00+05:30,24309.44921875,24336.69921875,24304.599609375,24325.75,0,0.0,0.0
2026-08-14 09:35:00+05:30,24327.44921875,24345.19921875,24326.44921875,24337.650390625,0,0.0,0.0
2026-08-14 09:40:00+05:30,24338.44921875,24338.650390625,24326.150390625,24332.05078125,0,0.0,0.0
2026-08-14 09:45:00+05:30,24333.150390625,24346.80078125,24332.099609375,24341.599609375,0,0.0,0.0
2026-08-14 09:50:00+05:30,24341.150390625,24345.19921875,24324.19921875,24324.69921875,0,0.0,0.0
2026-08-14 09:55:00+05:30,24326.44921875,24344.849609375,24322.55078125,24343.55078125,0,0.0,0.0
2026-08-14 10:00:00+05:30,24343.55078125,24353.44921875,24340.650390625,24350.69921875,0,0.0,0.0
2026-08-14 10:05:00+05:30,24350.849609375,24355.150390625,24343.19921875,24355.150390625,0,0.0,0.0
2026-08-14 10:10:00+05:30,24354.650390625,24359.19921875,24342.650390625,24345.44921875,0,0.0,0.0
2026-08-14 10:15:00+05:30,24345.150390625,24347.0,24336.19921875,24336.900390625,0,0.0,0.0
2026-08-14 10:20:00+05:30,24337.400390625,24341.099609375,24332.150390625,24334.05078125,0,0.0,0.0
2026-08-14 10:25:00+05:30,24334.849609375,24338.099609375,24329.55078125,24331.25,0,0.0,0.0
2026-08-14 10:30:00+05:30,24331.900390625,24332.25,24298.349609375,24309.25,0,0.0,0.0
2026-08-14 10:35:00+05:30,24309.0,24321.80078125,24307.099609375,24321.75,0,0.0,0.0
2026-08-14 10:40:00+05:30,24322.19921875,24325.69921875,24316.75,24324.69921875,0,0.0,0.0
2026-08-14 10:45:00+05:30,24325.25,24335.19921875,24324.099609375,24333.80078125,0,0.0,0.0
2026-08-14 10:50:00+05:30,24334.349609375,24338.69921875,24331.19921875,24336.69921875,0,0.0,0.0
2026-08-14 10:55:00+05:30,24335.44921875,24337.75,24312.0,24312.19921875,0,0.0,0.0
2026-08-14 11:00:00+05:30,24313.05078125,24322.349609375,24306.400390625,24320.849609375,0,0.0,0.0
2026-08-14 11:05:00+05:30,24321.94921875,24321.94921875,24309.349609375,24314.25,0,0.0,0.0
2026-08-14 11:10:00+05:30,24314.80078125,24318.349609375,24311.69921875,24315.0,0,0.0,0.0
2026-08-14 11:15:00+05:30,24315.5,24329.94921875,24313.94921875,24327.849609375,0,0.0,0.0
2026-08-14 11:20:00+05:30,24328.44921875,24332.25,24322.94921875,24327.69921875,0,0.0,0.0
2026-08-14 11:25:00+05:30,24328.25,24329.849609375,24313.44921875,24315.80078125,0,0.0,0.0
2026-08-14 11:30:00+05:30,24315.69921875,24321.80078125,24309.400390625,24318.75,0,0.0,0.0
2026-08-14 11:35:00+05:30,24318.44921875,24322.349609375,24312.349609375,24320.44921875,0,0.0,0.0
2026-08-14 11:40:00+05:30,24322.19921875,24330.69921875,24319.30078125,24327.69921875,0,0.0,0.0
2026-08-14 11:45:00+05:30,24328.0,24336.94921875,24325.25,24326.94921875,0,0.0,0.0
2026-08-14 11:50:00+05:30,24327.650390625,24336.25,24325.19921875,24329.75,0,0.0,0.0
2026-08-14 11:55:00+05:30,24330.55078125,24333.599609375,24321.94921875,24326.900390625,0,0.0,0.0
2026-08-14 12:00:00+05:30,24328.19921875,24329.650390625,24319.25,24321.69921875,0,0.0,0.0
2026-08-14 12:05:00+05:30,24321.900390625,24340.650390625,24321.44921875,24335.349609375,0,0.0,0.0
2026-08-14 12:10:00+05:30,24335.75,24345.55078125,24335.099609375,24341.44921875,0,0.0,0.0
2026-08-14 12:15:00+05:30,24342.0,24349.25,24339.900390625,24349.0,0,0.0,0.0
2026-08-14 12:20:00+05:30,24349.30078125,24354.0,24345.5,24351.650390625,0,0.0,0.0
2026-08-14 12:25:00+05:30,24353.75,24354.650390625,24343.25,24347.30078125,0,0.0,0.0
2026-08-14 12:30:00+05:30,24346.80078125,24347.94921875,24340.0,24344.5,0,0.0,0.0
2026-08-14 12:35:00+05:30,24344.099609375,24346.80078125,24338.849609375,24340.900390625,0,0.0,0.0
2026-08-14 12:40:00+05:30,24342.0,24346.099609375,24333.44921875,24335.849609375,0,0.0,0.0
2026-08-14 12:45:00+05:30,24336.650390625,24347.69921875,24334.80078125,24345.30078125,0,0.0,0.0
2026-08-14 12:50:00+05:30,24345.44921875,24353.30078125,24343.69921875,24350.69921875,0,0.0,0.0
2026-08-14 12:55:00+05:30,24349.900390625,24352.0,24344.150390625,24349.55078125,0,0.0,0.0
2026-08-14 13:00:00+05:30,24349.400390625,24352.150390625,24343.94921875,24344.900390625,0,0.0,0.0
2026-08-14 13:05:00+05:30,24345.150390625,24347.349609375,24340.44921875,24342.0,0,0.0,0.0
2026-08-14 13:10:00+05:30,24341.80078125,24348.349609375,24340.75,24346.849609375,0,0.0,0.0
2026-08-14 13:15:00+05:30,24347.0,24348.80078125,24339.44921875,24343.75,0,0.0,0.0
2026-08-14 13:20:00+05:30,24344.19921875,24348.099609375,24341.69921875,24343.75,0,0.0,0.0
2026-08-14 13:25:00+05:30,24343.5,24344.69921875,24337.30078125,24340.55078125,0,0.0,0.0
2026-08-14 13:30:00+05:30,24340.19921875,24341.650390625,24328.349609375,24330.05078125,0,0.0,0.0
2026-08-14 13:35:00+05:30,24329.75,24349.5,24327.349609375,24348.30078125,0,0.0,0.0
2026-08-14 13:40:00+05:30,24348.69921875,24358.30078125,24348.19921875,24357.349609375,0,0.0,0.0
2026-08-14 13:45:00+05:30,24357.400390625,24391.099609375,24356.80078125,24383.69921875,0,0.0,0.0
2026-08-14 13:50:00+05:30,24383.69921875,24389.099609375,24380.400390625,24385.599609375,0,0.0,0.0
2026-08-14 13:55:00+05:30,24386.400390625,24397.80078125,24381.599609375,24395.0,0,0.0,0.0
2026-08-14 14:00:00+05:30,24395.0,24405.19921875,24393.0,24395.55078125,0,0.0,0.0
2026-08-14 14:05:00+05:30,24395.900390625,24398.80078125,24387.349609375,24389.94921875,0,0.0,0.0
2026-08-14 14:10:00+05:30,24390.5,24392.05078125,24382.5,24383.55078125,0,0.0,0.0
2026-08-14 14:15:00+05:30,24383.19921875,24389.19921875,24378.650390625,24379.94921875,0,0.0,0.0
2026-08-14 14:20:00+05:30,24378.69921875,24381.0,24372.80078125,24376.900390625,0,0.0,0.0
2026-08-14 14:25:00+05:30,24377.30078125,24379.19921875,24369.650390625,24371.599609375,0,0.0,0.0
2026-08-14 14:30:00+05:30,24372.599609375,24375.0,24367.55078125,24371.599609375,0,0.0,0.0
2026-08-14 14:35:00+05:30,24371.94921875,24373.5,24366.400390625,24369.349609375,0,0.0,0.0
2026-08-14 14:40:00+05:30,24369.349609375,24373.849609375,24368.400390625,24369.44921875,0,0.0,0.0
2026-08-14 14:45:00+05:30,24370.0,24374.150390625,24364.75,24366.80078125,0,0.0,0.0
2026-08-14 14:50:00+05:30,24365.650390625,24383.400390625,24365.650390625,24382.400390625,0,0.0,0.0
2026-08-14 14:55:00+05:30,24380.900390625,24384.400390625,24373.400390625,24374.599609375,0,0.0,0.0
2026-08-14 15:00:00+05:30,24374.25,24382.25,24370.69921875,24375.44921875,0,0.0,0.0
2026-08-14 15:05:00+05:30,24375.75,24377.44921875,24368.25,24371.05078125,0,0.0,0.0
2026-08-14 15:10:00+05:30,24371.150390625,24375.19921875,24354.44921875,24354.44921875,0,0.0,0.0
2026-08-14 15:15:00+05:30,24354.849609375,24354.849609375,24354.849609375,24354.849609375,0,0.0,0.0
2026-08-14 15:20:00+05:30,24354.849609375,24354.849609375,24354.849609375,24354.849609375,0,0.0,0.0
2026-08-14 15:25:00+05:30,24354.849609375,24366.0,24354.849609375,24366.0,0,0.0,0.0
2026-08-17 09:15:00+05:30,24343.44921875,24357.599609375,24283.05078125,24306.650390625,0,0.0,0.0
2026-08-17 09:20:00+05:30,24306.05078125,24310.19921875,24293.25,24303.400390625,0,0.0,0.0
2026-08-17 09:25:00+05:30,24303.099609375,24312.400390625,24296.650390625,24306.349609375,0,0.0,0.0
2026-08-17 09:30:00+05:30,24306.05078125,24307.75,24281.44921875,24287.69921875,0,0.0,0.0
2026-08-17 09:35:00+05:30,24287.099609375,24302.900390625,24286.5,24293.30078125,0,0.0,0.0
2026-08-17 09:40:00+05:30,24293.150390625,24312.44921875,24293.150390625,24301.0,0,0.0,0.0
2026-08-17 09:45:00+05:30,24301.349609375,24307.0,24296.05078125,24304.650390625,0,0.0,0.0
2026-08-17 09:50:00+05:30,24305.150390625,24309.25,24295.44921875,24300.30078125,0,0.0,0.0
2026-08-17 09:55:00+05:30,24300.150390625,24301.69921875,24283.849609375,24283.849609375,0,0.0,0.0
2026-08-17 10:00:00+05:30,24283.94921875,24295.650390625,24283.650390625,24291.150390625,0,0.0,0.0
2026-08-17 10:05:00+05:30,24291.30078125,24295.05078125,24286.5,24290.94921875,0,0.0,0.0
2026-08-17 10:10:00+05:30,24291.30078125,24292.400390625,24277.400390625,24281.5,0,0.0,0.0
2026-08-17 10:15:00+05:30,24281.44921875,24283.900390625,24259.55078125,24263.599609375,0,0.0,0.0
2026-08-17 10:20:00+05:30,24264.25,24264.69921875,24251.900390625,24252.80078125,0,0.0,0.0
2026-08-17 10:25:00+05:30,24252.69921875,24263.05078125,24250.0,24260.30078125,0,0.0,0.0
2026-08-17 10:30:00+05:30,24260.44921875,24261.900390625,24252.349609375,24256.30078125,0,0.0,0.0
2026-08-17 10:35:00+05:30,24255.349609375,24259.30078125,24250.099609375,24254.400390625,0,0.0,0.0
2026-08-17 10:40:00+05:30,24254.30078125,24256.75,24235.55078125,24238.75,0,0.0,0.0
2026-08-17 10:45:00+05:30,24239.19921875,24240.0,24228.44921875,24238.25,0,0.0,0.0
2026-08-17 10:50:00+05:30,24238.400390625,24246.599609375,24236.650390625,24242.099609375,0,0.0,0.0
2026-08-17 10:55:00+05:30,24241.94921875,24247.44921875,24236.75,24238.19921875,0,0.0,0.0
2026-08-17 11:00:00+05:30,24237.55078125,24246.599609375,24232.5,24240.349609375,0,0.0,0.0
2026-08-17 11:05:00+05:30,24240.599609375,24242.69921875,24231.44921875,24235.44921875,0,0.0,0.0
2026-08-17 11:10:00+05:30,24235.69921875,24238.69921875,24232.849609375,24236.44921875,0,0.0,0.0
2026-08-17 11:15:00+05:30,24236.19921875,24240.0,24233.400390625,24235.80078125,0,0.0,0.0
2026-08-17 11:20:00+05:30,24235.650390625,24237.80078125,24226.94921875,24230.400390625,0,0.0,0.0
2026-08-17 11:25:00+05:30,24229.94921875,24243.599609375,24228.099609375,24240.0,0,0.0,0.0
2026-08-17 11:30:00+05:30,24239.849609375,24244.94921875,24234.25,24241.44921875,0,0.0,0.0
2026-08-17 11:35:00+05:30,24241.400390625,24248.349609375,24235.55078125,24239.400390625,0,0.0,0.0
2026-08-17 11:40:00+05:30,24239.44921875,24248.19921875,24235.75,24244.69921875,0,0.0,0.0
2026-08-17 11:45:00+05:30,24244.75,24257.55078125,24242.099609375,24254.25,0,0.0,0.0
2026-08-17 11:50:00+05:30,24254.349609375,24273.25,24253.5,24263.94921875,0,0.0,0.0
2026-08-17 11:55:00+05:30,24263.75,24275.25,24262.900390625,24271.69921875,0,0.0,0.0
2026-08-17 12:00:00+05:30,24271.650390625,24275.650390625,24263.849609375,24266.75,0,0.0,0.0
2026-08-17 12:05:00+05:30,24266.650390625,24270.099609375,24260.75,24265.0,0,0.0,0.0
2026-08-17 12:10:00+05:30,24264.44921875,24272.5,24256.55078125,24270.75,0,0.0,0.0
2026-08-17 12:15:00+05:30,24270.75,24287.599609375,24269.80078125,24285.5,0,0.0,0.0
2026-08-17 12:20:00+05:30,24285.69921875,24288.75,24281.5,24286.849609375,0,0.0,0.0
2026-08-17 12:25:00+05:30,24286.650390625,24292.0,24283.44921875,24290.80078125,0,0.0,0.0
2026-08-17 12:30:00+05:30,24289.94921875,24300.05078125,24286.099609375,24295.150390625,0,0.0,0.0
2026-08-17 12:35:00+05:30,24294.69921875,24305.69921875,24291.94921875,24297.05078125,0,0.0,0.0
2026-08-17 12:40:00+05:30,24297.19921875,24306.75,24295.599609375,24303.5,0,0.0,0.0
2026-08-17 12:45:00+05:30,24303.19921875,24332.0,24302.400390625,24321.599609375,0,0.0,0.0
2026-08-17 12:50:00+05:30,24321.349609375,24336.69921875,24321.349609375,24328.69921875,0,0.0,0.0
2026-08-17 12:55:00+05:30,24328.5,24335.0,24321.099609375,24333.94921875,0,0.0,0.0
2026-08-17 13:00:00+05:30,24334.0,24354.30078125,24332.5,24344.0,0,0.0,0.0
2026-08-17 13:05:00+05:30,24343.94921875,24350.55078125,24335.650390625,24338.44921875,0,0.0,0.0
2026-08-17 13:10:00+05:30,24338.5,24352.94921875,24335.19921875,24346.349609375,0,0.0,0.0
2026-08-17 13:15:00+05:30,24346.599609375,24355.05078125,24344.94921875,24349.30078125,0,0.0,0.0
2026-08-17 13:20:00+05:30,24349.25,24353.05078125,24342.099609375,24345.5,0,0.0,0.0
2026-08-17 13:25:00+05:30,24346.30078125,24356.150390625,24342.30078125,24351.849609375,0,0.0,0.0
2026-08-17 13:30:00+05:30,24352.94921875,24357.650390625,24345.19921875,24349.150390625,0,0.0,0.0
2026-08-17 13:35:00+05:30,24349.150390625,24350.75,24339.80078125,24345.80078125,0,0.0,0.0
2026-08-17 13:40:00+05:30,24346.0,24359.30078125,24340.44921875,24353.25,0,0.0,0.0
2026-08-17 13:45:00+05:30,24353.650390625,24359.349609375,24341.599609375,24343.55078125,0,0.0,0.0
2026-08-17 13:50:00+05:30,24343.69921875,24344.75,24335.900390625,24339.75,0,0.0,0.0
2026-08-17 13:55:00+05:30,24339.80078125,24342.75,24332.44921875,24337.75,0,0.0,0.0
2026-08-17 14:00:00+05:30,24338.30078125,24346.75,24334.400390625,24342.400390625,0,0.0,0.0
2026-08-17 14:05:00+05:30,24342.94921875,24346.099609375,24339.5,24340.75,0,0.0,0.0
2026-08-17 14:10:00+05:30,24340.80078125,24342.150390625,24329.5,24331.0,0,0.0,0.0
2026-08-17 14:15:00+05:30,24331.150390625,24343.05078125,24328.25,24339.25,0,0.0,0.0
2026-08-17 14:20:00+05:30,24339.150390625,24339.94921875,24322.69921875,24324.19921875,0,0.0,0.0
2026-08-17 14:25:00+05:30,24324.5,24328.650390625,24322.55078125,24326.150390625,0,0.0,0.0
2026-08-17 14:30:00+05:30,24326.75,24332.099609375,24325.44921875,24328.349609375,0,0.0,0.0
2026-08-17 14:35:00+05:30,24328.349609375,24331.80078125,24317.900390625,24327.900390625,0,0.0,0.0
2026-08-17 14:40:00+05:30,24328.5,24337.900390625,24326.75,24334.349609375,0,0.0,0.0
2026-08-17 14:45:00+05:30,24335.400390625,24340.599609375,24330.94921875,24339.19921875,0,0.0,0.0
2026-08-17 14:50:00+05:30,24336.900390625,24346.05078125,24333.900390625,24343.94921875,0,0.0,0.0
2026-08-17 14:55:00+05:30,24343.94921875,24345.099609375,24334.5,24338.19921875,0,0.0,0.0
2026-08-17 15:00:00+05:30,24337.69921875,24353.849609375,24331.80078125,24351.80078125,0,0.0,0.0
2026-08-17 15:05:00+05:30,24352.05078125,24353.69921875,24341.349609375,24349.099609375,0,0.0,0.0
2026-08-17 15:10:00+05:30,24349.400390625,24359.900390625,24330.69921875,24341.900390625,0,0.0,0.0
2026-08-17 15:15:00+05:30,24339.599609375,24339.80078125,24339.599609375,24339.80078125,0,0.0,0.0
2026-08-17 15:20:00+05:30,24339.80078125,24339.80078125,24339.80078125,24339.80078125,0,0.0,0.0
2026-08-17 15:25:00+05:30,24339.80078125,24339.80078125,24287.650390625,24287.650390625,0,0.0,0.0
2026-08-18 09:15:00+05:30,24223.05078125,24253.94921875,24214.599609375,24238.849609375,0,0.0,0.0
2026-08-18 09:20:00+05:30,24239.599609375,24246.55078125,24229.849609375,24244.349609375,0,0.0,0.0
2026-08-18 09:25:00+05:30,24246.25,24269.5,24241.099609375,24245.099609375,0,0.0,0.0
2026-08-18 09:30:00+05:30,24246.400390625,24246.400390625,24220.650390625,24232.650390625,0,0.0,0.0
2026-08-18 09:35:00+05:30,24233.5,24248.69921875,24229.69921875,24247.30078125,0,0.0,0.0
2026-08-18 09:40:00+05:30,24249.19921875,24249.19921875,24222.94921875,24224.55078125,0,0.0,0.0
2026-08-18 09:45:00+05:30,24226.150390625,24232.05078125,24214.849609375,24228.5,0,0.0,0.0
2026-08-18 09:50:00+05:30,24230.80078125,24241.349609375,24224.150390625,24235.30078125,0,0.0,0.0
2026-08-18 09:55:00+05:30,24236.650390625,24237.30078125,24221.5,24234.5,0,0.0,0.0
2026-08-18 10:00:00+05:30,24234.099609375,24234.599609375,24213.0,24222.80078125,0,0.0,0.0
2026-08-18 10:05:00+05:30,24223.400390625,24228.400390625,24221.30078125,24221.599609375,0,0.0,0.0
2026-08-18 10:10:00+05:30,24223.05078125,24224.900390625,24218.0,24220.19921875,0,0.0,0.0
2026-08-18 10:15:00+05:30,24221.099609375,24221.099609375,24208.150390625,24214.05078125,0,0.0,0.0
2026-08-18 10:20:00+05:30,24215.05078125,24220.75,24210.80078125,24216.69921875,0,0.0,0.0
2026-08-18 10:25:00+05:30,24218.0,24231.05078125,24210.30078125,24225.849609375,0,0.0,0.0
2026-08-18 10:30:00+05:30,24227.0,24231.30078125,24225.400390625,24231.19921875,0,0.0,0.0
2026-08-18 10:35:00+05:30,24231.55078125,24233.400390625,24226.0,24226.099609375,0,0.0,0.0
2026-08-18 10:40:00+05:30,24227.30078125,24227.30078125,24210.05078125,24214.80078125,0,0.0,0.0
2026-08-18 10:45:00+05:30,24216.150390625,24216.400390625,24196.099609375,24204.75,0,0.0,0.0
2026-08-18 10:50:00+05:30,24206.25,24210.0,24192.599609375,24195.55078125,0,0.0,0.0
2026-08-18 10:55:00+05:30,24196.94921875,24201.80078125,24187.650390625,24200.25,0,0.0,0.0
2026-08-18 11:00:00+05:30,24201.94921875,24205.849609375,24194.849609375,24205.849609375,0,0.0,0.0
2026-08-18 11:05:00+05:30,24205.5,24211.5,24201.69921875,24207.25,0,0.0,0.0
2026-08-18 11:10:00+05:30,24208.25,24208.69921875,24197.25,24202.349609375,0,0.0,0.0
2026-08-18 11:15:00+05:30,24203.75,24208.55078125,24194.94921875,24197.75,0,0.0,0.0
2026-08-18 11:20:00+05:30,24198.900390625,24198.900390625,24189.650390625,24195.75,0,0.0,0.0
2026-08-18 11:25:00+05:30,24195.55078125,24195.599609375,24182.55078125,24182.650390625,0,0.0,0.0
2026-08-18 11:30:00+05:30,24183.75,24190.650390625,24174.5,24190.650390625,0,0.0,0.0
2026-08-18 11:35:00+05:30,24191.44921875,24201.900390625,24188.849609375,24196.599609375,0,0.0,0.0
2026-08-18 11:40:00+05:30,24198.0,24199.849609375,24193.849609375,24198.400390625,0,0.0,0.0
2026-08-18 11:45:00+05:30,24198.349609375,24203.80078125,24196.400390625,24200.099609375,0,0.0,0.0
2026-08-18 11:50:00+05:30,24201.650390625,24214.400390625,24198.30078125,24199.19921875,0,0.0,0.0
2026-08-18 11:55:00+05:30,24201.19921875,24208.5,24195.900390625,24206.80078125,0,0.0,0.0
2026-08-18 12:00:00+05:30,24208.30078125,24215.44921875,24201.849609375,24213.150390625,0,0.0,0.0
2026-08-18 12:05:00+05:30,24214.94921875,24220.19921875,24212.900390625,24215.80078125,0,0.0,0.0
2026-08-18 12:10:00+05:30,24217.44921875,24220.80078125,24208.099609375,24212.94921875,0,0.0,0.0
2026-08-18 12:15:00+05:30,24213.19921875,24215.099609375,24205.25,24209.19921875,0,0.0,0.0
2026-08-18 12:20:00+05:30,24210.0,24211.19921875,24203.650390625,24206.150390625,0,0.0,0.0
2026-08-18 12:25:00+05:30,24206.900390625,24217.400390625,24204.69921875,24212.80078125,0,0.0,0.0
2026-08-18 12:30:00+05:30,24213.25,24220.349609375,24212.349609375,24214.69921875,0,0.0,0.0
2026-08-18 12:35:00+05:30,24215.30078125,24218.25,24205.599609375,24208.25,0,0.0,0.0
2026-08-18 12:40:00+05:30,24208.69921875,24208.69921875,24196.0,24198.05078125,0,0.0,0.0
2026-08-18 12:45:00+05:30,24198.0,24206.849609375,24194.44921875,24205.55078125,0,0.0,0.0
2026-08-18 12:50:00+05:30,24206.30078125,24210.69921875,24203.5,24206.5,0,0.0,0.0
2026-08-18 12:55:00+05:30,24207.44921875,24210.05078125,24198.75,24199.05078125,0,0.0,0.0
2026-08-18 13:00:00+05:30,24200.0,24200.150390625,24187.849609375,24193.69921875,0,0.0,0.0
2026-08-18 13:05:00+05:30,24192.400390625,24200.19921875,24185.599609375,24198.75,0,0.0,0.0
2026-08-18 13:10:00+05:30,24200.05078125,24204.900390625,24196.349609375,24202.599609375,0,0.0,0.0
2026-08-18 13:15:00+05:30,24204.5,24210.69921875,24202.099609375,24206.94921875,0,0.0,0.0
2026-08-18 13:20:00+05:30,24207.400390625,24208.900390625,24200.849609375,24204.19921875,0,0.0,0.0
2026-08-18 13:25:00+05:30,24205.44921875,24208.05078125,24198.650390625,24207.849609375,0,0.0,0.0
2026-08-18 13:30:00+05:30,24208.349609375,24209.0,24201.75,24203.150390625,0,0.0,0.0
2026-08-18 13:35:00+05:30,24203.80078125,24205.349609375,24190.099609375,24194.75,0,0.0,0.0
2026-08-18 13:40:00+05:30,24195.400390625,24204.650390625,24193.75,24202.0,0,0.0,0.0
2026-08-18 13:45:00+05:30,24202.650390625,24207.599609375,24200.44921875,24204.69921875,0,0.0,0.0
2026-08-18 13:50:00+05:30,24206.099609375,24206.099609375,24194.75,24196.150390625,0,0.0,0.0
2026-08-18 13:55:00+05:30,24197.900390625,24200.099609375,24187.900390625,24190.80078125,0,0.0,0.0
2026-08-18 14:00:00+05:30,24192.94921875,24207.80078125,24191.0,24206.75,0,0.0,0.0
2026-08-18 14:05:00+05:30,24207.75,24209.5,24194.349609375,24195.94921875,0,0.0,0.0
2026-08-18 14:10:00+05:30,24196.55078125,24198.0,24189.19921875,24195.55078125,0,0.0,0.0
2026-08-18 14:15:00+05:30,24196.94921875,24198.30078125,24189.849609375,24191.0,0,0.0,0.0
2026-08-18 14:20:00+05:30,24191.44921875,24200.30078125,24185.849609375,24193.75,0,0.0,0.0
2026-08-18 14:25:00+05:30,24194.849609375,24203.5,24181.75,24199.099609375,0,0.0,0.0
2026-08-18 14:30:00+05:30,24201.099609375,24207.0,24194.099609375,24198.55078125,0,0.0,0.0
2026-08-18 14:35:00+05:30,24200.75,24204.44921875,24191.849609375,24201.55078125,0,0.0,0.0
2026-08-18 14:40:00+05:30,24201.75,24207.5,24198.69921875,24205.19921875,0,0.0,0.0
2026-08-18 14:45:00+05:30,24206.0,24211.150390625,24198.900390625,24207.099609375,0,0.0,0.0
2026-08-18 14:50:00+05:30,24208.69921875,24217.69921875,24204.69921875,24206.099609375,0,0.0,0.0
2026-08-18 14:55:00+05:30,24207.349609375,24221.099609375,24206.25,24214.30078125,0,0.0,0.0
2026-08-18 15:00:00+05:30,24216.599609375,24230.75,24202.650390625,24203.19921875,0,0.0,0.0
2026-08-18 15:05:00+05:30,24205.400390625,24206.400390625,24191.05078125,24197.30078125,0,0.0,0.0
2026-08-18 15:10:00+05:30,24196.5,24202.849609375,24165.80078125,24165.80078125,0,0.0,0.0
2026-08-18 15:15:00+05:30,24166.349609375,24166.349609375,24166.349609375,24166.349609375,0,0.0,0.0
2026-08-18 15:20:00+05:30,24166.349609375,24166.349609375,24166.349609375,24166.349609375,0,0.0,0.0
2026-08-18 15:25:00+05:30,24166.349609375,24166.349609375,24154.900390625,24154.900390625,0,0.0,0.0
2026-08-19 09:15:00+05:30,24163.05078125,24166.94921875,24103.0,24118.69921875,0,0.0,0.0
2026-08-19 09:20:00+05:30,24119.75,24125.30078125,24105.30078125,24106.05078125,0,0.0,0.0
2026-08-19 09:25:00+05:30,24108.599609375,24109.400390625,24093.25,24096.75,0,0.0,0.0
2026-08-19 09:30:00+05:30,24098.25,24099.0,24071.900390625,24073.849609375,0,0.0,0.0
2026-08-19 09:35:00+05:30,24076.400390625,24080.05078125,24065.5,24079.55078125,0,0.0,0.0
2026-08-19 09:40:00+05:30,24080.5,24090.94921875,24069.150390625,24084.55078125,0,0.0,0.0
2026-08-19 09:45:00+05:30,24085.349609375,24095.44921875,24079.55078125,24094.150390625,0,0.0,0.0
2026-08-19 09:50:00+05:30,24095.349609375,24108.44921875,24093.5,24099.75,0,0.0,0.0
2026-08-19 09:55:00+05:30,24100.849609375,24105.150390625,24093.599609375,24097.80078125,0,0.0,0.0
2026-08-19 10:00:00+05:30,24097.150390625,24107.80078125,24093.099609375,24099.75,0,0.0,0.0
2026-08-19 10:05:00+05:30,24101.55078125,24102.5,24093.599609375,24094.44921875,0,0.0,0.0
2026-08-19 10:10:00+05:30,24094.849609375,24098.55078125,24085.150390625,24091.80078125,0,0.0,0.0
2026-08-19 10:15:00+05:30,24093.25,24094.5,24071.30078125,24072.69921875,0,0.0,0.0
2026-08-19 10:20:00+05:30,24074.44921875,24074.44921875,24063.19921875,24065.05078125,0,0.0,0.0
2026-08-19 10:25:00+05:30,24067.19921875,24071.25,24064.05078125,24065.19921875,0,0.0,0.0
2026-08-19 10:30:00+05:30,24066.400390625,24066.400390625,24056.599609375,24057.44921875,0,0.0,0.0
2026-08-19 10:35:00+05:30,24058.849609375,24063.19921875,24050.75,24051.94921875,0,0.0,0.0
2026-08-19 10:40:00+05:30,24054.0,24061.05078125,24043.400390625,24058.400390625,0,0.0,0.0
2026-08-19 10:45:00+05:30,24060.099609375,24060.099609375,24048.650390625,24053.099609375,0,0.0,0.0
2026-08-19 10:50:00+05:30,24054.900390625,24062.19921875,24049.650390625,24061.30078125,0,0.0,0.0
2026-08-19 10:55:00+05:30,24062.75,24068.30078125,24055.900390625,24056.099609375,0,0.0,0.0
2026-08-19 11:00:00+05:30,24058.94921875,24059.19921875,24044.94921875,24047.94921875,0,0.0,0.0
2026-08-19 11:05:00+05:30,24050.0,24050.0,24028.19921875,24041.19921875,0,0.0,0.0
2026-08-19 11:10:00+05:30,24043.849609375,24051.150390625,24038.400390625,24048.5,0,0.0,0.0
2026-08-19 11:15:00+05:30,24051.650390625,24055.400390625,24045.30078125,24053.150390625,0,0.0,0.0
2026-08-19 11:20:00+05:30,24057.0,24062.25,24051.55078125,24052.25,0,0.0,0.0
2026-08-19 11:25:00+05:30,24054.75,24057.849609375,24046.94921875,24054.349609375,0,0.0,0.0
2026-08-19 11:30:00+05:30,24056.75,24059.0,24050.25,24054.25,0,0.0,0.0
2026-08-19 11:35:00+05:30,24056.599609375,24057.0,24042.650390625,24048.099609375,0,0.0,0.0
2026-08-19 11:40:00+05:30,24050.349609375,24053.349609375,24044.349609375,24052.44921875,0,0.0,0.0
2026-08-19 11:45:00+05:30,24054.5,24069.05078125,24049.75,24066.900390625,0,0.0,0.0
2026-08-19 11:50:00+05:30,24068.94921875,24081.69921875,24067.349609375,24079.900390625,0,0.0,0.0
2026-08-19 11:55:00+05:30,24081.849609375,24082.19921875,24075.80078125,24078.30078125,0,0.0,0.0
2026-08-19 12:00:00+05:30,24080.349609375,24081.150390625,24058.80078125,24059.80078125,0,0.0,0.0
2026-08-19 12:05:00+05:30,24061.0,24068.55078125,24051.599609375,24056.150390625,0,0.0,0.0
2026-08-19 12:10:00+05:30,24058.44921875,24058.44921875,24050.25,24052.80078125,0,0.0,0.0
2026-08-19 12:15:00+05:30,24054.05078125,24061.30078125,24050.94921875,24060.19921875,0,0.0,0.0
2026-08-19 12:20:00+05:30,24060.5,24067.150390625,24055.30078125,24064.5,0,0.0,0.0
2026-08-19 12:25:00+05:30,24066.0,24066.349609375,24052.69921875,24059.849609375,0,0.0,0.0
2026-08-19 12:30:00+05:30,24061.55078125,24062.099609375,24049.05078125,24054.05078125,0,0.0,0.0
2026-08-19 12:35:00+05:30,24055.94921875,24061.19921875,24048.44921875,24054.55078125,0,0.0,0.0
2026-08-19 12:40:00+05:30,24057.0,24062.099609375,24051.150390625,24055.30078125,0,0.0,0.0
2026-08-19 12:45:00+05:30,24056.94921875,24056.94921875,24046.94921875,24052.05078125,0,0.0,0.0
2026-08-19 12:50:00+05:30,24053.69921875,24057.349609375,24050.25,24055.55078125,0,0.0,0.0
2026-08-19 12:55:00+05:30,24057.400390625,24057.75,24047.599609375,24055.30078125,0,0.0,0.0
2026-08-19 13:00:00+05:30,24056.19921875,24066.150390625,24053.55078125,24062.80078125,0,0.0,0.0
2026-08-19 13:05:00+05:30,24063.599609375,24064.69921875,24055.599609375,24064.44921875,0,0.0,0.0
2026-08-19 13:10:00+05:30,24065.900390625,24066.0,24045.150390625,24046.150390625,0,0.0,0.0
2026-08-19 13:15:00+05:30,24048.0,24051.19921875,24038.349609375,24043.099609375,0,0.0,0.0
2026-08-19 13:20:00+05:30,24044.75,24045.5,24038.0,24041.94921875,0,0.0,0.0
2026-08-19 13:25:00+05:30,24043.69921875,24045.400390625,24038.599609375,24041.099609375,0,0.0,0.0
2026-08-19 13:30:00+05:30,24042.5,24046.05078125,24037.75,24038.900390625,0,0.0,0.0
2026-08-19 13:35:00+05:30,24041.349609375,24050.599609375,24038.19921875,24046.55078125,0,0.0,0.0
2026-08-19 13:40:00+05:30,24047.900390625,24050.400390625,24041.55078125,24042.19921875,0,0.0,0.0
2026-08-19 13:45:00+05:30,24044.349609375,24052.69921875,24037.150390625,24041.900390625,0,0.0,0.0
2026-08-19 13:50:00+05:30,24043.599609375,24045.55078125,24035.69921875,24040.0,0,0.0,0.0
2026-08-19 13:55:00+05:30,24042.400390625,24050.0,24039.400390625,24044.94921875,0,0.0,0.0
2026-08-19 14:00:00+05:30,24046.5,24059.30078125,24044.25,24054.599609375,0,0.0,0.0
2026-08-19 14:05:00+05:30,24056.849609375,24062.599609375,24051.0,24054.650390625,0,0.0,0.0
2026-08-19 14:10:00+05:30,24056.849609375,24064.55078125,24048.05078125,24051.349609375,0,0.0,0.0
2026-08-19 14:15:00+05:30,24052.349609375,24054.05078125,24039.0,24039.69921875,0,0.0,0.0
2026-08-19 14:20:00+05:30,24041.69921875,24041.75,24026.099609375,24030.5,0,0.0,0.0
2026-08-19 14:25:00+05:30,24031.80078125,24041.400390625,24026.650390625,24039.05078125,0,0.0,0.0
2026-08-19 14:30:00+05:30,24040.44921875,24053.900390625,24037.900390625,24050.900390625,0,0.0,0.0
2026-08-19 14:35:00+05:30,24053.349609375,24087.05078125,24044.599609375,24046.849609375,0,0.0,0.0
2026-08-19 14:40:00+05:30,24049.5,24054.5,24040.75,24049.0,0,0.0,0.0
2026-08-19 14:45:00+05:30,24049.44921875,24054.349609375,24039.75,24041.55078125,0,0.0,0.0
2026-08-19 14:50:00+05:30,24044.05078125,24051.69921875,24042.25,24050.44921875,0,0.0,0.0
2026-08-19 14:55:00+05:30,24050.94921875,24058.599609375,24047.349609375,24053.099609375,0,0.0,0.0
2026-08-19 15:00:00+05:30,24052.75,24065.349609375,24050.44921875,24055.849609375,0,0.0,0.0
2026-08-19 15:05:00+05:30,24056.05078125,24057.94921875,24036.44921875,24038.400390625,0,0.0,0.0
2026-08-19 15:10:00+05:30,24040.0,24057.44921875,24034.19921875,24048.55078125,0,0.0,0.0
2026-08-19 15:15:00+05:30,24048.55078125,24048.55078125,24048.55078125,24048.55078125,0,0.0,0.0
2026-08-19 15:20:00+05:30,24048.55078125,24048.55078125,24048.55078125,24048.55078125,0,0.0,0.0
2026-08-19 15:25:00+05:30,24048.55078125,24078.30078125,24048.55078125,24078.30078125,0,0.0,0.0
2026-08-20 09:15:00+05:30,24225.19921875,24225.19921875,24189.30078125,24192.849609375,0,0.0,0.0
2026-08-20 09:20:00+05:30,24191.80078125,24199.5,24185.099609375,24185.5,0,0.0,0.0
2026-08-20 09:25:00+05:30,24185.55078125,24201.599609375,24185.55078125,24190.80078125,0,0.0,0.0
2026-08-20 09:30:00+05:30,24190.94921875,24199.30078125,24185.099609375,24197.900390625,0,0.0,0.0
2026-08-20 09:35:00+05:30,24196.94921875,24209.650390625,24196.349609375,24201.349609375,0,0.0,0.0
2026-08-20 09:40:00+05:30,24200.900390625,24212.849609375,24200.349609375,24210.94921875,0,0.0,0.0
2026-08-20 09:45:00+05:30,24211.05078125,24215.05078125,24201.5,24203.349609375,0,0.0,0.0
2026-08-20 09:50:00+05:30,24203.0,24204.599609375,24195.94921875,24201.94921875,0,0.0,0.0
2026-08-20 09:55:00+05:30,24201.44921875,24214.25,24201.44921875,24203.80078125,0,0.0,0.0
2026-08-20 10:00:00+05:30,24204.05078125,24211.44921875,24199.69921875,24205.900390625,0,0.0,0.0
2026-08-20 10:05:00+05:30,24205.900390625,24214.400390625,24203.349609375,24211.599609375,0,0.0,0.0
2026-08-20 10:10:00+05:30,24211.25,24221.900390625,24208.75,24221.849609375,0,0.0,0.0
2026-08-20 10:15:00+05:30,24220.75,24226.69921875,24218.69921875,24219.599609375,0,0.0,0.0
2026-08-20 10:20:00+05:30,24219.30078125,24223.400390625,24212.55078125,24217.80078125,0,0.0,0.0
2026-08-20 10:25:00+05:30,24217.650390625,24219.349609375,24207.25,24210.150390625,0,0.0,0.0
2026-08-20 10:30:00+05:30,24209.650390625,24215.349609375,24207.75,24210.19921875,0,0.0,0.0
2026-08-20 10:35:00+05:30,24209.69921875,24213.349609375,24201.25,24205.0,0,0.0,0.0
2026-08-20 10:40:00+05:30,24204.5,24212.30078125,24203.94921875,24211.849609375,0,0.0,0.0
2026-08-20 10:45:00+05:30,24211.44921875,24218.099609375,24203.94921875,24215.55078125,0,0.0,0.0
2026-08-20 10:50:00+05:30,24215.5,24216.849609375,24204.0,24204.0,0,0.0,0.0
2026-08-20 10:55:00+05:30,24203.900390625,24214.55078125,24203.900390625,24212.55078125,0,0.0,0.0
2026-08-20 11:00:00+05:30,24212.5,24223.55078125,24210.05078125,24214.05078125,0,0.0,0.0
2026-08-20 11:05:00+05:30,24214.25,24217.849609375,24209.94921875,24211.44921875,0,0.0,0.0
2026-08-20 11:10:00+05:30,24211.150390625,24214.25,24202.5,24204.400390625,0,0.0,0.0
2026-08-20 11:15:00+05:30,24204.75,24207.69921875,24198.599609375,24198.75,0,0.0,0.0
2026-08-20 11:20:00+05:30,24198.94921875,24202.05078125,24194.19921875,24198.099609375,0,0.0,0.0
2026-08-20 11:25:00+05:30,24197.900390625,24201.349609375,24194.80078125,24201.0,0,0.0,0.0
2026-08-20 11:30:00+05:30,24200.75,24217.400390625,24200.099609375,24212.150390625,0,0.0,0.0
2026-08-20 11:35:00+05:30,24212.400390625,24217.30078125,24211.30078125,24211.75,0,0.0,0.0
2026-08-20 11:40:00+05:30,24211.650390625,24215.0,24209.0,24212.349609375,0,0.0,0.0
2026-08-20 11:45:00+05:30,24212.099609375,24218.849609375,24211.80078125,24212.400390625,0,0.0,0.0
2026-08-20 11:50:00+05:30,24211.75,24217.44921875,24210.900390625,24212.849609375,0,0.0,0.0
2026-08-20 11:55:00+05:30,24212.80078125,24220.5,24209.94921875,24216.599609375,0,0.0,0.0
2026-08-20 12:00:00+05:30,24216.55078125,24219.650390625,24210.80078125,24212.19921875,0,0.0,0.0
2026-08-20 12:05:00+05:30,24211.900390625,24216.80078125,24210.150390625,24213.0,0,0.0,0.0
2026-08-20 12:10:00+05:30,24213.099609375,24219.80078125,24211.25,24214.75,0,0.0,0.0
2026-08-20 12:15:00+05:30,24214.55078125,24223.0,24214.55078125,24216.75,0,0.0,0.0
2026-08-20 12:20:00+05:30,24216.349609375,24218.400390625,24210.75,24211.80078125,0,0.0,0.0
2026-08-20 12:25:00+05:30,24211.19921875,24215.849609375,24208.150390625,24213.75,0,0.0,0.0
2026-08-20 12:30:00+05:30,24213.75,24215.25,24209.099609375,24209.94921875,0,0.0,0.0
2026-08-20 12:35:00+05:30,24210.599609375,24217.0,24207.400390625,24216.94921875,0,0.0,0.0
2026-08-20 12:40:00+05:30,24217.0,24221.849609375,24214.400390625,24217.19921875,0,0.0,0.0
2026-08-20 12:45:00+05:30,24216.900390625,24247.30078125,24216.05078125,24241.44921875,0,0.0,0.0
2026-08-20 12:50:00+05:30,24241.0,24263.94921875,24240.150390625,24244.30078125,0,0.0,0.0
2026-08-20 12:55:00+05:30,24244.05078125,24248.400390625,24235.55078125,24244.25,0,0.0,0.0
2026-08-20 13:00:00+05:30,24244.150390625,24250.599609375,24239.05078125,24244.94921875,0,0.0,0.0
2026-08-20 13:05:00+05:30,24244.849609375,24250.400390625,24243.80078125,24248.5,0,0.0,0.0
2026-08-20 13:10:00+05:30,24248.25,24251.69921875,24241.0,24246.80078125,0,0.0,0.0
2026-08-20 13:15:00+05:30,24247.150390625,24250.69921875,24237.150390625,24241.0,0,0.0,0.0
2026-08-20 13:20:00+05:30,24240.25,24250.900390625,24238.349609375,24250.30078125,0,0.0,0.0
2026-08-20 13:25:00+05:30,24250.19921875,24251.75,24242.05078125,24247.55078125,0,0.0,0.0
2026-08-20 13:30:00+05:30,24246.849609375,24251.75,24245.55078125,24248.69921875,0,0.0,0.0
2026-08-20 13:35:00+05:30,24249.19921875,24252.150390625,24240.849609375,24243.0,0,0.0,0.0
2026-08-20 13:40:00+05:30,24242.44921875,24249.25,24238.400390625,24246.05078125,0,0.0,0.0
2026-08-20 13:45:00+05:30,24245.099609375,24249.849609375,24241.900390625,24246.25,0,0.0,0.0
2026-08-20 13:50:00+05:30,24245.150390625,24246.44921875,24237.30078125,24239.44921875,0,0.0,0.0
2026-08-20 13:55:00+05:30,24240.05078125,24242.900390625,24231.19921875,24232.94921875,0,0.0,0.0
2026-08-20 14:00:00+05:30,24231.69921875,24237.0,24227.25,24233.599609375,0,0.0,0.0
2026-08-20 14:05:00+05:30,24233.349609375,24241.0,24228.099609375,24236.599609375,0,0.0,0.0
2026-08-20 14:10:00+05:30,24235.75,24241.650390625,24232.099609375,24238.44921875,0,0.0,0.0
2026-08-20 14:15:00+05:30,24238.05078125,24239.55078125,24223.30078125,24238.0,0,0.0,0.0
2026-08-20 14:20:00+05:30,24237.150390625,24242.349609375,24229.650390625,24242.150390625,0,0.0,0.0
2026-08-20 14:25:00+05:30,24240.349609375,24246.30078125,24234.69921875,24245.80078125,0,0.0,0.0
2026-08-20 14:30:00+05:30,24244.849609375,24249.55078125,24240.44921875,24244.599609375,0,0.0,0.0
2026-08-20 14:35:00+05:30,24244.94921875,24247.55078125,24238.099609375,24244.0,0,0.0,0.0
2026-08-20 14:40:00+05:30,24244.0,24246.900390625,24236.0,24237.0,0,0.0,0.0
2026-08-20 14:45:00+05:30,24237.0,24238.19921875,24231.69921875,24236.650390625,0,0.0,0.0
2026-08-20 14:50:00+05:30,24236.30078125,24238.94921875,24231.150390625,24235.69921875,0,0.0,0.0
2026-08-20 14:55:00+05:30,24235.400390625,24240.900390625,24231.94921875,24238.099609375,0,0.0,0.0
2026-08-20 15:00:00+05:30,24238.05078125,24240.69921875,24224.55078125,24231.349609375,0,0.0,0.0
2026-08-20 15:05:00+05:30,24232.55078125,24232.55078125,24213.55078125,24215.69921875,0,0.0,0.0
2026-08-20 15:10:00+05:30,24215.94921875,24223.80078125,24205.30078125,24212.349609375,0,0.0,0.0
2026-08-20 15:15:00+05:30,24211.599609375,24211.599609375,24211.599609375,24211.599609375,0,0.0,0.0
2026-08-20 15:20:00+05:30,24211.599609375,24211.599609375,24211.599609375,24211.599609375,0,0.0,0.0
2026-08-20 15:25:00+05:30,24211.599609375,24231.849609375,24211.599609375,24231.849609375,0,0.0,0.0
2026-08-21 09:15:00+05:30,24282.0,24282.0,24236.150390625,24238.099609375,0,0.0,0.0
2026-08-21 09:20:00+05:30,24237.55078125,24238.5,24210.80078125,24220.30078125,0,0.0,0.0
2026-08-21 09:25:00+05:30,24220.400390625,24236.19921875,24216.19921875,24230.80078125,0,0.0,0.0
2026-08-21 09:30:00+05:30,24230.94921875,24230.94921875,24206.94921875,24208.80078125,0,0.0,0.0
2026-08-21 09:35:00+05:30,24208.849609375,24221.75,24207.30078125,24220.69921875,0,0.0,0.0
2026-08-21 09:40:00+05:30,24220.75,24247.849609375,24220.55078125,24243.849609375,0,0.0,0.0
2026-08-21 09:45:00+05:30,24243.900390625,24250.5,24238.599609375,24243.5,0,0.0,0.0
2026-08-21 09:50:00+05:30,24243.400390625,24256.400390625,24240.650390625,24250.55078125,0,0.0,0.0
2026-08-21 09:55:00+05:30,24250.650390625,24251.94921875,24240.0,24246.900390625,0,0.0,0.0
2026-08-21 10:00:00+05:30,24246.900390625,24253.650390625,24238.150390625,24239.5,0,0.0,0.0
2026-08-21 10:05:00+05:30,24239.849609375,24241.19921875,24224.94921875,24225.25,0,0.0,0.0
2026-08-21 10:10:00+05:30,24225.5,24237.5,24224.599609375,24235.69921875,0,0.0,0.0
2026-08-21 10:15:00+05:30,24235.55078125,24237.900390625,24231.400390625,24232.099609375,0,0.0,0.0
2026-08-21 10:20:00+05:30,24232.150390625,24247.400390625,24229.349609375,24243.80078125,0,0.0,0.0
2026-08-21 10:25:00+05:30,24243.69921875,24256.849609375,24242.69921875,24255.0,0,0.0,0.0
2026-08-21 10:30:00+05:30,24255.69921875,24258.849609375,24248.5,24250.30078125,0,0.0,0.0
2026-08-21 10:35:00+05:30,24250.5,24252.849609375,24245.400390625,24249.349609375,0,0.0,0.0
2026-08-21 10:40:00+05:30,24249.25,24254.650390625,24247.80078125,24253.19921875,0,0.0,0.0
2026-08-21 10:45:00+05:30,24253.349609375,24259.0,24247.94921875,24253.5,0,0.0,0.0
2026-08-21 10:50:00+05:30,24253.19921875,24266.94921875,24252.55078125,24264.650390625,0,0.0,0.0
2026-08-21 10:55:00+05:30,24264.55078125,24267.650390625,24251.05078125,24261.0,0,0.0,0.0
2026-08-21 11:00:00+05:30,24260.650390625,24266.900390625,24260.150390625,24266.0,0,0.0,0.0
2026-08-21 11:05:00+05:30,24266.849609375,24267.30078125,24259.400390625,24259.80078125,0,0.0,0.0
2026-08-21 11:10:00+05:30,24260.05078125,24264.900390625,24257.849609375,24262.650390625,0,0.0,0.0
2026-08-21 11:15:00+05:30,24262.900390625,24265.849609375,24251.900390625,24255.349609375,0,0.0,0.0
2026-08-21 11:20:00+05:30,24255.099609375,24256.099609375,24248.150390625,24255.0,0,0.0,0.0
2026-08-21 11:25:00+05:30,24254.900390625,24259.400390625,24252.150390625,24256.599609375,0,0.0,0.0
2026-08-21 11:30:00+05:30,24256.55078125,24261.75,24254.25,24258.69921875,0,0.0,0.0
2026-08-21 11:35:00+05:30,24258.75,24260.69921875,24253.80078125,24257.19921875,0,0.0,0.0
2026-08-21 11:40:00+05:30,24257.30078125,24258.349609375,24248.849609375,24251.05078125,0,0.0,0.0
2026-08-21 11:45:00+05:30,24251.30078125,24255.69921875,24247.75,24254.349609375,0,0.0,0.0
2026-08-21 11:50:00+05:30,24254.44921875,24259.69921875,24245.25,24245.25,0,0.0,0.0
2026-08-21 11:55:00+05:30,24245.349609375,24248.25,24238.349609375,24239.30078125,0,0.0,0.0
2026-08-21 12:00:00+05:30,24237.80078125,24244.05078125,24237.05078125,24238.55078125,0,0.0,0.0
2026-08-21 12:05:00+05:30,24238.349609375,24241.849609375,24234.30078125,24236.25,0,0.0,0.0
2026-08-21 12:10:00+05:30,24236.19921875,24239.599609375,24232.55078125,24233.30078125,0,0.0,0.0
2026-08-21 12:15:00+05:30,24233.19921875,24238.900390625,24227.5,24237.94921875,0,0.0,0.0
2026-08-21 12:20:00+05:30,24237.44921875,24243.349609375,24236.150390625,24240.75,0,0.0,0.0
2026-08-21 12:25:00+05:30,24240.849609375,24243.30078125,24234.900390625,24238.25,0,0.0,0.0
2026-08-21 12:30:00+05:30,24238.0,24246.650390625,24238.0,24243.099609375,0,0.0,0.0
2026-08-21 12:35:00+05:30,24243.150390625,24246.69921875,24235.80078125,24236.55078125,0,0.0,0.0
2026-08-21 12:40:00+05:30,24236.400390625,24236.900390625,24227.44921875,24233.30078125,0,0.0,0.0
2026-08-21 12:45:00+05:30,24233.099609375,24239.400390625,24228.55078125,24230.400390625,0,0.0,0.0
2026-08-21 12:50:00+05:30,24230.30078125,24235.44921875,24230.19921875,24233.19921875,0,0.0,0.0
2026-08-21 12:55:00+05:30,24233.69921875,24236.44921875,24229.55078125,24232.80078125,0,0.0,0.0
2026-08-21 13:00:00+05:30,24232.599609375,24241.69921875,24231.94921875,24241.05078125,0,0.0,0.0
2026-08-21 13:05:00+05:30,24241.05078125,24253.099609375,24239.849609375,24250.349609375,0,0.0,0.0
2026-08-21 13:10:00+05:30,24250.349609375,24252.69921875,24242.849609375,24244.0,0,0.0,0.0
2026-08-21 13:15:00+05:30,24244.0,24248.19921875,24239.900390625,24246.0,0,0.0,0.0
2026-08-21 13:20:00+05:30,24245.69921875,24248.0,24234.900390625,24238.349609375,0,0.0,0.0
2026-08-21 13:25:00+05:30,24238.650390625,24247.150390625,24235.599609375,24246.80078125,0,0.0,0.0
2026-08-21 13:30:00+05:30,24247.05078125,24250.349609375,24237.650390625,24239.5,0,0.0,0.0
2026-08-21 13:35:00+05:30,24239.599609375,24242.44921875,24229.94921875,24233.69921875,0,0.0,0.0
2026-08-21 13:40:00+05:30,24233.900390625,24237.900390625,24229.75,24235.80078125,0,0.0,0.0
2026-08-21 13:45:00+05:30,24235.599609375,24237.94921875,24229.650390625,24231.44921875,0,0.0,0.0
2026-08-21 13:50:00+05:30,24231.19921875,24237.94921875,24226.099609375,24232.94921875,0,0.0,0.0
2026-08-21 13:55:00+05:30,24233.25,24242.900390625,24232.5,24233.94921875,0,0.0,0.0
2026-08-21 14:00:00+05:30,24232.900390625,24236.44921875,24227.150390625,24230.69921875,0,0.0,0.0
2026-08-21 14:05:00+05:30,24230.80078125,24233.150390625,24223.650390625,24225.44921875,0,0.0,0.0
2026-08-21 14:10:00+05:30,24225.150390625,24231.900390625,24223.69921875,24230.55078125,0,0.0,0.0
2026-08-21 14:15:00+05:30,24230.599609375,24239.599609375,24229.94921875,24236.150390625,0,0.0,0.0
2026-08-21 14:20:00+05:30,24236.80078125,24243.150390625,24234.19921875,24239.349609375,0,0.0,0.0
2026-08-21 14:25:00+05:30,24239.599609375,24243.25,24234.30078125,24243.099609375,0,0.0,0.0
2026-08-21 14:30:00+05:30,24242.69921875,24246.25,24236.400390625,24237.75,0,0.0,0.0
2026-08-21 14:35:00+05:30,24238.400390625,24239.849609375,24233.849609375,24234.69921875,0,0.0,0.0
2026-08-21 14:40:00+05:30,24233.75,24238.30078125,24232.900390625,24235.349609375,0,0.0,0.0
2026-08-21 14:45:00+05:30,24234.849609375,24243.94921875,24234.69921875,24237.599609375,0,0.0,0.0
2026-08-21 14:50:00+05:30,24238.0,24244.400390625,24237.55078125,24238.599609375,0,0.0,0.0
2026-08-21 14:55:00+05:30,24239.0,24241.44921875,24233.30078125,24236.30078125,0,0.0,0.0
2026-08-21 15:00:00+05:30,24235.849609375,24243.44921875,24233.05078125,24235.75,0,0.0,0.0
2026-08-21 15:05:00+05:30,24234.69921875,24240.25,24230.900390625,24234.05078125,0,0.0,0.0
2026-08-21 15:10:00+05:30,24234.0,24238.94921875,24223.599609375,24234.75,0,0.0,0.0
2026-08-21 15:15:00+05:30,24234.75,24234.75,24234.75,24234.75,0,0.0,0.0
2026-08-21 15:20:00+05:30,24234.75,24234.75,24234.75,24234.75,0,0.0,0.0
2026-08-21 15:25:00+05:30,24234.75,24252.0,24234.75,24252.0,0,0.0,0.0
2026-08-24 09:15:00+05:30,24285.05078125,24312.849609375,24276.75,24303.900390625,0,0.0,0.0
2026-08-24 09:20:00+05:30,24303.400390625,24311.900390625,24298.75,24303.150390625,0,0.0,0.0
2026-08-24 09:25:00+05:30,24303.0,24306.30078125,24287.25,24288.099609375,0,0.0,0.0
2026-08-24 09:30:00+05:30,24287.150390625,24291.05078125,24272.55078125,24276.75,0,0.0,0.0
2026-08-24 09:35:00+05:30,24276.69921875,24288.599609375,24273.400390625,24283.19921875,0,0.0,0.0
2026-08-24 09:40:00+05:30,24283.099609375,24286.19921875,24274.25,24281.75,0,0.0,0.0
2026-08-24 09:45:00+05:30,24281.650390625,24285.150390625,24276.150390625,24280.69921875,0,0.0,0.0
2026-08-24 09:50:00+05:30,24281.349609375,24283.94921875,24272.099609375,24272.900390625,0,0.0,0.0
2026-08-24 09:55:00+05:30,24272.650390625,24281.349609375,24267.30078125,24268.19921875,0,0.0,0.0
2026-08-24 10:00:00+05:30,24268.650390625,24276.55078125,24267.650390625,24269.5,0,0.0,0.0
2026-08-24 10:05:00+05:30,24269.5,24274.30078125,24267.69921875,24270.900390625,0,0.0,0.0
2026-08-24 10:10:00+05:30,24270.30078125,24276.19921875,24269.599609375,24273.099609375,0,0.0,0.0
2026-08-24 10:15:00+05:30,24273.05078125,24281.900390625,24271.75,24277.94921875,0,0.0,0.0
2026-08-24 10:20:00+05:30,24278.19921875,24284.25,24276.599609375,24278.75,0,0.0,0.0
2026-08-24 10:25:00+05:30,24278.599609375,24281.75,24274.55078125,24277.599609375,0,0.0,0.0
2026-08-24 10:30:00+05:30,24277.69921875,24282.349609375,24275.05078125,24279.650390625,0,0.0,0.0
2026-08-24 10:35:00+05:30,24280.30078125,24287.69921875,24278.55078125,24279.650390625,0,0.0,0.0
2026-08-24 10:40:00+05:30,24280.25,24282.400390625,24275.400390625,24279.25,0,0.0,0.0
2026-08-24 10:45:00+05:30,24279.69921875,24280.900390625,24269.75,24270.94921875,0,0.0,0.0
2026-08-24 10:50:00+05:30,24270.599609375,24272.400390625,24262.44921875,24268.69921875,0,0.0,0.0
2026-08-24 10:55:00+05:30,24269.19921875,24272.75,24240.94921875,24242.900390625,0,0.0,0.0
2026-08-24 11:00:00+05:30,24243.25,24255.0,24227.44921875,24230.25,0,0.0,0.0
2026-08-24 11:05:00+05:30,24230.94921875,24232.349609375,24219.650390625,24221.900390625,0,0.0,0.0
2026-08-24 11:10:00+05:30,24221.650390625,24223.55078125,24209.599609375,24210.69921875,0,0.0,0.0
2026-08-24 11:15:00+05:30,24210.75,24219.69921875,24207.099609375,24214.75,0,0.0,0.0
2026-08-24 11:20:00+05:30,24215.099609375,24220.80078125,24196.900390625,24202.44921875,0,0.0,0.0
2026-08-24 11:25:00+05:30,24203.25,24204.400390625,24196.400390625,24202.150390625,0,0.0,0.0
2026-08-24 11:30:00+05:30,24202.05078125,24204.05078125,24177.349609375,24179.30078125,0,0.0,0.0
2026-08-24 11:35:00+05:30,24180.0,24184.30078125,24173.849609375,24180.900390625,0,0.0,0.0
2026-08-24 11:40:00+05:30,24180.849609375,24193.25,24180.30078125,24186.80078125,0,0.0,0.0
2026-08-24 11:45:00+05:30,24187.150390625,24198.599609375,24187.150390625,24196.75,0,0.0,0.0
2026-08-24 11:50:00+05:30,24196.849609375,24200.5,24189.900390625,24191.25,0,0.0,0.0
2026-08-24 11:55:00+05:30,24191.650390625,24196.55078125,24180.400390625,24181.099609375,0,0.0,0.0
2026-08-24 12:00:00+05:30,24181.19921875,24195.25,24179.69921875,24190.69921875,0,0.0,0.0
2026-08-24 12:05:00+05:30,24190.25,24196.5,24184.900390625,24194.05078125,0,0.0,0.0
2026-08-24 12:10:00+05:30,24194.69921875,24198.849609375,24191.349609375,24194.05078125,0,0.0,0.0
2026-08-24 12:15:00+05:30,24194.099609375,24196.349609375,24187.94921875,24189.400390625,0,0.0,0.0
2026-08-24 12:20:00+05:30,24190.5,24195.75,24189.400390625,24192.75,0,0.0,0.0
2026-08-24 12:25:00+05:30,24192.69921875,24199.55078125,24182.94921875,24183.900390625,0,0.0,0.0
2026-08-24 12:30:00+05:30,24183.849609375,24189.69921875,24182.44921875,24183.44921875,0,0.0,0.0
2026-08-24 12:35:00+05:30,24183.349609375,24193.099609375,24178.5,24180.05078125,0,0.0,0.0
2026-08-24 12:40:00+05:30,24180.099609375,24183.30078125,24175.650390625,24180.0,0,0.0,0.0
2026-08-24 12:45:00+05:30,24180.099609375,24189.099609375,24179.599609375,24185.25,0,0.0,0.0
2026-08-24 12:50:00+05:30,24185.099609375,24188.0,24180.0,24183.349609375,0,0.0,0.0
2026-08-24 12:55:00+05:30,24182.849609375,24190.400390625,24179.0,24181.849609375,0,0.0,0.0
2026-08-24 13:00:00+05:30,24180.94921875,24182.849609375,24165.19921875,24170.0,0,0.0,0.0
2026-08-24 13:05:00+05:30,24169.849609375,24173.150390625,24153.349609375,24159.80078125,0,0.0,0.0
2026-08-24 13:10:00+05:30,24159.599609375,24169.05078125,24158.5,24166.400390625,0,0.0,0.0
2026-08-24 13:15:00+05:30,24166.150390625,24174.55078125,24161.75,24173.599609375,0,0.0,0.0
2026-08-24 13:20:00+05:30,24173.349609375,24178.400390625,24172.30078125,24175.650390625,0,0.0,0.0
2026-08-24 13:25:00+05:30,24175.80078125,24181.849609375,24173.25,24178.75,0,0.0,0.0
2026-08-24 13:30:00+05:30,24178.75,24181.05078125,24163.44921875,24165.44921875,0,0.0,0.0
2026-08-24 13:35:00+05:30,24165.19921875,24173.80078125,24162.650390625,24169.69921875,0,0.0,0.0
2026-08-24 13:40:00+05:30,24169.5,24174.150390625,24166.30078125,24167.599609375,0,0.0,0.0
2026-08-24 13:45:00+05:30,24167.05078125,24172.400390625,24162.25,24166.55078125,0,0.0,0.0
2026-08-24 13:50:00+05:30,24166.900390625,24172.80078125,24160.30078125,24160.599609375,0,0.0,0.0
2026-08-24 13:55:00+05:30,24160.900390625,24164.30078125,24157.400390625,24158.5,0,0.0,0.0
2026-08-24 14:00:00+05:30,24158.55078125,24169.0,24154.69921875,24160.150390625,0,0.0,0.0
2026-08-24 14:05:00+05:30,24160.150390625,24166.150390625,24155.75,24162.0,0,0.0,0.0
2026-08-24 14:10:00+05:30,24162.599609375,24164.650390625,24148.30078125,24150.400390625,0,0.0,0.0
2026-08-24 14:15:00+05:30,24151.099609375,24157.849609375,24144.44921875,24154.19921875,0,0.0,0.0
2026-08-24 14:20:00+05:30,24154.150390625,24160.25,24145.80078125,24149.099609375,0,0.0,0.0
2026-08-24 14:25:00+05:30,24149.150390625,24166.75,24149.05078125,24160.80078125,0,0.0,0.0
2026-08-24 14:30:00+05:30,24161.05078125,24179.69921875,24158.349609375,24174.44921875,0,0.0,0.0
2026-08-24 14:35:00+05:30,24175.0,24180.900390625,24167.650390625,24170.80078125,0,0.0,0.0
2026-08-24 14:40:00+05:30,24171.849609375,24174.05078125,24159.599609375,24169.05078125,0,0.0,0.0
2026-08-24 14:45:00+05:30,24165.25,24170.099609375,24158.0,24163.55078125,0,0.0,0.0
2026-08-24 14:50:00+05:30,24163.75,24171.55078125,24159.25,24170.5,0,0.0,0.0
2026-08-24 14:55:00+05:30,24170.599609375,24175.0,24169.349609375,24172.69921875,0,0.0,0.0
2026-08-24 15:00:00+05:30,24172.44921875,24180.05078125,24171.5,24172.75,0,0.0,0.0
2026-08-24 15:05:00+05:30,24173.30078125,24177.0,24161.94921875,24173.650390625,0,0.0,0.0
2026-08-24 15:10:00+05:30,24174.5,24185.650390625,24169.599609375,24182.150390625,0,0.0,0.0
2026-08-24 15:15:00+05:30,24182.80078125,24182.80078125,24182.80078125,24182.80078125,0,0.0,0.0
2026-08-24 15:20:00+05:30,24182.80078125,24182.80078125,24182.80078125,24182.80078125,0,0.0,0.0
2026-08-24 15:25:00+05:30,24182.80078125,24219.05078125,24182.80078125,24219.05078125,0,0.0,0.0
2026-08-25 09:15:00+05:30,24184.44921875,24185.69921875,24129.150390625,24184.05078125,0,0.0,0.0
2026-08-25 09:20:00+05:30,24185.5,24198.099609375,24173.69921875,24175.05078125,0,0.0,0.0
2026-08-25 09:25:00+05:30,24176.05078125,24189.849609375,24170.80078125,24181.5,0,0.0,0.0
2026-08-25 09:30:00+05:30,24182.19921875,24197.75,24179.19921875,24190.900390625,0,0.0,0.0
2026-08-25 09:35:00+05:30,24192.80078125,24195.19921875,24169.150390625,24172.80078125,0,0.0,0.0
2026-08-25 09:40:00+05:30,24175.44921875,24175.44921875,24153.0,24154.849609375,0,0.0,0.0
2026-08-25 09:45:00+05:30,24156.900390625,24166.099609375,24149.44921875,24154.150390625,0,0.0,0.0
2026-08-25 09:50:00+05:30,24156.099609375,24159.30078125,24133.80078125,24138.099609375,0,0.0,0.0
2026-08-25 09:55:00+05:30,24141.0,24150.099609375,24136.0,24138.849609375,0,0.0,0.0
2026-08-25 10:00:00+05:30,24141.94921875,24144.900390625,24130.349609375,24143.900390625,0,0.0,0.0
2026-08-25 10:05:00+05:30,24145.150390625,24149.5,24134.599609375,24135.05078125,0,0.0,0.0
2026-08-25 10:10:00+05:30,24136.05078125,24145.55078125,24135.349609375,24141.19921875,0,0.0,0.0
2026-08-25 10:15:00+05:30,24141.94921875,24142.69921875,24129.69921875,24134.099609375,0,0.0,0.0
2026-08-25 10:20:00+05:30,24136.650390625,24136.650390625,24119.5,24120.5,0,0.0,0.0
2026-08-25 10:25:00+05:30,24122.30078125,24129.05078125,24115.55078125,24126.349609375,0,0.0,0.0
2026-08-25 10:30:00+05:30,24128.30078125,24137.150390625,24123.55078125,24129.75,0,0.0,0.0
2026-08-25 10:35:00+05:30,24132.349609375,24134.19921875,24126.75,24131.650390625,0,0.0,0.0
2026-08-25 10:40:00+05:30,24133.19921875,24140.44921875,24125.849609375,24135.94921875,0,0.0,0.0
2026-08-25 10:45:00+05:30,24140.05078125,24157.400390625,24135.69921875,24154.5,0,0.0,0.0
2026-08-25 10:50:00+05:30,24157.599609375,24166.900390625,24152.19921875,24155.400390625,0,0.0,0.0
2026-08-25 10:55:00+05:30,24158.099609375,24161.80078125,24141.900390625,24142.69921875,0,0.0,0.0
2026-08-25 11:00:00+05:30,24144.55078125,24149.25,24137.19921875,24139.80078125,0,0.0,0.0
2026-08-25 11:05:00+05:30,24141.900390625,24147.80078125,24136.849609375,24140.650390625,0,0.0,0.0
2026-08-25 11:10:00+05:30,24144.25,24147.650390625,24133.44921875,24147.55078125,0,0.0,0.0
2026-08-25 11:15:00+05:30,24147.75,24151.25,24141.75,24146.19921875,0,0.0,0.0
2026-08-25 11:20:00+05:30,24147.900390625,24157.5,24143.400390625,24150.75,0,0.0,0.0
2026-08-25 11:25:00+05:30,24154.5,24156.400390625,24145.25,24149.19921875,0,0.0,0.0
2026-08-25 11:30:00+05:30,24150.900390625,24157.650390625,24146.599609375,24151.099609375,0,0.0,0.0
2026-08-25 11:35:00+05:30,24151.30078125,24154.900390625,24140.349609375,24152.94921875,0,0.0,0.0
2026-08-25 11:40:00+05:30,24154.80078125,24155.349609375,24148.900390625,24152.05078125,0,0.0,0.0
2026-08-25 11:45:00+05:30,24154.55078125,24155.5,24138.900390625,24146.30078125,0,0.0,0.0
2026-08-25 11:50:00+05:30,24146.900390625,24163.75,24139.75,24163.150390625,0,0.0,0.0
2026-08-25 11:55:00+05:30,24163.75,24189.94921875,24161.0,24178.30078125,0,0.0,0.0
2026-08-25 12:00:00+05:30,24180.44921875,24183.80078125,24163.80078125,24179.55078125,0,0.0,0.0
2026-08-25 12:05:00+05:30,24181.099609375,24182.099609375,24170.349609375,24170.80078125,0,0.0,0.0
2026-08-25 12:10:00+05:30,24174.05078125,24176.69921875,24166.25,24171.599609375,0,0.0,0.0
2026-08-25 12:15:00+05:30,24174.30078125,24181.0,24171.849609375,24173.349609375,0,0.0,0.0
2026-08-25 12:20:00+05:30,24175.5,24180.849609375,24167.400390625,24170.55078125,0,0.0,0.0
2026-08-25 12:25:00+05:30,24173.55078125,24176.349609375,24163.80078125,24169.849609375,0,0.0,0.0
2026-08-25 12:30:00+05:30,24172.25,24175.25,24160.55078125,24171.349609375,0,0.0,0.0
2026-08-25 12:35:00+05:30,24174.19921875,24174.19921875,24158.099609375,24162.849609375,0,0.0,0.0
2026-08-25 12:40:00+05:30,24164.75,24164.849609375,24150.599609375,24156.30078125,0,0.0,0.0
2026-08-25 12:45:00+05:30,24157.75,24162.25,24149.69921875,24157.75,0,0.0,0.0
2026-08-25 12:50:00+05:30,24159.5,24161.150390625,24150.69921875,24152.150390625,0,0.0,0.0
2026-08-25 12:55:00+05:30,24156.05078125,24162.400390625,24147.099609375,24157.05078125,0,0.0,0.0
2026-08-25 13:00:00+05:30,24157.599609375,24160.849609375,24135.19921875,24144.19921875,0,0.0,0.0
2026-08-25 13:05:00+05:30,24145.55078125,24145.55078125,24136.44921875,24139.55078125,0,0.0,0.0
2026-08-25 13:10:00+05:30,24141.400390625,24147.44921875,24125.900390625,24129.900390625,0,0.0,0.0
2026-08-25 13:15:00+05:30,24129.19921875,24137.30078125,24125.0,24129.599609375,0,0.0,0.0
2026-08-25 13:20:00+05:30,24132.69921875,24132.69921875,24124.150390625,24125.400390625,0,0.0,0.0
2026-08-25 13:25:00+05:30,24127.150390625,24130.849609375,24122.25,24126.44921875,0,0.0,0.0
2026-08-25 13:30:00+05:30,24127.94921875,24138.44921875,24125.05078125,24132.19921875,0,0.0,0.0
2026-08-25 13:35:00+05:30,24133.900390625,24138.69921875,24127.25,24137.599609375,0,0.0,0.0
2026-08-25 13:40:00+05:30,24138.849609375,24146.0,24136.650390625,24140.400390625,0,0.0,0.0
2026-08-25 13:45:00+05:30,24142.349609375,24142.900390625,24131.650390625,24133.849609375,0,0.0,0.0
2026-08-25 13:50:00+05:30,24135.44921875,24177.30078125,24128.94921875,24177.30078125,0,0.0,0.0
2026-08-25 13:55:00+05:30,24179.099609375,24179.900390625,24154.650390625,24156.599609375,0,0.0,0.0
2026-08-25 14:00:00+05:30,24157.30078125,24158.400390625,24139.30078125,24156.94921875,0,0.0,0.0
2026-08-25 14:05:00+05:30,24158.80078125,24159.400390625,24149.150390625,24153.05078125,0,0.0,0.0
2026-08-25 14:10:00+05:30,24154.099609375,24161.599609375,24151.75,24154.19921875,0,0.0,0.0
2026-08-25 14:15:00+05:30,24153.94921875,24161.599609375,24150.900390625,24158.69921875,0,0.0,0.0
2026-08-25 14:20:00+05:30,24159.44921875,24171.25,24156.650390625,24160.599609375,0,0.0,0.0
2026-08-25 14:25:00+05:30,24162.650390625,24185.19921875,24158.5,24181.849609375,0,0.0,0.0
2026-08-25 14:30:00+05:30,24183.150390625,24212.30078125,24173.400390625,24196.650390625,0,0.0,0.0
2026-08-25 14:35:00+05:30,24199.25,24210.69921875,24185.80078125,24198.80078125,0,0.0,0.0
2026-08-25 14:40:00+05:30,24200.099609375,24215.599609375,24195.80078125,24209.150390625,0,0.0,0.0
2026-08-25 14:45:00+05:30,24208.900390625,24227.400390625,24207.05078125,24224.30078125,0,0.0,0.0
2026-08-25 14:50:00+05:30,24224.44921875,24246.849609375,24216.75,24238.30078125,0,0.0,0.0
2026-08-25 14:55:00+05:30,24237.400390625,24256.75,24236.69921875,24253.099609375,0,0.0,0.0
2026-08-25 15:00:00+05:30,24252.80078125,24256.400390625,24239.099609375,24251.30078125,0,0.0,0.0
2026-08-25 15:05:00+05:30,24249.75,24252.80078125,24243.05078125,24248.650390625,0,0.0,0.0
2026-08-25 15:10:00+05:30,24247.05078125,24266.849609375,24245.599609375,24260.150390625,0,0.0,0.0
2026-08-25 15:15:00+05:30,24260.05078125,24260.05078125,24260.05078125,24260.05078125,0,0.0,0.0
2026-08-25 15:20:00+05:30,24260.05078125,24260.05078125,24260.05078125,24260.05078125,0,0.0,0.0
2026-08-25 15:25:00+05:30,24260.05078125,24334.55078125,24260.05078125,24334.55078125,0,0.0,0.0
2026-08-26 09:15:00+05:30,24343.05078125,24355.349609375,24309.94921875,24318.30078125,0,0.0,0.0
2026-08-26 09:20:00+05:30,24316.94921875,24355.849609375,24316.44921875,24354.0,0,0.0,0.0
2026-08-26 09:25:00+05:30,24353.30078125,24362.900390625,24345.599609375,24351.150390625,0,0.0,0.0
2026-08-26 09:30:00+05:30,24350.900390625,24354.75,24341.099609375,24344.650390625,0,0.0,0.0
2026-08-26 09:35:00+05:30,24344.5,24356.150390625,24343.30078125,24356.05078125,0,0.0,0.0
2026-08-26 09:40:00+05:30,24355.650390625,24375.69921875,24355.650390625,24371.599609375,0,0.0,0.0
2026-08-26 09:45:00+05:30,24371.349609375,24378.0,24367.599609375,24370.0,0,0.0,0.0
2026-08-26 09:50:00+05:30,24370.400390625,24372.19921875,24360.80078125,24364.849609375,0,0.0,0.0
2026-08-26 09:55:00+05:30,24364.349609375,24375.25,24363.94921875,24365.80078125,0,0.0,0.0
2026-08-26 10:00:00+05:30,24366.05078125,24369.05078125,24351.25,24358.0,0,0.0,0.0
2026-08-26 10:05:00+05:30,24358.25,24360.599609375,24340.400390625,24346.30078125,0,0.0,0.0
2026-08-26 10:10:00+05:30,24345.80078125,24349.94921875,24333.44921875,24342.94921875,0,0.0,0.0
2026-08-26 10:15:00+05:30,24343.099609375,24348.30078125,24316.19921875,24318.349609375,0,0.0,0.0
2026-08-26 10:20:00+05:30,24318.400390625,24320.150390625,24294.69921875,24302.400390625,0,0.0,0.0
2026-08-26 10:25:00+05:30,24302.44921875,24306.0,24294.349609375,24304.599609375,0,0.0,0.0
2026-08-26 10:30:00+05:30,24304.650390625,24321.400390625,24303.44921875,24318.05078125,0,0.0,0.0
2026-08-26 10:35:00+05:30,24318.099609375,24323.94921875,24316.80078125,24320.849609375,0,0.0,0.0
2026-08-26 10:40:00+05:30,24321.0,24331.30078125,24315.900390625,24327.44921875,0,0.0,0.0
2026-08-26 10:45:00+05:30,24328.25,24328.94921875,24312.900390625,24317.900390625,0,0.0,0.0
2026-08-26 10:50:00+05:30,24318.05078125,24320.5,24311.900390625,24319.349609375,0,0.0,0.0
2026-08-26 10:55:00+05:30,24319.650390625,24329.25,24317.80078125,24320.400390625,0,0.0,0.0
2026-08-26 11:00:00+05:30,24319.94921875,24320.94921875,24309.599609375,24312.849609375,0,0.0,0.0
2026-08-26 11:05:00+05:30,24313.849609375,24321.55078125,24306.849609375,24321.55078125,0,0.0,0.0
2026-08-26 11:10:00+05:30,24321.80078125,24331.599609375,24320.0,24330.80078125,0,0.0,0.0
2026-08-26 11:15:00+05:30,24330.599609375,24332.650390625,24305.849609375,24310.19921875,0,0.0,0.0
2026-08-26 11:20:00+05:30,24310.25,24314.650390625,24297.94921875,24303.099609375,0,0.0,0.0
2026-08-26 11:25:00+05:30,24303.849609375,24309.25,24300.69921875,24304.94921875,0,0.0,0.0
2026-08-26 11:30:00+05:30,24305.80078125,24306.55078125,24292.75,24301.25,0,0.0,0.0
2026-08-26 11:35:00+05:30,24301.69921875,24313.400390625,24300.099609375,24309.69921875,0,0.0,0.0
2026-08-26 11:40:00+05:30,24309.30078125,24311.599609375,24306.900390625,24308.19921875,0,0.0,0.0
2026-08-26 11:45:00+05:30,24308.19921875,24309.099609375,24298.05078125,24299.599609375,0,0.0,0.0
2026-08-26 11:50:00+05:30,24299.599609375,24301.19921875,24282.94921875,24285.150390625,0,0.0,0.0
2026-08-26 11:55:00+05:30,24286.099609375,24295.150390625,24283.19921875,24288.44921875,0,0.0,0.0
2026-08-26 12:00:00+05:30,24288.650390625,24290.05078125,24270.05078125,24276.44921875,0,0.0,0.0
2026-08-26 12:05:00+05:30,24276.69921875,24281.44921875,24269.099609375,24270.400390625,0,0.0,0.0
2026-08-26 12:10:00+05:30,24271.099609375,24281.5,24266.650390625,24280.75,0,0.0,0.0
2026-08-26 12:15:00+05:30,24281.599609375,24289.05078125,24276.05078125,24288.0,0,0.0,0.0
2026-08-26 12:20:00+05:30,24286.25,24291.400390625,24277.80078125,24290.349609375,0,0.0,0.0
2026-08-26 12:25:00+05:30,24290.650390625,24290.69921875,24273.69921875,24278.099609375,0,0.0,0.0
2026-08-26 12:30:00+05:30,24278.44921875,24280.94921875,24268.900390625,24279.5,0,0.0,0.0
2026-08-26 12:35:00+05:30,24279.19921875,24286.05078125,24277.19921875,24277.69921875,0,0.0,0.0
2026-08-26 12:40:00+05:30,24276.30078125,24285.5,24272.19921875,24283.900390625,0,0.0,0.0
2026-08-26 12:45:00+05:30,24283.44921875,24285.44921875,24274.80078125,24277.5,0,0.0,0.0
2026-08-26 12:50:00+05:30,24277.5,24279.19921875,24273.75,24277.69921875,0,0.0,0.0
2026-08-26 12:55:00+05:30,24278.349609375,24284.599609375,24276.30078125,24279.05078125,0,0.0,0.0
2026-08-26 13:00:00+05:30,24279.19921875,24280.94921875,24268.25,24274.099609375,0,0.0,0.0
2026-08-26 13:05:00+05:30,24275.099609375,24283.05078125,24272.349609375,24273.30078125,0,0.0,0.0
2026-08-26 13:10:00+05:30,24273.25,24274.5,24268.150390625,24269.19921875,0,0.0,0.0
2026-08-26 13:15:00+05:30,24269.400390625,24269.94921875,24254.150390625,24263.599609375,0,0.0,0.0
2026-08-26 13:20:00+05:30,24264.05078125,24264.650390625,24254.94921875,24258.599609375,0,0.0,0.0
2026-08-26 13:25:00+05:30,24258.650390625,24265.44921875,24254.05078125,24265.44921875,0,0.0,0.0
2026-08-26 13:30:00+05:30,24265.0,24269.0,24261.69921875,24267.0,0,0.0,0.0
2026-08-26 13:35:00+05:30,24267.150390625,24268.599609375,24261.099609375,24264.94921875,0,0.0,0.0
2026-08-26 13:40:00+05:30,24265.400390625,24271.25,24261.05078125,24261.900390625,0,0.0,0.0
2026-08-26 13:45:00+05:30,24262.0,24263.599609375,24257.0,24262.05078125,0,0.0,0.0
2026-08-26 13:50:00+05:30,24262.44921875,24269.94921875,24259.0,24264.650390625,0,0.0,0.0
2026-08-26 13:55:00+05:30,24264.55078125,24266.30078125,24259.55078125,24263.349609375,0,0.0,0.0
2026-08-26 14:00:00+05:30,24262.69921875,24269.400390625,24258.650390625,24267.650390625,0,0.0,0.0
2026-08-26 14:05:00+05:30,24267.75,24269.400390625,24260.5,24266.05078125,0,0.0,0.0
2026-08-26 14:10:00+05:30,24265.94921875,24279.55078125,24263.349609375,24273.5,0,0.0,0.0
2026-08-26 14:15:00+05:30,24272.80078125,24280.849609375,24272.80078125,24275.599609375,0,0.0,0.0
2026-08-26 14:20:00+05:30,24275.75,24281.19921875,24271.400390625,24273.099609375,0,0.0,0.0
2026-08-26 14:25:00+05:30,24272.69921875,24276.5,24266.05078125,24273.25,0,0.0,0.0
2026-08-26 14:30:00+05:30,24273.099609375,24281.099609375,24270.099609375,24278.5,0,0.0,0.0
2026-08-26 14:35:00+05:30,24279.150390625,24284.0,24275.19921875,24278.150390625,0,0.0,0.0
2026-08-26 14:40:00+05:30,24277.75,24281.75,24275.05078125,24278.69921875,0,0.0,0.0
2026-08-26 14:45:00+05:30,24278.80078125,24291.900390625,24276.80078125,24290.80078125,0,0.0,0.0
2026-08-26 14:50:00+05:30,24289.900390625,24296.650390625,24286.900390625,24294.0,0,0.0,0.0
2026-08-26 14:55:00+05:30,24294.099609375,24297.05078125,24285.55078125,24290.80078125,0,0.0,0.0
2026-08-26 15:00:00+05:30,24288.94921875,24292.349609375,24278.650390625,24287.5,0,0.0,0.0
2026-08-26 15:05:00+05:30,24287.25,24289.650390625,24271.0,24275.349609375,0,0.0,0.0
2026-08-26 15:10:00+05:30,24275.44921875,24284.349609375,24270.650390625,24276.599609375,0,0.0,0.0
2026-08-26 15:15:00+05:30,24276.900390625,24276.900390625,24276.900390625,24276.900390625,0,0.0,0.0
2026-08-26 15:20:00+05:30,24276.900390625,24276.900390625,24276.900390625,24276.900390625,0,0.0,0.0
2026-08-26 15:25:00+05:30,24276.900390625,24276.900390625,24207.75,24207.75,0,0.0,0.0
2026-08-27 09:15:00+05:30,24277.599609375,24296.900390625,24239.25,24250.05078125,0,0.0,0.0
2026-08-27 09:20:00+05:30,24249.30078125,24253.650390625,24223.099609375,24224.650390625,0,0.0,0.0
2026-08-27 09:25:00+05:30,24225.150390625,24232.30078125,24198.400390625,24201.099609375,0,0.0,0.0
2026-08-27 09:30:00+05:30,24202.5,24211.69921875,24188.80078125,24210.849609375,0,0.0,0.0
2026-08-27 09:35:00+05:30,24210.55078125,24216.900390625,24192.44921875,24198.650390625,0,0.0,0.0
2026-08-27 09:40:00+05:30,24200.650390625,24214.849609375,24195.94921875,24214.400390625,0,0.0,0.0
2026-08-27 09:45:00+05:30,24214.349609375,24228.19921875,24211.849609375,24225.099609375,0,0.0,0.0
2026-08-27 09:50:00+05:30,24225.849609375,24226.0,24206.5,24210.099609375,0,0.0,0.0
2026-08-27 09:55:00+05:30,24210.599609375,24211.30078125,24189.30078125,24196.75,0,0.0,0.0
2026-08-27 10:00:00+05:30,24196.099609375,24197.599609375,24181.55078125,24191.25,0,0.0,0.0
2026-08-27 10:05:00+05:30,24192.05078125,24196.44921875,24183.349609375,24195.80078125,0,0.0,0.0
2026-08-27 10:10:00+05:30,24195.900390625,24197.099609375,24180.05078125,24183.55078125,0,0.0,0.0
2026-08-27 10:15:00+05:30,24184.44921875,24192.30078125,24182.0,24188.30078125,0,0.0,0.0
2026-08-27 10:20:00+05:30,24188.0,24191.400390625,24181.400390625,24184.650390625,0,0.0,0.0
2026-08-27 10:25:00+05:30,24184.849609375,24190.44921875,24178.650390625,24182.5,0,0.0,0.0
2026-08-27 10:30:00+05:30,24183.05078125,24191.900390625,24178.25,24188.55078125,0,0.0,0.0
2026-08-27 10:35:00+05:30,24189.400390625,24190.849609375,24182.75,24184.25,0,0.0,0.0
2026-08-27 10:40:00+05:30,24185.69921875,24187.19921875,24169.099609375,24169.099609375,0,0.0,0.0
2026-08-27 10:45:00+05:30,24172.099609375,24179.75,24167.80078125,24171.599609375,0,0.0,0.0
2026-08-27 10:50:00+05:30,24173.099609375,24174.30078125,24157.849609375,24162.19921875,0,0.0,0.0
2026-08-27 10:55:00+05:30,24163.44921875,24164.599609375,24154.25,24159.650390625,0,0.0,0.0
2026-08-27 11:00:00+05:30,24161.150390625,24164.75,24148.80078125,24163.55078125,0,0.0,0.0
2026-08-27 11:05:00+05:30,24164.69921875,24168.75,24160.75,24166.150390625,0,0.0,0.0
2026-08-27 11:10:00+05:30,24167.099609375,24167.44921875,24155.75,24155.849609375,0,0.0,0.0
2026-08-27 11:15:00+05:30,24156.849609375,24158.75,24146.19921875,24146.349609375,0,0.0,0.0
2026-08-27 11:20:00+05:30,24147.349609375,24148.900390625,24138.0,24140.19921875,0,0.0,0.0
2026-08-27 11:25:00+05:30,24139.94921875,24146.400390625,24137.650390625,24144.05078125,0,0.0,0.0
2026-08-27 11:30:00+05:30,24144.55078125,24158.0,24141.599609375,24156.400390625,0,0.0,0.0
2026-08-27 11:35:00+05:30,24156.25,24160.150390625,24153.150390625,24155.349609375,0,0.0,0.0
2026-08-27 11:40:00+05:30,24155.0,24162.19921875,24149.25,24151.55078125,0,0.0,0.0
2026-08-27 11:45:00+05:30,24151.5,24155.650390625,24145.349609375,24148.44921875,0,0.0,0.0
2026-08-27 11:50:00+05:30,24148.849609375,24157.30078125,24143.25,24152.849609375,0,0.0,0.0
2026-08-27 11:55:00+05:30,24154.0,24163.400390625,24152.30078125,24158.80078125,0,0.0,0.0
2026-08-27 12:00:00+05:30,24158.849609375,24160.5,24146.19921875,24153.69921875,0,0.0,0.0
2026-08-27 12:05:00+05:30,24152.75,24154.099609375,24133.80078125,24142.099609375,0,0.0,0.0
2026-08-27 12:10:00+05:30,24141.30078125,24156.19921875,24138.5,24154.849609375,0,0.0,0.0
2026-08-27 12:15:00+05:30,24154.849609375,24161.80078125,24145.30078125,24146.5,0,0.0,0.0
2026-08-27 12:20:00+05:30,24146.099609375,24148.80078125,24140.55078125,24143.05078125,0,0.0,0.0
2026-08-27 12:25:00+05:30,24143.099609375,24162.25,24141.69921875,24158.349609375,0,0.0,0.0
2026-08-27 12:30:00+05:30,24158.0,24161.75,24150.19921875,24159.69921875,0,0.0,0.0
2026-08-27 12:35:00+05:30,24159.0,24176.75,24153.349609375,24174.25,0,0.0,0.0
2026-08-27 12:40:00+05:30,24173.94921875,24177.400390625,24166.900390625,24173.0,0,0.0,0.0
2026-08-27 12:45:00+05:30,24172.849609375,24178.400390625,24166.0,24176.5,0,0.0,0.0
2026-08-27 12:50:00+05:30,24177.099609375,24192.349609375,24167.400390625,24186.55078125,0,0.0,0.0
2026-08-27 12:55:00+05:30,24186.400390625,24188.650390625,24179.849609375,24180.05078125,0,0.0,0.0
2026-08-27 13:00:00+05:30,24180.5,24189.19921875,24179.19921875,24181.900390625,0,0.0,0.0
2026-08-27 13:05:00+05:30,24181.849609375,24186.099609375,24175.25,24182.75,0,0.0,0.0
2026-08-27 13:10:00+05:30,24182.150390625,24195.55078125,24179.5,24194.099609375,0,0.0,0.0
2026-08-27 13:15:00+05:30,24193.099609375,24199.900390625,24180.19921875,24186.30078125,0,0.0,0.0
2026-08-27 13:20:00+05:30,24185.650390625,24193.150390625,24179.400390625,24193.0,0,0.0,0.0
2026-08-27 13:25:00+05:30,24192.19921875,24193.5,24174.44921875,24182.30078125,0,0.0,0.0
2026-08-27 13:30:00+05:30,24181.05078125,24187.849609375,24167.80078125,24176.94921875,0,0.0,0.0
2026-08-27 13:35:00+05:30,24175.900390625,24181.69921875,24171.55078125,24179.099609375,0,0.0,0.0
2026-08-27 13:40:00+05:30,24178.849609375,24179.75,24163.150390625,24163.900390625,0,0.0,0.0
2026-08-27 13:45:00+05:30,24163.30078125,24165.150390625,24136.19921875,24143.349609375,0,0.0,0.0
2026-08-27 13:50:00+05:30,24142.94921875,24145.150390625,24136.30078125,24138.25,0,0.0,0.0
2026-08-27 13:55:00+05:30,24138.30078125,24139.900390625,24129.25,24131.25,0,0.0,0.0
2026-08-27 14:00:00+05:30,24130.80078125,24135.30078125,24127.400390625,24129.099609375,0,0.0,0.0
2026-08-27 14:05:00+05:30,24129.19921875,24134.5,24120.80078125,24123.94921875,0,0.0,0.0
2026-08-27 14:10:00+05:30,24125.75,24143.05078125,24122.5,24131.75,0,0.0,0.0
2026-08-27 14:15:00+05:30,24131.900390625,24144.0,24129.150390625,24142.69921875,0,0.0,0.0
2026-08-27 14:20:00+05:30,24142.80078125,24149.349609375,24138.349609375,24148.75,0,0.0,0.0
2026-08-27 14:25:00+05:30,24149.0,24158.0,24144.05078125,24158.0,0,0.0,0.0
2026-08-27 14:30:00+05:30,24158.150390625,24167.19921875,24138.099609375,24152.94921875,0,0.0,0.0
2026-08-27 14:35:00+05:30,24152.30078125,24153.80078125,24138.849609375,24153.400390625,0,0.0,0.0
2026-08-27 14:40:00+05:30,24153.30078125,24154.849609375,24139.349609375,24143.30078125,0,0.0,0.0
2026-08-27 14:45:00+05:30,24143.150390625,24154.400390625,24140.900390625,24152.19921875,0,0.0,0.0
2026-08-27 14:50:00+05:30,24152.650390625,24157.55078125,24144.650390625,24149.55078125,0,0.0,0.0
2026-08-27 14:55:00+05:30,24149.900390625,24156.30078125,24147.849609375,24156.30078125,0,0.0,0.0
2026-08-27 15:00:00+05:30,24155.94921875,24162.25,24147.55078125,24148.099609375,0,0.0,0.0
2026-08-27 15:05:00+05:30,24150.25,24150.25,24137.0,24143.25,0,0.0,0.0
2026-08-27 15:10:00+05:30,24143.900390625,24146.94921875,24128.599609375,24134.30078125,0,0.0,0.0
2026-08-27 15:15:00+05:30,24133.599609375,24133.599609375,24133.05078125,24133.05078125,0,0.0,0.0
2026-08-27 15:20:00+05:30,24133.05078125,24133.05078125,24133.05078125,24133.05078125,0,0.0,0.0
2026-08-27 15:25:00+05:30,24133.05078125,24133.05078125,24090.849609375,24090.849609375,0,0.0,0.0
2026-08-28 09:15:00+05:30,24128.94921875,24145.80078125,24110.400390625,24112.19921875,0,0.0,0.0
2026-08-28 09:20:00+05:30,24113.0,24131.400390625,24107.099609375,24129.55078125,0,0.0,0.0
2026-08-28 09:25:00+05:30,24131.5,24157.650390625,24131.0,24149.55078125,0,0.0,0.0
2026-08-28 09:30:00+05:30,24148.349609375,24154.900390625,24137.80078125,24145.44921875,0,0.0,0.0
2026-08-28 09:35:00+05:30,24149.150390625,24149.150390625,24130.400390625,24140.349609375,0,0.0,0.0
2026-08-28 09:40:00+05:30,24141.099609375,24166.150390625,24138.599609375,24160.900390625,0,0.0,0.0
2026-08-28 09:45:00+05:30,24161.400390625,24163.05078125,24144.44921875,24146.94921875,0,0.0,0.0
2026-08-28 09:50:00+05:30,24148.30078125,24155.69921875,24136.150390625,24154.900390625,0,0.0,0.0
2026-08-28 09:55:00+05:30,24156.19921875,24161.30078125,24152.75,24156.5,0,0.0,0.0
2026-08-28 10:00:00+05:30,24158.30078125,24159.150390625,24145.30078125,24146.05078125,0,0.0,0.0
2026-08-28 10:05:00+05:30,24147.0,24158.650390625,24141.5,24151.94921875,0,0.0,0.0
2026-08-28 10:10:00+05:30,24153.05078125,24167.849609375,24150.650390625,24167.19921875,0,0.0,0.0
2026-08-28 10:15:00+05:30,24168.25,24188.30078125,24165.0,24165.0,0,0.0,0.0
2026-08-28 10:20:00+05:30,24166.599609375,24170.55078125,24161.5,24170.19921875,0,0.0,0.0
2026-08-28 10:25:00+05:30,24171.099609375,24172.349609375,24158.55078125,24169.849609375,0,0.0,0.0
2026-08-28 10:30:00+05:30,24171.25,24171.25,24160.150390625,24160.80078125,0,0.0,0.0
2026-08-28 10:35:00+05:30,24162.19921875,24164.55078125,24157.349609375,24161.94921875,0,0.0,0.0
2026-08-28 10:40:00+05:30,24163.25,24168.099609375,24154.75,24156.150390625,0,0.0,0.0
2026-08-28 10:45:00+05:30,24157.05078125,24165.650390625,24151.69921875,24163.400390625,0,0.0,0.0
2026-08-28 10:50:00+05:30,24163.94921875,24170.599609375,24155.44921875,24155.599609375,0,0.0,0.0
2026-08-28 10:55:00+05:30,24157.0,24161.94921875,24149.75,24155.69921875,0,0.0,0.0
2026-08-28 11:00:00+05:30,24156.80078125,24163.0,24152.650390625,24160.25,0,0.0,0.0
2026-08-28 11:05:00+05:30,24162.05078125,24163.30078125,24141.55078125,24142.44921875,0,0.0,0.0
2026-08-28 11:10:00+05:30,24143.05078125,24166.05078125,24141.94921875,24160.94921875,0,0.0,0.0
2026-08-28 11:15:00+05:30,24162.69921875,24163.400390625,24147.849609375,24151.5,0,0.0,0.0
2026-08-28 11:20:00+05:30,24151.75,24152.30078125,24138.150390625,24140.5,0,0.0,0.0
2026-08-28 11:25:00+05:30,24139.900390625,24140.30078125,24117.0,24117.849609375,0,0.0,0.0
2026-08-28 11:30:00+05:30,24117.849609375,24123.19921875,24102.94921875,24107.75,0,0.0,0.0
2026-08-28 11:35:00+05:30,24108.44921875,24108.94921875,24092.849609375,24101.30078125,0,0.0,0.0
2026-08-28 11:40:00+05:30,24101.650390625,24107.75,24098.05078125,24105.69921875,0,0.0,0.0
2026-08-28 11:45:00+05:30,24106.349609375,24107.150390625,24098.099609375,24105.599609375,0,0.0,0.0
2026-08-28 11:50:00+05:30,24106.400390625,24109.650390625,24098.25,24098.25,0,0.0,0.0
2026-08-28 11:55:00+05:30,24099.94921875,24100.150390625,24077.0,24083.150390625,0,0.0,0.0
2026-08-28 12:00:00+05:30,24084.25,24091.80078125,24080.0,24088.05078125,0,0.0,0.0
2026-08-28 12:05:00+05:30,24089.94921875,24098.69921875,24085.30078125,24086.30078125,0,0.0,0.0
2026-08-28 12:10:00+05:30,24086.75,24088.80078125,24077.0,24086.900390625,0,0.0,0.0
2026-08-28 12:15:00+05:30,24087.599609375,24090.0,24084.75,24088.75,0,0.0,0.0
2026-08-28 12:20:00+05:30,24089.80078125,24095.44921875,24083.849609375,24085.94921875,0,0.0,0.0
2026-08-28 12:25:00+05:30,24087.25,24096.099609375,24084.099609375,24094.650390625,0,0.0,0.0
2026-08-28 12:30:00+05:30,24096.150390625,24103.349609375,24093.44921875,24101.400390625,0,0.0,0.0
2026-08-28 12:35:00+05:30,24102.19921875,24108.099609375,24099.349609375,24105.849609375,0,0.0,0.0
2026-08-28 12:40:00+05:30,24106.650390625,24108.0,24103.849609375,24105.599609375,0,0.0,0.0
2026-08-28 12:45:00+05:30,24105.80078125,24109.80078125,24101.94921875,24109.80078125,0,0.0,0.0
2026-08-28 12:50:00+05:30,24109.650390625,24110.94921875,24104.349609375,24105.30078125,0,0.0,0.0
2026-08-28 12:55:00+05:30,24106.69921875,24106.69921875,24096.44921875,24096.44921875,0,0.0,0.0
2026-08-28 13:00:00+05:30,24098.69921875,24100.19921875,24092.0,24093.19921875,0,0.0,0.0
2026-08-28 13:05:00+05:30,24094.44921875,24103.349609375,24089.349609375,24102.099609375,0,0.0,0.0
2026-08-28 13:10:00+05:30,24103.55078125,24110.0,24100.599609375,24103.55078125,0,0.0,0.0
2026-08-28 13:15:00+05:30,24105.349609375,24110.349609375,24100.30078125,24107.55078125,0,0.0,0.0
2026-08-28 13:20:00+05:30,24108.55078125,24113.25,24104.400390625,24108.599609375,0,0.0,0.0
2026-08-28 13:25:00+05:30,24110.69921875,24116.44921875,24095.5,24096.150390625,0,0.0,0.0
2026-08-28 13:30:00+05:30,24097.25,24112.94921875,24095.30078125,24109.849609375,0,0.0,0.0
2026-08-28 13:35:00+05:30,24111.150390625,24114.099609375,24105.400390625,24111.80078125,0,0.0,0.0
2026-08-28 13:40:00+05:30,24112.650390625,24119.0,24109.5,24113.099609375,0,0.0,0.0
2026-08-28 13:45:00+05:30,24114.25,24114.599609375,24100.900390625,24103.75,0,0.0,0.0
2026-08-28 13:50:00+05:30,24104.900390625,24105.599609375,24097.44921875,24103.349609375,0,0.0,0.0
2026-08-28 13:55:00+05:30,24104.150390625,24112.25,24097.849609375,24110.849609375,0,0.0,0.0
2026-08-28 14:00:00+05:30,24111.900390625,24112.099609375,24101.25,24102.900390625,0,0.0,0.0
2026-08-28 14:05:00+05:30,24103.75,24106.44921875,24098.55078125,24103.650390625,0,0.0,0.0
2026-08-28 14:10:00+05:30,24103.849609375,24113.349609375,24103.0,24110.80078125,0,0.0,0.0
2026-08-28 14:15:00+05:30,24111.900390625,24119.150390625,24107.150390625,24109.849609375,0,0.0,0.0
2026-08-28 14:20:00+05:30,24109.44921875,24115.94921875,24109.30078125,24115.900390625,0,0.0,0.0
2026-08-28 14:25:00+05:30,24115.599609375,24121.30078125,24112.94921875,24120.349609375,0,0.0,0.0
2026-08-28 14:30:00+05:30,24120.44921875,24123.80078125,24113.099609375,24120.19921875,0,0.0,0.0
2026-08-28 14:35:00+05:30,24120.80078125,24122.44921875,24115.75,24118.900390625,0,0.0,0.0
2026-08-28 14:40:00+05:30,24119.44921875,24121.30078125,24113.849609375,24118.099609375,0,0.0,0.0
2026-08-28 14:45:00+05:30,24119.0,24127.5,24113.5,24126.650390625,0,0.0,0.0
2026-08-28 14:50:00+05:30,24128.349609375,24140.150390625,24124.30078125,24138.349609375,0,0.0,0.0
2026-08-28 14:55:00+05:30,24139.349609375,24140.75,24128.69921875,24129.44921875,0,0.0,0.0
2026-08-28 15:00:00+05:30,24128.44921875,24129.0,24104.900390625,24108.900390625,0,0.0,0.0
2026-08-28 15:05:00+05:30,24108.94921875,24124.44921875,24108.25,24123.0,0,0.0,0.0
2026-08-28 15:10:00+05:30,24122.30078125,24159.099609375,24121.75,24142.94921875,0,0.0,0.0
2026-08-28 15:15:00+05:30,24142.44921875,24142.44921875,24142.44921875,24142.44921875,0,0.0,0.0
2026-08-28 15:20:00+05:30,24142.44921875,24142.44921875,24142.44921875,24142.44921875,0,0.0,0.0
2026-08-28 15:25:00+05:30,24142.44921875,24175.650390625,24142.44921875,24175.650390625,0,0.0,0.0
2026-08-31 09:15:00+05:30,24117.099609375,24126.55078125,24040.19921875,24065.05078125,0,0.0,0.0
2026-08-31 09:20:00+05:30,24067.19921875,24085.099609375,24057.599609375,24066.69921875,0,0.0,0.0
2026-08-31 09:25:00+05:30,24068.80078125,24070.80078125,24037.05078125,24043.05078125,0,0.0,0.0
2026-08-31 09:30:00+05:30,24045.5,24067.400390625,24039.80078125,24057.55078125,0,0.0,0.0
2026-08-31 09:35:00+05:30,24060.0,24063.0,24045.650390625,24046.900390625,0,0.0,0.0
2026-08-31 09:40:00+05:30,24049.44921875,24050.5,24024.400390625,24024.599609375,0,0.0,0.0
2026-08-31 09:45:00+05:30,24026.650390625,24038.400390625,24019.650390625,24026.19921875,0,0.0,0.0
2026-08-31 09:50:00+05:30,24026.94921875,24036.150390625,24021.5,24023.349609375,0,0.0,0.0
2026-08-31 09:55:00+05:30,24026.599609375,24026.599609375,24013.25,24025.5,0,0.0,0.0
2026-08-31 10:00:00+05:30,24027.650390625,24033.75,24023.400390625,24032.69921875,0,0.0,0.0
2026-08-31 10:05:00+05:30,24032.19921875,24043.349609375,24028.349609375,24029.75,0,0.0,0.0
2026-08-31 10:10:00+05:30,24032.150390625,24032.150390625,24010.5,24017.849609375,0,0.0,0.0
2026-08-31 10:15:00+05:30,24018.69921875,24021.150390625,24010.650390625,24012.150390625,0,0.0,0.0
2026-08-31 10:20:00+05:30,24013.80078125,24017.5,24004.849609375,24009.5,0,0.0,0.0
2026-08-31 10:25:00+05:30,24010.849609375,24033.30078125,24005.75,24028.849609375,0,0.0,0.0
2026-08-31 10:30:00+05:30,24029.650390625,24032.099609375,24008.05078125,24008.05078125,0,0.0,0.0
2026-08-31 10:35:00+05:30,24012.0,24012.0,23998.099609375,24002.099609375,0,0.0,0.0
2026-08-31 10:40:00+05:30,24004.55078125,24013.150390625,23997.44921875,24010.650390625,0,0.0,0.0
2026-08-31 10:45:00+05:30,24012.25,24015.25,24004.44921875,24007.05078125,0,0.0,0.0
2026-08-31 10:50:00+05:30,24009.599609375,24010.349609375,23997.150390625,24003.80078125,0,0.0,0.0
2026-08-31 10:55:00+05:30,24005.80078125,24015.80078125,24001.30078125,24010.30078125,0,0.0,0.0
2026-08-31 11:00:00+05:30,24012.650390625,24017.19921875,24008.44921875,24011.400390625,0,0.0,0.0
2026-08-31 11:05:00+05:30,24011.69921875,24014.099609375,23995.69921875,23997.44921875,0,0.0,0.0
2026-08-31 11:10:00+05:30,23999.19921875,24002.69921875,23993.849609375,24001.599609375,0,0.0,0.0
2026-08-31 11:15:00+05:30,24003.30078125,24009.349609375,24000.25,24004.150390625,0,0.0,0.0
2026-08-31 11:20:00+05:30,24006.099609375,24009.900390625,24000.650390625,24002.94921875,0,0.0,0.0
2026-08-31 11:25:00+05:30,24005.849609375,24010.849609375,24001.650390625,24009.75,0,0.0,0.0
2026-08-31 11:30:00+05:30,24011.25,24018.900390625,24008.400390625,24014.5,0,0.0,0.0
2026-08-31 11:35:00+05:30,24018.30078125,24026.69921875,24013.55078125,24017.849609375,0,0.0,0.0
2026-08-31 11:40:00+05:30,24022.099609375,24031.349609375,24017.400390625,24024.849609375,0,0.0,0.0
2026-08-31 11:45:00+05:30,24027.0,24036.30078125,24018.80078125,24032.150390625,0,0.0,0.0
2026-08-31 11:50:00+05:30,24033.900390625,24073.849609375,24030.599609375,24072.849609375,0,0.0,0.0
2026-08-31 11:55:00+05:30,24074.25,24088.69921875,24062.05078125,24063.900390625,0,0.0,0.0
2026-08-31 12:00:00+05:30,24067.0,24078.150390625,24059.099609375,24075.849609375,0,0.0,0.0
2026-08-31 12:05:00+05:30,24078.69921875,24078.69921875,24061.44921875,24064.25,0,0.0,0.0
2026-08-31 12:10:00+05:30,24066.94921875,24067.05078125,24053.5,24055.94921875,0,0.0,0.0
2026-08-31 12:15:00+05:30,24057.75,24070.80078125,24052.44921875,24070.19921875,0,0.0,0.0
2026-08-31 12:20:00+05:30,24071.900390625,24080.19921875,24064.30078125,24065.30078125,0,0.0,0.0
2026-08-31 12:25:00+05:30,24067.69921875,24070.099609375,24061.599609375,24064.19921875,0,0.0,0.0
2026-08-31 12:30:00+05:30,24066.25,24067.55078125,24054.05078125,24057.0,0,0.0,0.0
2026-08-31 12:35:00+05:30,24061.0,24072.25,24057.349609375,24071.400390625,0,0.0,0.0
2026-08-31 12:40:00+05:30,24073.0,24079.349609375,24068.150390625,24073.94921875,0,0.0,0.0
2026-08-31 12:45:00+05:30,24076.5,24076.5,24062.150390625,24067.80078125,0,0.0,0.0
2026-08-31 12:50:00+05:30,24070.599609375,24078.44921875,24066.400390625,24077.599609375,0,0.0,0.0
2026-08-31 12:55:00+05:30,24079.05078125,24079.05078125,24062.150390625,24062.150390625,0,0.0,0.0
2026-08-31 13:00:00+05:30,24064.849609375,24072.349609375,24057.400390625,24068.599609375,0,0.0,0.0
2026-08-31 13:05:00+05:30,24071.44921875,24071.44921875,24058.0,24060.849609375,0,0.0,0.0
2026-08-31 13:10:00+05:30,24062.650390625,24076.80078125,24057.55078125,24074.150390625,0,0.0,0.0
2026-08-31 13:15:00+05:30,24076.0,24076.0,24064.75,24066.0,0,0.0,0.0
2026-08-31 13:20:00+05:30,24067.75,24070.150390625,24063.0,24065.0,0,0.0,0.0
2026-08-31 13:25:00+05:30,24067.80078125,24076.150390625,24063.099609375,24067.05078125,0,0.0,0.0
2026-08-31 13:30:00+05:30,24069.099609375,24073.69921875,24062.849609375,24069.849609375,0,0.0,0.0
2026-08-31 13:35:00+05:30,24071.19921875,24072.19921875,24058.849609375,24061.80078125,0,0.0,0.0
2026-08-31 13:40:00+05:30,24063.650390625,24067.0,24053.650390625,24055.05078125,0,0.0,0.0
2026-08-31 13:45:00+05:30,24058.150390625,24066.75,24054.599609375,24064.650390625,0,0.0,0.0
2026-08-31 13:50:00+05:30,24065.69921875,24067.150390625,24056.5,24058.25,0,0.0,0.0
2026-08-31 13:55:00+05:30,24060.099609375,24060.099609375,24043.19921875,24047.05078125,0,0.0,0.0
2026-08-31 14:00:00+05:30,24049.05078125,24050.69921875,24031.900390625,24033.55078125,0,0.0,0.0
2026-08-31 14:05:00+05:30,24036.44921875,24043.30078125,24024.80078125,24031.69921875,0,0.0,0.0
2026-08-31 14:10:00+05:30,24034.900390625,24039.099609375,24029.099609375,24031.55078125,0,0.0,0.0
2026-08-31 14:15:00+05:30,24033.5,24040.25,24027.0,24034.55078125,0,0.0,0.0
2026-08-31 14:20:00+05:30,24036.05078125,24036.05078125,24020.900390625,24024.75,0,0.0,0.0
2026-08-31 14:25:00+05:30,24027.94921875,24032.900390625,24020.599609375,24022.19921875,0,0.0,0.0
2026-08-31 14:30:00+05:30,24023.849609375,24035.349609375,24020.5,24033.75,0,0.0,0.0
2026-08-31 14:35:00+05:30,24035.30078125,24046.599609375,24030.849609375,24044.650390625,0,0.0,0.0
2026-08-31 14:40:00+05:30,24045.0,24063.599609375,24045.0,24054.099609375,0,0.0,0.0
2026-08-31 14:45:00+05:30,24056.150390625,24114.0,24055.400390625,24077.099609375,0,0.0,0.0
2026-08-31 14:50:00+05:30,24077.25,24096.55078125,24075.599609375,24094.44921875,0,0.0,0.0
2026-08-31 14:55:00+05:30,24095.05078125,24096.150390625,24069.69921875,24075.19921875,0,0.0,0.0
2026-08-31 15:00:00+05:30,24074.94921875,24074.94921875,24054.25,24057.599609375,0,0.0,0.0
2026-08-31 15:05:00+05:30,24056.69921875,24070.5,24046.25,24068.099609375,0,0.0,0.0
2026-08-31 15:10:00+05:30,24068.30078125,24069.80078125,24044.650390625,24051.94921875,0,0.0,0.0
2026-08-31 15:15:00+05:30,24050.25,24050.25,24050.25,24050.25,0,0.0,0.0
2026-08-31 15:20:00+05:30,24050.25,24050.25,24050.25,24050.25,0,0.0,0.0
2026-08-31 15:25:00+05:30,24050.25,24080.400390625,24050.25,24080.400390625,0,0.0,0.0
2026-09-01 09:15:00+05:30,24077.05078125,24077.05078125,24028.0,24041.150390625,0,0.0,0.0
2026-09-01 09:20:00+05:30,24042.55078125,24051.05078125,24031.69921875,24039.099609375,0,0.0,0.0
2026-09-01 09:25:00+05:30,24039.400390625,24065.599609375,24032.94921875,24063.94921875,0,0.0,0.0
2026-09-01 09:30:00+05:30,24064.75,24076.650390625,24058.69921875,24066.19921875,0,0.0,0.0
2026-09-01 09:35:00+05:30,24066.349609375,24067.75,24039.94921875,24040.849609375,0,0.0,0.0
2026-09-01 09:40:00+05:30,24041.25,24047.75,24025.55078125,24028.349609375,0,0.0,0.0
2026-09-01 09:45:00+05:30,24030.150390625,24030.150390625,24010.55078125,24021.19921875,0,0.0,0.0
2026-09-01 09:50:00+05:30,24021.349609375,24031.349609375,24014.349609375,24022.05078125,0,0.0,0.0
2026-09-01 09:55:00+05:30,24023.0,24027.69921875,24014.69921875,24018.25,0,0.0,0.0
2026-09-01 10:00:00+05:30,24019.0,24036.099609375,24015.05078125,24032.94921875,0,0.0,0.0
2026-09-01 10:05:00+05:30,24033.94921875,24036.5,24023.30078125,24033.0,0,0.0,0.0
2026-09-01 10:10:00+05:30,24034.0,24040.94921875,24031.05078125,24036.25,0,0.0,0.0
2026-09-01 10:15:00+05:30,24037.55078125,24056.94921875,24035.30078125,24050.19921875,0,0.0,0.0
2026-09-01 10:20:00+05:30,24052.30078125,24064.05078125,24045.19921875,24062.5,0,0.0,0.0
2026-09-01 10:25:00+05:30,24062.94921875,24066.25,24055.099609375,24061.05078125,0,0.0,0.0
2026-09-01 10:30:00+05:30,24062.80078125,24073.19921875,24060.19921875,24064.75,0,0.0,0.0
2026-09-01 10:35:00+05:30,24067.30078125,24073.05078125,24058.80078125,24068.55078125,0,0.0,0.0
2026-09-01 10:40:00+05:30,24069.099609375,24070.94921875,24058.599609375,24064.94921875,0,0.0,0.0
2026-09-01 10:45:00+05:30,24066.0,24071.44921875,24062.099609375,24069.69921875,0,0.0,0.0
2026-09-01 10:50:00+05:30,24069.599609375,24092.44921875,24066.19921875,24087.19921875,0,0.0,0.0
2026-09-01 10:55:00+05:30,24088.650390625,24091.400390625,24074.44921875,24082.0,0,0.0,0.0
2026-09-01 11:00:00+05:30,24083.650390625,24088.19921875,24072.400390625,24077.400390625,0,0.0,0.0
2026-09-01 11:05:00+05:30,24078.75,24096.30078125,24072.94921875,24092.849609375,0,0.0,0.0
2026-09-01 11:10:00+05:30,24094.75,24111.75,24091.0,24107.05078125,0,0.0,0.0
2026-09-01 11:15:00+05:30,24108.75,24122.650390625,24107.0,24121.650390625,0,0.0,0.0
2026-09-01 11:20:00+05:30,24123.94921875,24127.30078125,24117.55078125,24120.349609375,0,0.0,0.0
2026-09-01 11:25:00+05:30,24121.69921875,24130.25,24116.5,24126.30078125,0,0.0,0.0
2026-09-01 11:30:00+05:30,24127.900390625,24142.849609375,24123.55078125,24124.55078125,0,0.0,0.0
2026-09-01 11:35:00+05:30,24126.650390625,24127.44921875,24110.69921875,24112.599609375,0,0.0,0.0
2026-09-01 11:40:00+05:30,24113.400390625,24121.94921875,24104.0,24119.0,0,0.0,0.0
2026-09-01 11:45:00+05:30,24120.0,24125.400390625,24109.44921875,24110.599609375,0,0.0,0.0
2026-09-01 11:50:00+05:30,24111.55078125,24119.5,24108.19921875,24117.650390625,0,0.0,0.0
2026-09-01 11:55:00+05:30,24119.650390625,24125.400390625,24114.900390625,24116.69921875,0,0.0,0.0
2026-09-01 12:00:00+05:30,24118.650390625,24123.099609375,24110.599609375,24121.30078125,0,0.0,0.0
2026-09-01 12:05:00+05:30,24124.19921875,24128.650390625,24121.94921875,24127.900390625,0,0.0,0.0
2026-09-01 12:10:00+05:30,24129.099609375,24132.19921875,24114.5,24117.75,0,0.0,0.0
2026-09-01 12:15:00+05:30,24118.5,24120.75,24104.849609375,24110.099609375,0,0.0,0.0
2026-09-01 12:20:00+05:30,24111.650390625,24113.69921875,24097.0,24097.650390625,0,0.0,0.0
2026-09-01 12:25:00+05:30,24098.75,24112.75,24094.650390625,24109.650390625,0,0.0,0.0
2026-09-01 12:30:00+05:30,24110.900390625,24115.69921875,24102.75,24108.400390625,0,0.0,0.0
2026-09-01 12:35:00+05:30,24109.849609375,24113.05078125,24105.05078125,24111.05078125,0,0.0,0.0
2026-09-01 12:40:00+05:30,24111.80078125,24117.349609375,24108.69921875,24115.150390625,0,0.0,0.0
2026-09-01 12:45:00+05:30,24116.5,24118.69921875,24106.55078125,24107.44921875,0,0.0,0.0
2026-09-01 12:50:00+05:30,24109.30078125,24109.80078125,24092.30078125,24093.5,0,0.0,0.0
2026-09-01 12:55:00+05:30,24095.099609375,24097.349609375,24087.44921875,24092.25,0,0.0,0.0
2026-09-01 13:00:00+05:30,24094.05078125,24094.099609375,24081.69921875,24084.150390625,0,0.0,0.0
2026-09-01 13:05:00+05:30,24085.05078125,24085.19921875,24070.69921875,24074.94921875,0,0.0,0.0
2026-09-01 13:10:00+05:30,24075.80078125,24075.80078125,24049.80078125,24050.19921875,0,0.0,0.0
2026-09-01 13:15:00+05:30,24050.75,24051.0,24041.80078125,24049.05078125,0,0.0,0.0
2026-09-01 13:20:00+05:30,24050.349609375,24059.25,24046.650390625,24056.900390625,0,0.0,0.0
2026-09-01 13:25:00+05:30,24058.25,24060.25,24045.599609375,24049.80078125,0,0.0,0.0
2026-09-01 13:30:00+05:30,24051.44921875,24062.44921875,24049.900390625,24059.94921875,0,0.0,0.0
2026-09-01 13:35:00+05:30,24060.599609375,24065.650390625,24033.30078125,24036.900390625,0,0.0,0.0
2026-09-01 13:40:00+05:30,24038.0,24038.150390625,24021.19921875,24034.19921875,0,0.0,0.0
2026-09-01 13:45:00+05:30,24034.900390625,24034.94921875,24017.19921875,24019.25,0,0.0,0.0
2026-09-01 13:50:00+05:30,24019.650390625,24019.650390625,23988.19921875,23993.80078125,0,0.0,0.0
2026-09-01 13:55:00+05:30,23995.0,24010.94921875,23988.05078125,24000.150390625,0,0.0,0.0
2026-09-01 14:00:00+05:30,24001.80078125,24001.80078125,23977.150390625,23978.55078125,0,0.0,0.0
2026-09-01 14:05:00+05:30,23980.44921875,23983.94921875,23953.900390625,23956.349609375,0,0.0,0.0
2026-09-01 14:10:00+05:30,23957.849609375,23972.94921875,23956.25,23965.05078125,0,0.0,0.0
2026-09-01 14:15:00+05:30,23967.25,23968.69921875,23958.0,23965.650390625,0,0.0,0.0
2026-09-01 14:20:00+05:30,23967.150390625,23967.349609375,23953.900390625,23958.05078125,0,0.0,0.0
2026-09-01 14:25:00+05:30,23959.650390625,23982.25,23952.599609375,23981.599609375,0,0.0,0.0
2026-09-01 14:30:00+05:30,23982.44921875,23988.599609375,23968.44921875,23984.44921875,0,0.0,0.0
2026-09-01 14:35:00+05:30,23985.599609375,23989.69921875,23965.5,23966.0,0,0.0,0.0
2026-09-01 14:40:00+05:30,23967.5,23972.44921875,23958.400390625,23961.94921875,0,0.0,0.0
2026-09-01 14:45:00+05:30,23963.69921875,23978.05078125,23960.599609375,23969.650390625,0,0.0,0.0
2026-09-01 14:50:00+05:30,23970.400390625,23985.5,23970.0,23980.75,0,0.0,0.0
2026-09-01 14:55:00+05:30,23980.849609375,23993.349609375,23978.849609375,23980.5,0,0.0,0.0
2026-09-01 15:00:00+05:30,23980.80078125,23986.05078125,23968.30078125,23975.900390625,0,0.0,0.0
2026-09-01 15:05:00+05:30,23975.849609375,23985.349609375,23969.19921875,23969.650390625,0,0.0,0.0
2026-09-01 15:10:00+05:30,23970.69921875,23990.25,23959.150390625,23984.44921875,0,0.0,0.0
2026-09-01 15:15:00+05:30,23980.55078125,23980.55078125,23980.55078125,23980.55078125,0,0.0,0.0
2026-09-01 15:20:00+05:30,23980.55078125,23980.55078125,23980.55078125,23980.55078125,0,0.0,0.0
2026-09-01 15:25:00+05:30,23980.55078125,24055.80078125,23980.55078125,24055.80078125,0,0.0,0.0
2026-09-02 09:15:00+05:30,23879.400390625,23879.400390625,23808.75,23824.69921875,0,0.0,0.0
2026-09-02 09:20:00+05:30,23824.349609375,23828.30078125,23788.05078125,23803.400390625,0,0.0,0.0
2026-09-02 09:25:00+05:30,23804.599609375,23833.94921875,23803.599609375,23821.69921875,0,0.0,0.0
2026-09-02 09:30:00+05:30,23822.55078125,23843.25,23813.400390625,23843.25,0,0.0,0.0
2026-09-02 09:35:00+05:30,23843.19921875,23849.94921875,23827.400390625,23827.849609375,0,0.0,0.0
2026-09-02 09:40:00+05:30,23828.25,23848.25,23827.349609375,23841.599609375,0,0.0,0.0
2026-09-02 09:45:00+05:30,23842.0,23842.44921875,23821.55078125,23835.349609375,0,0.0,0.0
2026-09-02 09:50:00+05:30,23835.25,23847.25,23828.400390625,23830.69921875,0,0.0,0.0
2026-09-02 09:55:00+05:30,23831.349609375,23855.900390625,23828.75,23851.0,0,0.0,0.0
2026-09-02 10:00:00+05:30,23851.0,23857.599609375,23845.5,23853.25,0,0.0,0.0
2026-09-02 10:05:00+05:30,23853.55078125,23862.19921875,23845.75,23848.099609375,0,0.0,0.0
2026-09-02 10:10:00+05:30,23848.25,23857.69921875,23839.900390625,23848.30078125,0,0.0,0.0
2026-09-02 10:15:00+05:30,23848.05078125,23859.05078125,23844.75,23855.400390625,0,0.0,0.0
2026-09-02 10:20:00+05:30,23856.150390625,23881.0,23855.94921875,23876.099609375,0,0.0,0.0
2026-09-02 10:25:00+05:30,23876.55078125,23883.099609375,23871.94921875,23882.75,0,0.0,0.0
2026-09-02 10:30:00+05:30,23882.599609375,23895.55078125,23880.0,23881.099609375,0,0.0,0.0
2026-09-02 10:35:00+05:30,23880.80078125,23882.400390625,23861.900390625,23864.5,0,0.0,0.0
2026-09-02 10:40:00+05:30,23864.400390625,23870.30078125,23860.05078125,23860.650390625,0,0.0,0.0
2026-09-02 10:45:00+05:30,23861.25,23866.55078125,23856.5,23862.900390625,0,0.0,0.0
2026-09-02 10:50:00+05:30,23862.900390625,23871.55078125,23840.599609375,23854.55078125,0,0.0,0.0
2026-09-02 10:55:00+05:30,23855.900390625,23865.80078125,23855.099609375,23859.94921875,0,0.0,0.0
2026-09-02 11:00:00+05:30,23859.80078125,23862.05078125,23835.900390625,23836.599609375,0,0.0,0.0
2026-09-02 11:05:00+05:30,23837.349609375,23841.900390625,23830.400390625,23830.650390625,0,0.0,0.0
2026-09-02 11:10:00+05:30,23829.900390625,23834.44921875,23826.150390625,23832.349609375,0,0.0,0.0
2026-09-02 11:15:00+05:30,23832.099609375,23840.900390625,23826.05078125,23834.94921875,0,0.0,0.0
2026-09-02 11:20:00+05:30,23835.349609375,23838.55078125,23823.650390625,23824.94921875,0,0.0,0.0
2026-09-02 11:25:00+05:30,23824.849609375,23827.44921875,23818.5,23819.599609375,0,0.0,0.0
2026-09-02 11:30:00+05:30,23819.0,23821.900390625,23809.75,23813.94921875,0,0.0,0.0
2026-09-02 11:35:00+05:30,23813.69921875,23818.099609375,23807.099609375,23817.69921875,0,0.0,0.0
2026-09-02 11:40:00+05:30,23817.94921875,23819.80078125,23808.69921875,23810.69921875,0,0.0,0.0
2026-09-02 11:45:00+05:30,23811.94921875,23815.05078125,23806.05078125,23811.900390625,0,0.0,0.0
2026-09-02 11:50:00+05:30,23813.099609375,23825.05078125,23811.099609375,23824.349609375,0,0.0,0.0
2026-09-02 11:55:00+05:30,23825.19921875,23830.150390625,23810.05078125,23812.94921875,0,0.0,0.0
2026-09-02 12:00:00+05:30,23814.80078125,23818.55078125,23801.099609375,23805.05078125,0,0.0,0.0
2026-09-02 12:05:00+05:30,23806.099609375,23813.150390625,23803.849609375,23811.75,0,0.0,0.0
2026-09-02 12:10:00+05:30,23812.5,23839.400390625,23811.400390625,23838.349609375,0,0.0,0.0
2026-09-02 12:15:00+05:30,23838.849609375,23843.400390625,23826.150390625,23828.30078125,0,0.0,0.0
2026-09-02 12:20:00+05:30,23829.0,23829.650390625,23815.94921875,23825.69921875,0,0.0,0.0
2026-09-02 12:25:00+05:30,23826.349609375,23837.44921875,23825.25,23836.25,0,0.0,0.0
2026-09-02 12:30:00+05:30,23836.19921875,23855.30078125,23834.30078125,23847.900390625,0,0.0,0.0
2026-09-02 12:35:00+05:30,23848.849609375,23858.05078125,23846.599609375,23851.05078125,0,0.0,0.0
2026-09-02 12:40:00+05:30,23851.25,23868.19921875,23849.400390625,23860.94921875,0,0.0,0.0
2026-09-02 12:45:00+05:30,23860.650390625,23862.44921875,23850.69921875,23859.30078125,0,0.0,0.0
2026-09-02 12:50:00+05:30,23859.94921875,23864.599609375,23858.900390625,23863.150390625,0,0.0,0.0
2026-09-02 12:55:00+05:30,23863.30078125,23870.55078125,23858.099609375,23869.69921875,0,0.0,0.0
2026-09-02 13:00:00+05:30,23869.94921875,23876.80078125,23866.19921875,23866.25,0,0.0,0.0
2026-09-02 13:05:00+05:30,23867.5,23869.69921875,23855.80078125,23857.75,0,0.0,0.0
2026-09-02 13:10:00+05:30,23858.69921875,23876.099609375,23855.650390625,23873.849609375,0,0.0,0.0
2026-09-02 13:15:00+05:30,23874.19921875,23875.900390625,23867.19921875,23871.19921875,0,0.0,0.0
2026-09-02 13:20:00+05:30,23872.25,23879.19921875,23870.55078125,23877.5,0,0.0,0.0
2026-09-02 13:25:00+05:30,23877.650390625,23884.80078125,23872.900390625,23875.099609375,0,0.0,0.0
2026-09-02 13:30:00+05:30,23875.80078125,23877.849609375,23865.94921875,23877.849609375,0,0.0,0.0
2026-09-02 13:35:00+05:30,23877.94921875,23888.099609375,23863.25,23863.55078125,0,0.0,0.0
2026-09-02 13:40:00+05:30,23863.5,23870.80078125,23859.05078125,23868.650390625,0,0.0,0.0
2026-09-02 13:45:00+05:30,23868.400390625,23878.30078125,23863.94921875,23864.44921875,0,0.0,0.0
2026-09-02 13:50:00+05:30,23864.75,23867.650390625,23850.80078125,23866.400390625,0,0.0,0.0
2026-09-02 13:55:00+05:30,23866.80078125,23872.55078125,23864.5,23872.0,0,0.0,0.0
2026-09-02 14:00:00+05:30,23872.30078125,23885.19921875,23872.30078125,23874.05078125,0,0.0,0.0
2026-09-02 14:05:00+05:30,23874.599609375,23895.0,23872.0,23892.400390625,0,0.0,0.0
2026-09-02 14:10:00+05:30,23892.900390625,23894.94921875,23881.69921875,23885.25,0,0.0,0.0
2026-09-02 14:15:00+05:30,23885.75,23886.900390625,23878.19921875,23883.05078125,0,0.0,0.0
2026-09-02 14:20:00+05:30,23882.900390625,23885.599609375,23873.0,23874.44921875,0,0.0,0.0
2026-09-02 14:25:00+05:30,23874.80078125,23886.599609375,23871.80078125,23886.400390625,0,0.0,0.0
2026-09-02 14:30:00+05:30,23886.650390625,23908.849609375,23886.30078125,23901.599609375,0,0.0,0.0
2026-09-02 14:35:00+05:30,23901.349609375,23910.44921875,23892.849609375,23903.44921875,0,0.0,0.0
2026-09-02 14:40:00+05:30,23903.75,23907.849609375,23886.30078125,23887.650390625,0,0.0,0.0
2026-09-02 14:45:00+05:30,23887.650390625,23905.80078125,23882.44921875,23898.900390625,0,0.0,0.0
2026-09-02 14:50:00+05:30,23899.44921875,23899.650390625,23881.150390625,23883.75,0,0.0,0.0
2026-09-02 14:55:00+05:30,23884.55078125,23885.0,23867.94921875,23873.150390625,0,0.0,0.0
2026-09-02 15:00:00+05:30,23872.80078125,23872.80078125,23859.25,23860.80078125,0,0.0,0.0
2026-09-02 15:05:00+05:30,23860.400390625,23862.400390625,23851.900390625,23862.05078125,0,0.0,0.0
2026-09-02 15:10:00+05:30,23862.0,23888.94921875,23861.55078125,23883.5,0,0.0,0.0
2026-09-02 15:15:00+05:30,23882.849609375,23882.849609375,23882.849609375,23882.849609375,0,0.0,0.0
2026-09-02 15:20:00+05:30,23882.849609375,23882.849609375,23882.849609375,23882.849609375,0,0.0,0.0
2026-09-02 15:25:00+05:30,23882.849609375,23914.44921875,23882.849609375,23914.44921875,0,0.0,0.0
2026-09-03 09:15:00+05:30,23997.94921875,24018.849609375,23960.75,23968.349609375,0,0.0,0.0
2026-09-03 09:20:00+05:30,23968.650390625,23989.349609375,23957.30078125,23957.80078125,0,0.0,0.0
2026-09-03 09:25:00+05:30,23957.650390625,23983.099609375,23955.400390625,23981.94921875,0,0.0,0.0
2026-09-03 09:30:00+05:30,23982.19921875,23997.849609375,23980.05078125,23994.25,0,0.0,0.0
2026-09-03 09:35:00+05:30,23994.150390625,24007.44921875,23991.900390625,24006.0,0,0.0,0.0
2026-09-03 09:40:00+05:30,24006.099609375,24020.599609375,24005.94921875,24017.05078125,0,0.0,0.0
2026-09-03 09:45:00+05:30,24016.849609375,24022.849609375,24008.55078125,24015.75,0,0.0,0.0
2026-09-03 09:50:00+05:30,24015.80078125,24018.25,24004.5,24005.69921875,0,0.0,0.0
2026-09-03 09:55:00+05:30,24005.5,24011.650390625,24000.099609375,24006.900390625,0,0.0,0.0
2026-09-03 10:00:00+05:30,24007.599609375,24007.599609375,23996.349609375,24005.0,0,0.0,0.0
2026-09-03 10:05:00+05:30,24005.05078125,24007.69921875,23990.80078125,24002.650390625,0,0.0,0.0
2026-09-03 10:10:00+05:30,24002.44921875,24008.099609375,23990.80078125,23992.55078125,0,0.0,0.0
2026-09-03 10:15:00+05:30,23991.150390625,24001.19921875,23988.25,23999.0,0,0.0,0.0
2026-09-03 10:20:00+05:30,23998.25,24004.650390625,23994.30078125,24000.69921875,0,0.0,0.0
2026-09-03 10:25:00+05:30,24000.849609375,24001.05078125,23984.25,23985.25,0,0.0,0.0
2026-09-03 10:30:00+05:30,23984.69921875,23989.44921875,23976.80078125,23978.650390625,0,0.0,0.0
2026-09-03 10:35:00+05:30,23977.849609375,23980.25,23960.5,23974.349609375,0,0.0,0.0
2026-09-03 10:40:00+05:30,23974.19921875,23975.44921875,23952.599609375,23965.80078125,0,0.0,0.0
2026-09-03 10:45:00+05:30,23967.05078125,23976.05078125,23963.05078125,23971.05078125,0,0.0,0.0
2026-09-03 10:50:00+05:30,23971.25,23973.94921875,23957.25,23958.5,0,0.0,0.0
2026-09-03 10:55:00+05:30,23960.099609375,23968.25,23954.94921875,23960.650390625,0,0.0,0.0
2026-09-03 11:00:00+05:30,23960.900390625,23966.150390625,23952.44921875,23952.44921875,0,0.0,0.0
2026-09-03 11:05:00+05:30,23952.69921875,23953.849609375,23928.5,23929.5,0,0.0,0.0
2026-09-03 11:10:00+05:30,23930.05078125,23940.25,23922.75,23926.900390625,0,0.0,0.0
2026-09-03 11:15:00+05:30,23926.900390625,23949.44921875,23920.650390625,23948.44921875,0,0.0,0.0
2026-09-03 11:20:00+05:30,23948.900390625,23960.099609375,23944.80078125,23949.19921875,0,0.0,0.0
2026-09-03 11:25:00+05:30,23949.349609375,23966.599609375,23949.19921875,23964.30078125,0,0.0,0.0
2026-09-03 11:30:00+05:30,23964.150390625,23973.0,23963.400390625,23968.30078125,0,0.0,0.0
2026-09-03 11:35:00+05:30,23968.30078125,23978.0,23966.099609375,23969.19921875,0,0.0,0.0
2026-09-03 11:40:00+05:30,23969.19921875,23974.25,23959.94921875,23965.05078125,0,0.0,0.0
2026-09-03 11:45:00+05:30,23965.25,23974.05078125,23957.849609375,23964.400390625,0,0.0,0.0
2026-09-03 11:50:00+05:30,23964.400390625,23970.25,23955.099609375,23959.0,0,0.0,0.0
2026-09-03 11:55:00+05:30,23958.900390625,23961.44921875,23948.19921875,23956.55078125,0,0.0,0.0
2026-09-03 12:00:00+05:30,23956.75,23960.099609375,23930.69921875,23937.75,0,0.0,0.0
2026-09-03 12:05:00+05:30,23937.650390625,23944.0,23927.900390625,23928.900390625,0,0.0,0.0
2026-09-03 12:10:00+05:30,23928.849609375,23940.099609375,23927.099609375,23936.650390625,0,0.0,0.0
2026-09-03 12:15:00+05:30,23935.94921875,23938.150390625,23915.05078125,23918.0,0,0.0,0.0
2026-09-03 12:20:00+05:30,23918.05078125,23925.25,23905.80078125,23907.19921875,0,0.0,0.0
2026-09-03 12:25:00+05:30,23906.150390625,23917.05078125,23905.150390625,23908.55078125,0,0.0,0.0
2026-09-03 12:30:00+05:30,23907.75,23918.599609375,23906.349609375,23909.25,0,0.0,0.0
2026-09-03 12:35:00+05:30,23909.75,23919.900390625,23903.5,23915.80078125,0,0.0,0.0
2026-09-03 12:40:00+05:30,23915.19921875,23918.150390625,23903.94921875,23910.0,0,0.0,0.0
2026-09-03 12:45:00+05:30,23909.05078125,23915.599609375,23908.5,23909.849609375,0,0.0,0.0
2026-09-03 12:50:00+05:30,23909.75,23929.75,23909.599609375,23924.19921875,0,0.0,0.0
2026-09-03 12:55:00+05:30,23923.75,23930.349609375,23912.69921875,23920.0,0,0.0,0.0
2026-09-03 13:00:00+05:30,23920.30078125,23922.150390625,23911.849609375,23920.05078125,0,0.0,0.0
2026-09-03 13:05:00+05:30,23920.05078125,23928.150390625,23917.94921875,23924.55078125,0,0.0,0.0
2026-09-03 13:10:00+05:30,23923.75,23936.150390625,23920.849609375,23925.94921875,0,0.0,0.0
2026-09-03 13:15:00+05:30,23926.0,23937.30078125,23924.150390625,23930.19921875,0,0.0,0.0
2026-09-03 13:20:00+05:30,23930.30078125,23932.349609375,23910.69921875,23911.44921875,0,0.0,0.0
2026-09-03 13:25:00+05:30,23911.0,23915.75,23898.25,23910.19921875,0,0.0,0.0
2026-09-03 13:30:00+05:30,23910.05078125,23936.900390625,23909.75,23930.19921875,0,0.0,0.0
2026-09-03 13:35:00+05:30,23930.150390625,23936.30078125,23908.25,23910.650390625,0,0.0,0.0
2026-09-03 13:40:00+05:30,23910.75,23915.400390625,23903.25,23907.349609375,0,0.0,0.0
2026-09-03 13:45:00+05:30,23907.349609375,23913.80078125,23894.75,23912.0,0,0.0,0.0
2026-09-03 13:50:00+05:30,23912.599609375,23918.150390625,23899.55078125,23906.05078125,0,0.0,0.0
2026-09-03 13:55:00+05:30,23906.05078125,23923.900390625,23902.25,23918.099609375,0,0.0,0.0
2026-09-03 14:00:00+05:30,23918.150390625,23922.650390625,23903.5,23911.5,0,0.0,0.0
2026-09-03 14:05:00+05:30,23911.650390625,23917.900390625,23907.69921875,23912.349609375,0,0.0,0.0
2026-09-03 14:10:00+05:30,23912.44921875,23918.349609375,23910.05078125,23912.94921875,0,0.0,0.0
2026-09-03 14:15:00+05:30,23913.30078125,23914.599609375,23902.05078125,23912.400390625,0,0.0,0.0
2026-09-03 14:20:00+05:30,23912.650390625,23924.55078125,23908.05078125,23913.30078125,0,0.0,0.0
2026-09-03 14:25:00+05:30,23913.900390625,23930.349609375,23910.900390625,23921.400390625,0,0.0,0.0
2026-09-03 14:30:00+05:30,23921.849609375,23923.75,23911.599609375,23920.69921875,0,0.0,0.0
2026-09-03 14:35:00+05:30,23920.349609375,23921.94921875,23908.0,23911.25,0,0.0,0.0
2026-09-03 14:40:00+05:30,23911.5,23912.900390625,23903.55078125,23908.599609375,0,0.0,0.0
2026-09-03 14:45:00+05:30,23908.19921875,23912.650390625,23901.599609375,23908.55078125,0,0.0,0.0
2026-09-03 14:50:00+05:30,23908.349609375,23916.94921875,23907.94921875,23910.05078125,0,0.0,0.0
2026-09-03 14:55:00+05:30,23908.75,23909.30078125,23893.69921875,23898.349609375,0,0.0,0.0
2026-09-03 15:00:00+05:30,23897.349609375,23904.400390625,23888.5,23889.69921875,0,0.0,0.0
2026-09-03 15:05:00+05:30,23889.80078125,23890.19921875,23877.55078125,23887.94921875,0,0.0,0.0
2026-09-03 15:10:00+05:30,23887.5,23915.150390625,23886.400390625,23904.849609375,0,0.0,0.0
2026-09-03 15:15:00+05:30,23903.900390625,23904.099609375,23903.900390625,23904.099609375,0,0.0,0.0
2026-09-03 15:20:00+05:30,23904.099609375,23904.099609375,23904.099609375,23904.099609375,0,0.0,0.0
2026-09-03 15:25:00+05:30,23904.099609375,23904.099609375,23873.44921875,23873.44921875,0,0.0,0.0
2026-09-04 09:15:00+05:30,23915.44921875,23948.349609375,23903.150390625,23927.19921875,0,0.0,0.0
2026-09-04 09:20:00+05:30,23928.099609375,23931.30078125,23910.05078125,23915.30078125,0,0.0,0.0
2026-09-04 09:25:00+05:30,23916.55078125,23923.349609375,23900.19921875,23908.349609375,0,0.0,0.0
2026-09-04 09:30:00+05:30,23908.69921875,23916.30078125,23898.349609375,23907.19921875,0,0.0,0.0
2026-09-04 09:35:00+05:30,23907.349609375,23908.94921875,23896.0,23904.0,0,0.0,0.0
2026-09-04 09:40:00+05:30,23904.05078125,23913.900390625,23903.400390625,23910.55078125,0,0.0,0.0
2026-09-04 09:45:00+05:30,23912.5,23929.650390625,23910.599609375,23925.44921875,0,0.0,0.0
2026-09-04 09:50:00+05:30,23926.25,23947.55078125,23925.19921875,23945.150390625,0,0.0,0.0
2026-09-04 09:55:00+05:30,23946.0,23954.900390625,23945.94921875,23948.400390625,0,0.0,0.0
2026-09-04 10:00:00+05:30,23948.69921875,23962.44921875,23947.150390625,23959.30078125,0,0.0,0.0
2026-09-04 10:05:00+05:30,23959.05078125,23961.19921875,23945.5,23945.900390625,0,0.0,0.0
2026-09-04 10:10:00+05:30,23948.25,23948.5,23936.05078125,23939.44921875,0,0.0,0.0
2026-09-04 10:15:00+05:30,23939.55078125,23952.69921875,23936.44921875,23946.150390625,0,0.0,0.0
2026-09-04 10:20:00+05:30,23946.099609375,23956.400390625,23945.849609375,23951.849609375,0,0.0,0.0
2026-09-04 10:25:00+05:30,23952.349609375,23964.69921875,23951.400390625,23963.80078125,0,0.0,0.0
2026-09-04 10:30:00+05:30,23964.349609375,23971.150390625,23959.849609375,23959.94921875,0,0.0,0.0
2026-09-04 10:35:00+05:30,23960.80078125,23964.44921875,23952.849609375,23960.599609375,0,0.0,0.0
2026-09-04 10:40:00+05:30,23961.30078125,23963.849609375,23952.44921875,23953.19921875,0,0.0,0.0
2026-09-04 10:45:00+05:30,23954.19921875,23960.75,23951.80078125,23959.150390625,0,0.0,0.0
2026-09-04 10:50:00+05:30,23959.30078125,23965.19921875,23955.349609375,23963.05078125,0,0.0,0.0
2026-09-04 10:55:00+05:30,23964.30078125,23967.25,23959.849609375,23967.05078125,0,0.0,0.0
2026-09-04 11:00:00+05:30,23967.30078125,23971.900390625,23959.19921875,23965.349609375,0,0.0,0.0
2026-09-04 11:05:00+05:30,23966.849609375,23974.05078125,23961.80078125,23971.650390625,0,0.0,0.0
2026-09-04 11:10:00+05:30,23972.69921875,23975.75,23962.94921875,23965.05078125,0,0.0,0.0
2026-09-04 11:15:00+05:30,23965.25,23974.94921875,23960.94921875,23974.69921875,0,0.0,0.0
2026-09-04 11:20:00+05:30,23975.25,23987.69921875,23971.19921875,23979.900390625,0,0.0,0.0
2026-09-04 11:25:00+05:30,23980.400390625,23989.55078125,23977.349609375,23982.150390625,0,0.0,0.0
2026-09-04 11:30:00+05:30,23982.849609375,23989.94921875,23982.75,23987.599609375,0,0.0,0.0
2026-09-04 11:35:00+05:30,23987.599609375,24004.849609375,23984.849609375,23999.05078125,0,0.0,0.0
2026-09-04 11:40:00+05:30,24001.30078125,24004.19921875,23980.30078125,23981.5,0,0.0,0.0
2026-09-04 11:45:00+05:30,23981.849609375,23987.75,23978.099609375,23984.150390625,0,0.0,0.0
2026-09-04 11:50:00+05:30,23984.44921875,23991.75,23982.30078125,23985.25,0,0.0,0.0
2026-09-04 11:55:00+05:30,23986.0,23988.650390625,23977.349609375,23978.650390625,0,0.0,0.0
2026-09-04 12:00:00+05:30,23979.69921875,23979.69921875,23958.69921875,23959.099609375,0,0.0,0.0
2026-09-04 12:05:00+05:30,23959.30078125,23966.650390625,23957.05078125,23964.5,0,0.0,0.0
2026-09-04 12:10:00+05:30,23965.30078125,23965.69921875,23946.80078125,23952.849609375,0,0.0,0.0
2026-09-04 12:15:00+05:30,23951.69921875,23954.349609375,23943.150390625,23948.55078125,0,0.0,0.0
2026-09-04 12:20:00+05:30,23948.349609375,23949.599609375,23940.400390625,23940.5,0,0.0,0.0
2026-09-04 12:25:00+05:30,23941.30078125,23951.55078125,23937.55078125,23947.0,0,0.0,0.0
2026-09-04 12:30:00+05:30,23948.55078125,23950.400390625,23942.19921875,23944.94921875,0,0.0,0.0
2026-09-04 12:35:00+05:30,23947.19921875,23947.5,23937.150390625,23942.30078125,0,0.0,0.0
2026-09-04 12:40:00+05:30,23944.30078125,23946.69921875,23938.0,23938.599609375,0,0.0,0.0
2026-09-04 12:45:00+05:30,23940.150390625,23942.80078125,23934.80078125,23940.400390625,0,0.0,0.0
2026-09-04 12:50:00+05:30,23942.30078125,23946.69921875,23938.400390625,23942.25,0,0.0,0.0
2026-09-04 12:55:00+05:30,23944.05078125,23944.05078125,23927.25,23935.099609375,0,0.0,0.0
2026-09-04 13:00:00+05:30,23936.94921875,23941.75,23933.55078125,23935.30078125,0,0.0,0.0
2026-09-04 13:05:00+05:30,23936.69921875,23944.599609375,23933.650390625,23943.75,0,0.0,0.0
2026-09-04 13:10:00+05:30,23945.900390625,23952.650390625,23943.25,23946.349609375,0,0.0,0.0
2026-09-04 13:15:00+05:30,23948.44921875,23957.900390625,23945.0,23951.099609375,0,0.0,0.0
2026-09-04 13:20:00+05:30,23952.650390625,23956.05078125,23947.94921875,23953.400390625,0,0.0,0.0
2026-09-04 13:25:00+05:30,23956.19921875,23956.19921875,23935.650390625,23939.400390625,0,0.0,0.0
2026-09-04 13:30:00+05:30,23940.900390625,23941.75,23931.650390625,23933.69921875,0,0.0,0.0
2026-09-04 13:35:00+05:30,23935.0,23943.349609375,23933.5,23942.19921875,0,0.0,0.0
2026-09-04 13:40:00+05:30,23944.19921875,23951.69921875,23936.69921875,23944.349609375,0,0.0,0.0
2026-09-04 13:45:00+05:30,23946.400390625,23953.75,23944.30078125,23948.75,0,0.0,0.0
2026-09-04 13:50:00+05:30,23950.900390625,23950.900390625,23937.099609375,23941.599609375,0,0.0,0.0
2026-09-04 13:55:00+05:30,23942.849609375,23946.69921875,23938.400390625,23939.150390625,0,0.0,0.0
2026-09-04 14:00:00+05:30,23942.19921875,23946.25,23938.650390625,23943.150390625,0,0.0,0.0
2026-09-04 14:05:00+05:30,23945.099609375,23950.0,23940.19921875,23942.80078125,0,0.0,0.0
2026-09-04 14:10:00+05:30,23944.900390625,23951.30078125,23942.44921875,23948.19921875,0,0.0,0.0
2026-09-04 14:15:00+05:30,23950.05078125,23950.05078125,23942.099609375,23946.349609375,0,0.0,0.0
2026-09-04 14:20:00+05:30,23947.19921875,23954.0,23943.80078125,23947.44921875,0,0.0,0.0
2026-09-04 14:25:00+05:30,23950.75,23961.099609375,23947.150390625,23957.599609375,0,0.0,0.0
2026-09-04 14:30:00+05:30,23958.94921875,23966.349609375,23956.349609375,23956.349609375,0,0.0,0.0
2026-09-04 14:35:00+05:30,23958.349609375,23960.44921875,23939.400390625,23941.650390625,0,0.0,0.0
2026-09-04 14:40:00+05:30,23943.44921875,23948.25,23937.05078125,23937.25,0,0.0,0.0
2026-09-04 14:45:00+05:30,23937.69921875,23940.849609375,23934.0,23939.94921875,0,0.0,0.0
2026-09-04 14:50:00+05:30,23939.94921875,23944.75,23934.349609375,23940.55078125,0,0.0,0.0
2026-09-04 14:55:00+05:30,23941.25,23943.30078125,23935.099609375,23938.099609375,0,0.0,0.0
2026-09-04 15:00:00+05:30,23936.80078125,23942.94921875,23929.599609375,23931.0,0,0.0,0.0
2026-09-04 15:05:00+05:30,23930.0,23940.05078125,23928.75,23938.599609375,0,0.0,0.0
2026-09-04 15:10:00+05:30,23937.0,23944.400390625,23928.25,23938.400390625,0,0.0,0.0
2026-09-04 15:15:00+05:30,23937.900390625,23937.900390625,23937.900390625,23937.900390625,0,0.0,0.0
2026-09-04 15:20:00+05:30,23937.900390625,23937.900390625,23937.900390625,23937.900390625,0,0.0,0.0
2026-09-04 15:25:00+05:30,23937.900390625,23937.900390625,23897.69921875,23897.69921875,0,0.0,0.0
2026-09-07 09:15:00+05:30,23881.900390625,23888.80078125,23819.150390625,23858.80078125,0,0.0,0.0
2026-09-07 09:20:00+05:30,23859.349609375,23861.30078125,23838.25,23838.25,0,0.0,0.0
2026-09-07 09:25:00+05:30,23841.75,23841.75,23826.650390625,23828.650390625,0,0.0,0.0
2026-09-07 09:30:00+05:30,23830.94921875,23841.05078125,23828.25,23839.19921875,0,0.0,0.0
2026-09-07 09:35:00+05:30,23840.5,23845.0,23833.849609375,23838.0,0,0.0,0.0
2026-09-07 09:40:00+05:30,23839.25,23845.650390625,23833.5,23835.849609375,0,0.0,0.0
2026-09-07 09:45:00+05:30,23837.650390625,23841.80078125,23827.69921875,23829.25,0,0.0,0.0
2026-09-07 09:50:00+05:30,23830.44921875,23833.30078125,23815.0,23817.150390625,0,0.0,0.0
2026-09-07 09:55:00+05:30,23818.150390625,23827.80078125,23810.349609375,23815.94921875,0,0.0,0.0
2026-09-07 10:00:00+05:30,23817.05078125,23827.05078125,23812.099609375,23822.150390625,0,0.0,0.0
2026-09-07 10:05:00+05:30,23823.55078125,23823.55078125,23816.150390625,23816.94921875,0,0.0,0.0
2026-09-07 10:10:00+05:30,23819.44921875,23820.650390625,23806.19921875,23806.44921875,0,0.0,0.0
2026-09-07 10:15:00+05:30,23808.099609375,23811.150390625,23789.5,23796.55078125,0,0.0,0.0
2026-09-07 10:20:00+05:30,23797.75,23809.44921875,23795.69921875,23801.599609375,0,0.0,0.0
2026-09-07 10:25:00+05:30,23802.400390625,23806.0,23798.400390625,23799.599609375,0,0.0,0.0
2026-09-07 10:30:00+05:30,23801.099609375,23805.44921875,23798.5,23799.099609375,0,0.0,0.0
2026-09-07 10:35:00+05:30,23800.849609375,23804.05078125,23795.099609375,23799.150390625,0,0.0,0.0
2026-09-07 10:40:00+05:30,23800.69921875,23802.80078125,23796.099609375,23802.05078125,0,0.0,0.0
2026-09-07 10:45:00+05:30,23803.05078125,23803.900390625,23791.75,23794.30078125,0,0.0,0.0
2026-09-07 10:50:00+05:30,23795.69921875,23799.80078125,23788.05078125,23789.0,0,0.0,0.0
2026-09-07 10:55:00+05:30,23790.599609375,23795.349609375,23785.69921875,23788.150390625,0,0.0,0.0
2026-09-07 11:00:00+05:30,23789.19921875,23789.19921875,23772.30078125,23774.099609375,0,0.0,0.0
2026-09-07 11:05:00+05:30,23775.349609375,23778.25,23768.80078125,23770.19921875,0,0.0,0.0
2026-09-07 11:10:00+05:30,23771.19921875,23775.150390625,23764.05078125,23768.30078125,0,0.0,0.0
2026-09-07 11:15:00+05:30,23770.25,23772.05078125,23762.94921875,23769.30078125,0,0.0,0.0
2026-09-07 11:20:00+05:30,23769.5,23777.650390625,23766.94921875,23770.30078125,0,0.0,0.0
2026-09-07 11:25:00+05:30,23770.94921875,23771.44921875,23764.44921875,23766.599609375,0,0.0,0.0
2026-09-07 11:30:00+05:30,23767.5,23772.25,23764.25,23767.150390625,0,0.0,0.0
2026-09-07 11:35:00+05:30,23768.25,23768.30078125,23762.44921875,23764.5,0,0.0,0.0
2026-09-07 11:40:00+05:30,23765.05078125,23773.099609375,23757.80078125,23771.900390625,0,0.0,0.0
2026-09-07 11:45:00+05:30,23773.75,23775.0,23767.900390625,23768.849609375,0,0.0,0.0
2026-09-07 11:50:00+05:30,23771.849609375,23779.349609375,23768.5,23775.5,0,0.0,0.0
2026-09-07 11:55:00+05:30,23777.150390625,23777.19921875,23770.30078125,23774.75,0,0.0,0.0
2026-09-07 12:00:00+05:30,23776.099609375,23777.0,23769.25,23774.80078125,0,0.0,0.0
2026-09-07 12:05:00+05:30,23776.25,23788.75,23771.44921875,23787.099609375,0,0.0,0.0
2026-09-07 12:10:00+05:30,23787.75,23787.75,23778.400390625,23785.94921875,0,0.0,0.0
2026-09-07 12:15:00+05:30,23786.69921875,23788.400390625,23767.5,23769.400390625,0,0.0,0.0
2026-09-07 12:20:00+05:30,23769.30078125,23772.80078125,23763.849609375,23767.849609375,0,0.0,0.0
2026-09-07 12:25:00+05:30,23768.150390625,23768.55078125,23759.80078125,23761.400390625,0,0.0,0.0
2026-09-07 12:30:00+05:30,23761.900390625,23764.0,23752.900390625,23761.400390625,0,0.0,0.0
2026-09-07 12:35:00+05:30,23762.099609375,23768.150390625,23751.900390625,23761.0,0,0.0,0.0
2026-09-07 12:40:00+05:30,23762.44921875,23764.0,23755.44921875,23758.400390625,0,0.0,0.0
2026-09-07 12:45:00+05:30,23760.44921875,23760.44921875,23750.80078125,23752.75,0,0.0,0.0
2026-09-07 12:50:00+05:30,23753.849609375,23753.849609375,23739.69921875,23744.650390625,0,0.0,0.0
2026-09-07 12:55:00+05:30,23744.69921875,23746.75,23739.30078125,23744.44921875,0,0.0,0.0
2026-09-07 13:00:00+05:30,23744.80078125,23750.349609375,23741.05078125,23746.25,0,0.0,0.0
2026-09-07 13:05:00+05:30,23747.25,23755.900390625,23745.69921875,23751.400390625,0,0.0,0.0
2026-09-07 13:10:00+05:30,23753.19921875,23754.900390625,23749.19921875,23750.150390625,0,0.0,0.0
2026-09-07 13:15:00+05:30,23751.349609375,23757.5,23747.30078125,23754.05078125,0,0.0,0.0
2026-09-07 13:20:00+05:30,23755.25,23761.150390625,23754.150390625,23756.55078125,0,0.0,0.0
2026-09-07 13:25:00+05:30,23759.150390625,23763.75,23755.349609375,23756.849609375,0,0.0,0.0
2026-09-07 13:30:00+05:30,23758.0,23758.30078125,23751.0,23756.099609375,0,0.0,0.0
2026-09-07 13:35:00+05:30,23757.650390625,23765.349609375,23752.849609375,23759.94921875,0,0.0,0.0
2026-09-07 13:40:00+05:30,23761.30078125,23763.19921875,23757.150390625,23761.80078125,0,0.0,0.0
2026-09-07 13:45:00+05:30,23763.5,23770.0,23759.44921875,23765.94921875,0,0.0,0.0
2026-09-07 13:50:00+05:30,23767.650390625,23781.5,23764.099609375,23778.19921875,0,0.0,0.0
2026-09-07 13:55:00+05:30,23780.05078125,23781.69921875,23774.849609375,23775.05078125,0,0.0,0.0
2026-09-07 14:00:00+05:30,23777.650390625,23784.5,23775.5,23780.150390625,0,0.0,0.0
2026-09-07 14:05:00+05:30,23781.150390625,23781.900390625,23767.5,23771.80078125,0,0.0,0.0
2026-09-07 14:10:00+05:30,23773.400390625,23777.0,23772.099609375,23774.05078125,0,0.0,0.0
2026-09-07 14:15:00+05:30,23776.0,23778.849609375,23768.94921875,23771.69921875,0,0.0,0.0
2026-09-07 14:20:00+05:30,23773.05078125,23782.44921875,23771.900390625,23780.19921875,0,0.0,0.0
2026-09-07 14:25:00+05:30,23781.0,23786.650390625,23779.349609375,23784.150390625,0,0.0,0.0
2026-09-07 14:30:00+05:30,23784.900390625,23786.80078125,23773.30078125,23774.25,0,0.0,0.0
2026-09-07 14:35:00+05:30,23776.80078125,23779.69921875,23765.75,23766.5,0,0.0,0.0
2026-09-07 14:40:00+05:30,23767.19921875,23767.19921875,23758.30078125,23758.69921875,0,0.0,0.0
2026-09-07 14:45:00+05:30,23759.150390625,23759.349609375,23754.0,23754.400390625,0,0.0,0.0
2026-09-07 14:50:00+05:30,23757.349609375,23765.5,23748.849609375,23750.599609375,0,0.0,0.0
2026-09-07 14:55:00+05:30,23751.400390625,23756.55078125,23745.650390625,23749.400390625,0,0.0,0.0
2026-09-07 15:00:00+05:30,23749.349609375,23757.349609375,23742.849609375,23750.150390625,0,0.0,0.0
2026-09-07 15:05:00+05:30,23749.94921875,23752.099609375,23738.05078125,23740.69921875,0,0.0,0.0
2026-09-07 15:10:00+05:30,23741.55078125,23765.69921875,23740.19921875,23759.400390625,0,0.0,0.0
2026-09-07 15:15:00+05:30,23760.30078125,23760.30078125,23760.30078125,23760.30078125,0,0.0,0.0
2026-09-07 15:20:00+05:30,23760.30078125,23760.30078125,23760.30078125,23760.30078125,0,0.0,0.0
2026-09-07 15:25:00+05:30,23760.30078125,23779.150390625,23760.30078125,23779.150390625,0,0.0,0.0
2026-09-08 09:15:00+05:30,23746.75,23755.599609375,23680.80078125,23694.150390625,0,0.0,0.0
2026-09-08 09:20:00+05:30,23693.599609375,23695.400390625,23679.099609375,23679.5,0,0.0,0.0
2026-09-08 09:25:00+05:30,23680.599609375,23685.05078125,23669.69921875,23672.5,0,0.0,0.0
2026-09-08 09:30:00+05:30,23670.849609375,23680.05078125,23669.849609375,23676.0,0,0.0,0.0
2026-09-08 09:35:00+05:30,23676.400390625,23692.44921875,23674.599609375,23686.69921875,0,0.0,0.0
2026-09-08 09:40:00+05:30,23688.30078125,23690.69921875,23669.650390625,23674.349609375,0,0.0,0.0
2026-09-08 09:45:00+05:30,23673.900390625,23689.44921875,23671.849609375,23686.44921875,0,0.0,0.0
2026-09-08 09:50:00+05:30,23687.19921875,23691.599609375,23674.5,23678.55078125,0,0.0,0.0
2026-09-08 09:55:00+05:30,23679.55078125,23679.599609375,23664.849609375,23666.94921875,0,0.0,0.0
2026-09-08 10:00:00+05:30,23666.94921875,23674.849609375,23659.150390625,23659.69921875,0,0.0,0.0
2026-09-08 10:05:00+05:30,23661.30078125,23683.25,23657.19921875,23681.650390625,0,0.0,0.0
2026-09-08 10:10:00+05:30,23681.849609375,23708.5,23678.849609375,23707.900390625,0,0.0,0.0
2026-09-08 10:15:00+05:30,23708.75,23717.25,23695.349609375,23703.650390625,0,0.0,0.0
2026-09-08 10:20:00+05:30,23704.650390625,23708.849609375,23696.19921875,23698.25,0,0.0,0.0
2026-09-08 10:25:00+05:30,23699.099609375,23700.599609375,23686.599609375,23693.900390625,0,0.0,0.0
2026-09-08 10:30:00+05:30,23694.599609375,23701.599609375,23687.94921875,23692.349609375,0,0.0,0.0
2026-09-08 10:35:00+05:30,23693.0,23693.0,23669.19921875,23671.849609375,0,0.0,0.0
2026-09-08 10:40:00+05:30,23673.0,23674.0,23667.75,23669.30078125,0,0.0,0.0
2026-09-08 10:45:00+05:30,23669.80078125,23692.150390625,23669.55078125,23689.25,0,0.0,0.0
2026-09-08 10:50:00+05:30,23690.19921875,23698.599609375,23681.69921875,23682.349609375,0,0.0,0.0
2026-09-08 10:55:00+05:30,23683.0,23683.30078125,23669.30078125,23670.349609375,0,0.0,0.0
2026-09-08 11:00:00+05:30,23671.05078125,23671.75,23662.5,23662.599609375,0,0.0,0.0
2026-09-08 11:05:00+05:30,23663.349609375,23680.400390625,23662.099609375,23676.30078125,0,0.0,0.0
2026-09-08 11:10:00+05:30,23676.900390625,23681.099609375,23670.0,23677.650390625,0,0.0,0.0
2026-09-08 11:15:00+05:30,23678.25,23685.30078125,23671.30078125,23684.349609375,0,0.0,0.0
2026-09-08 11:20:00+05:30,23685.0,23685.0,23670.650390625,23672.55078125,0,0.0,0.0
2026-09-08 11:25:00+05:30,23673.150390625,23687.599609375,23670.94921875,23672.900390625,0,0.0,0.0
2026-09-08 11:30:00+05:30,23673.849609375,23680.69921875,23663.69921875,23667.55078125,0,0.0,0.0
2026-09-08 11:35:00+05:30,23669.25,23674.5,23666.75,23672.25,0,0.0,0.0
2026-09-08 11:40:00+05:30,23674.0,23676.80078125,23667.900390625,23673.349609375,0,0.0,0.0
2026-09-08 11:45:00+05:30,23673.30078125,23677.19921875,23661.44921875,23662.849609375,0,0.0,0.0
2026-09-08 11:50:00+05:30,23663.599609375,23671.44921875,23653.19921875,23668.75,0,0.0,0.0
2026-09-08 11:55:00+05:30,23669.099609375,23670.5,23653.55078125,23657.25,0,0.0,0.0
2026-09-08 12:00:00+05:30,23658.0,23658.55078125,23648.80078125,23649.099609375,0,0.0,0.0
2026-09-08 12:05:00+05:30,23649.650390625,23649.650390625,23638.19921875,23644.349609375,0,0.0,0.0
2026-09-08 12:10:00+05:30,23645.25,23654.05078125,23643.44921875,23649.69921875,0,0.0,0.0
2026-09-08 12:15:00+05:30,23650.599609375,23654.650390625,23644.19921875,23651.69921875,0,0.0,0.0
2026-09-08 12:20:00+05:30,23652.30078125,23661.44921875,23647.400390625,23658.849609375,0,0.0,0.0
2026-09-08 12:25:00+05:30,23659.44921875,23663.0,23654.30078125,23662.599609375,0,0.0,0.0
2026-09-08 12:30:00+05:30,23662.94921875,23669.19921875,23657.30078125,23663.80078125,0,0.0,0.0
2026-09-08 12:35:00+05:30,23665.0,23675.099609375,23663.80078125,23667.94921875,0,0.0,0.0
2026-09-08 12:40:00+05:30,23668.900390625,23671.650390625,23659.94921875,23660.650390625,0,0.0,0.0
2026-09-08 12:45:00+05:30,23660.80078125,23660.80078125,23649.400390625,23654.75,0,0.0,0.0
2026-09-08 12:50:00+05:30,23654.650390625,23657.75,23648.349609375,23656.599609375,0,0.0,0.0
2026-09-08 12:55:00+05:30,23656.55078125,23663.849609375,23654.900390625,23655.099609375,0,0.0,0.0
2026-09-08 13:00:00+05:30,23655.75,23660.80078125,23649.400390625,23650.44921875,0,0.0,0.0
2026-09-08 13:05:00+05:30,23651.25,23656.599609375,23649.150390625,23653.599609375,0,0.0,0.0
2026-09-08 13:10:00+05:30,23654.80078125,23662.25,23651.5,23661.30078125,0,0.0,0.0
2026-09-08 13:15:00+05:30,23661.69921875,23662.849609375,23652.5,23655.599609375,0,0.0,0.0
2026-09-08 13:20:00+05:30,23656.900390625,23658.150390625,23651.05078125,23652.75,0,0.0,0.0
2026-09-08 13:25:00+05:30,23653.69921875,23653.849609375,23645.599609375,23647.05078125,0,0.0,0.0
2026-09-08 13:30:00+05:30,23648.44921875,23651.30078125,23638.650390625,23642.650390625,0,0.0,0.0
2026-09-08 13:35:00+05:30,23643.650390625,23653.94921875,23641.150390625,23644.849609375,0,0.0,0.0
2026-09-08 13:40:00+05:30,23644.55078125,23650.099609375,23638.099609375,23638.55078125,0,0.0,0.0
2026-09-08 13:45:00+05:30,23640.25,23645.650390625,23636.099609375,23639.75,0,0.0,0.0
2026-09-08 13:50:00+05:30,23641.5,23642.5,23623.25,23631.69921875,0,0.0,0.0
2026-09-08 13:55:00+05:30,23632.25,23637.69921875,23631.05078125,23633.75,0,0.0,0.0
2026-09-08 14:00:00+05:30,23634.80078125,23646.5,23633.0,23644.849609375,0,0.0,0.0
2026-09-08 14:05:00+05:30,23645.55078125,23656.650390625,23643.55078125,23648.150390625,0,0.0,0.0
2026-09-08 14:10:00+05:30,23649.55078125,23656.900390625,23646.0,23649.099609375,0,0.0,0.0
2026-09-08 14:15:00+05:30,23649.900390625,23659.25,23646.69921875,23653.19921875,0,0.0,0.0
2026-09-08 14:20:00+05:30,23654.150390625,23656.80078125,23648.599609375,23650.599609375,0,0.0,0.0
2026-09-08 14:25:00+05:30,23651.650390625,23656.150390625,23642.69921875,23654.0,0,0.0,0.0
2026-09-08 14:30:00+05:30,23654.94921875,23658.30078125,23648.30078125,23656.650390625,0,0.0,0.0
2026-09-08 14:35:00+05:30,23657.19921875,23658.849609375,23645.849609375,23649.0,0,0.0,0.0
2026-09-08 14:40:00+05:30,23649.400390625,23654.75,23645.5,23648.150390625,0,0.0,0.0
2026-09-08 14:45:00+05:30,23648.69921875,23649.19921875,23640.650390625,23641.30078125,0,0.0,0.0
2026-09-08 14:50:00+05:30,23642.80078125,23647.849609375,23637.5,23647.849609375,0,0.0,0.0
2026-09-08 14:55:00+05:30,23647.400390625,23648.30078125,23638.25,23644.55078125,0,0.0,0.0
2026-09-08 15:00:00+05:30,23642.75,23649.55078125,23638.75,23642.25,0,0.0,0.0
2026-09-08 15:05:00+05:30,23642.25,23647.30078125,23637.0,23647.30078125,0,0.0,0.0
2026-09-08 15:10:00+05:30,23646.0,23659.30078125,23634.099609375,23641.099609375,0,0.0,0.0
2026-09-08 15:15:00+05:30,23640.05078125,23640.05078125,23640.05078125,23640.05078125,0,0.0,0.0
2026-09-08 15:20:00+05:30,23640.05078125,23640.05078125,23640.05078125,23640.05078125,0,0.0,0.0
2026-09-08 15:25:00+05:30,23640.05078125,23640.05078125,23635.099609375,23635.099609375,0,0.0,0.0
2026-09-09 09:15:00+05:30,23522.05078125,23531.80078125,23478.94921875,23500.44921875,0,0.0,0.0
2026-09-09 09:20:00+05:30,23500.349609375,23515.0,23493.80078125,23512.400390625,0,0.0,0.0
2026-09-09 09:25:00+05:30,23511.80078125,23521.75,23503.94921875,23509.400390625,0,0.0,0.0
2026-09-09 09:30:00+05:30,23510.849609375,23518.19921875,23506.19921875,23515.900390625,0,0.0,0.0
2026-09-09 09:35:00+05:30,23515.099609375,23531.25,23506.599609375,23526.25,0,0.0,0.0
2026-09-09 09:40:00+05:30,23527.599609375,23533.44921875,23524.349609375,23525.44921875,0,0.0,0.0
2026-09-09 09:45:00+05:30,23526.599609375,23527.75,23497.5,23499.19921875,0,0.0,0.0
2026-09-09 09:50:00+05:30,23498.55078125,23500.900390625,23488.400390625,23497.400390625,0,0.0,0.0
2026-09-09 09:55:00+05:30,23498.0,23498.80078125,23484.400390625,23488.69921875,0,0.0,0.0
2026-09-09 10:00:00+05:30,23488.849609375,23491.0,23468.80078125,23480.0,0,0.0,0.0
2026-09-09 10:05:00+05:30,23479.80078125,23481.349609375,23468.400390625,23475.599609375,0,0.0,0.0
2026-09-09 10:10:00+05:30,23475.80078125,23487.19921875,23467.099609375,23485.400390625,0,0.0,0.0
2026-09-09 10:15:00+05:30,23484.849609375,23519.849609375,23484.69921875,23516.80078125,0,0.0,0.0
2026-09-09 10:20:00+05:30,23518.25,23549.0,23515.55078125,23538.25,0,0.0,0.0
2026-09-09 10:25:00+05:30,23537.80078125,23541.650390625,23533.099609375,23539.5,0,0.0,0.0
2026-09-09 10:30:00+05:30,23539.650390625,23545.44921875,23525.5,23525.80078125,0,0.0,0.0
2026-09-09 10:35:00+05:30,23525.80078125,23527.19921875,23505.849609375,23511.55078125,0,0.0,0.0
2026-09-09 10:40:00+05:30,23512.05078125,23512.349609375,23501.599609375,23509.849609375,0,0.0,0.0
2026-09-09 10:45:00+05:30,23509.75,23525.19921875,23507.849609375,23518.80078125,0,0.0,0.0
2026-09-09 10:50:00+05:30,23518.349609375,23523.80078125,23514.349609375,23523.150390625,0,0.0,0.0
2026-09-09 10:55:00+05:30,23525.25,23537.150390625,23523.94921875,23535.599609375,0,0.0,0.0
2026-09-09 11:00:00+05:30,23536.650390625,23543.69921875,23533.150390625,23536.80078125,0,0.0,0.0
2026-09-09 11:05:00+05:30,23536.94921875,23537.30078125,23527.5,23530.650390625,0,0.0,0.0
2026-09-09 11:10:00+05:30,23531.599609375,23533.19921875,23524.0,23524.94921875,0,0.0,0.0
2026-09-09 11:15:00+05:30,23527.0,23530.94921875,23518.0,23526.0,0,0.0,0.0
2026-09-09 11:20:00+05:30,23526.94921875,23531.400390625,23514.05078125,23517.30078125,0,0.0,0.0
2026-09-09 11:25:00+05:30,23517.05078125,23522.80078125,23512.599609375,23517.5,0,0.0,0.0
2026-09-09 11:30:00+05:30,23517.099609375,23520.5,23514.650390625,23515.44921875,0,0.0,0.0
2026-09-09 11:35:00+05:30,23515.849609375,23520.099609375,23513.150390625,23516.80078125,0,0.0,0.0
2026-09-09 11:40:00+05:30,23517.19921875,23531.44921875,23516.599609375,23528.05078125,0,0.0,0.0
2026-09-09 11:45:00+05:30,23528.75,23532.349609375,23515.44921875,23517.30078125,0,0.0,0.0
2026-09-09 11:50:00+05:30,23517.0,23518.150390625,23502.19921875,23502.349609375,0,0.0,0.0
2026-09-09 11:55:00+05:30,23503.30078125,23503.849609375,23486.94921875,23488.19921875,0,0.0,0.0
2026-09-09 12:00:00+05:30,23488.5,23491.69921875,23477.150390625,23481.150390625,0,0.0,0.0
2026-09-09 12:05:00+05:30,23481.900390625,23484.30078125,23470.849609375,23474.900390625,0,0.0,0.0
2026-09-09 12:10:00+05:30,23474.94921875,23490.349609375,23472.80078125,23486.650390625,0,0.0,0.0
2026-09-09 12:15:00+05:30,23487.80078125,23489.44921875,23477.349609375,23479.25,0,0.0,0.0
2026-09-09 12:20:00+05:30,23479.19921875,23489.0,23477.05078125,23487.099609375,0,0.0,0.0
2026-09-09 12:25:00+05:30,23487.05078125,23511.099609375,23485.900390625,23510.75,0,0.0,0.0
2026-09-09 12:30:00+05:30,23510.599609375,23554.44921875,23510.599609375,23547.69921875,0,0.0,0.0
2026-09-09 12:35:00+05:30,23547.849609375,23564.599609375,23547.849609375,23557.44921875,0,0.0,0.0
2026-09-09 12:40:00+05:30,23557.44921875,23571.349609375,23552.80078125,23565.94921875,0,0.0,0.0
2026-09-09 12:45:00+05:30,23566.150390625,23568.650390625,23556.400390625,23558.900390625,0,0.0,0.0
2026-09-09 12:50:00+05:30,23560.0,23563.150390625,23545.55078125,23548.55078125,0,0.0,0.0
2026-09-09 12:55:00+05:30,23548.55078125,23567.25,23542.69921875,23566.0,0,0.0,0.0
2026-09-09 13:00:00+05:30,23566.19921875,23569.599609375,23544.44921875,23548.5,0,0.0,0.0
2026-09-09 13:05:00+05:30,23548.400390625,23561.349609375,23547.19921875,23549.80078125,0,0.0,0.0
2026-09-09 13:10:00+05:30,23549.099609375,23550.599609375,23537.150390625,23543.94921875,0,0.0,0.0
2026-09-09 13:15:00+05:30,23544.30078125,23545.150390625,23538.25,23541.099609375,0,0.0,0.0
2026-09-09 13:20:00+05:30,23541.900390625,23557.099609375,23536.94921875,23545.650390625,0,0.0,0.0
2026-09-09 13:25:00+05:30,23546.94921875,23560.05078125,23544.5,23558.55078125,0,0.0,0.0
2026-09-09 13:30:00+05:30,23558.44921875,23560.599609375,23542.44921875,23545.099609375,0,0.0,0.0
2026-09-09 13:35:00+05:30,23545.25,23558.099609375,23542.349609375,23555.400390625,0,0.0,0.0
2026-09-09 13:40:00+05:30,23556.5,23560.400390625,23552.75,23553.80078125,0,0.0,0.0
2026-09-09 13:45:00+05:30,23554.099609375,23557.099609375,23548.900390625,23553.5,0,0.0,0.0
2026-09-09 13:50:00+05:30,23554.0,23559.25,23543.25,23543.849609375,0,0.0,0.0
2026-09-09 13:55:00+05:30,23543.44921875,23552.19921875,23536.650390625,23551.75,0,0.0,0.0
2026-09-09 14:00:00+05:30,23551.94921875,23561.80078125,23550.94921875,23554.94921875,0,0.0,0.0
2026-09-09 14:05:00+05:30,23554.650390625,23568.30078125,23554.55078125,23555.650390625,0,0.0,0.0
2026-09-09 14:10:00+05:30,23554.55078125,23556.25,23537.69921875,23547.19921875,0,0.0,0.0
2026-09-09 14:15:00+05:30,23546.849609375,23548.75,23537.650390625,23543.44921875,0,0.0,0.0
2026-09-09 14:20:00+05:30,23543.05078125,23549.150390625,23538.150390625,23540.80078125,0,0.0,0.0
2026-09-09 14:25:00+05:30,23540.650390625,23544.150390625,23533.5,23536.099609375,0,0.0,0.0
2026-09-09 14:30:00+05:30,23535.650390625,23537.94921875,23510.94921875,23511.349609375,0,0.0,0.0
2026-09-09 14:35:00+05:30,23513.400390625,23516.599609375,23490.099609375,23493.849609375,0,0.0,0.0
2026-09-09 14:40:00+05:30,23492.849609375,23496.0,23485.849609375,23488.0,0,0.0,0.0
2026-09-09 14:45:00+05:30,23487.650390625,23489.80078125,23477.650390625,23487.400390625,0,0.0,0.0
2026-09-09 14:50:00+05:30,23487.400390625,23494.80078125,23483.69921875,23487.44921875,0,0.0,0.0
2026-09-09 14:55:00+05:30,23487.5,23491.349609375,23482.05078125,23486.099609375,0,0.0,0.0
2026-09-09 15:00:00+05:30,23486.0,23487.80078125,23461.400390625,23461.400390625,0,0.0,0.0
2026-09-09 15:05:00+05:30,23462.30078125,23470.69921875,23451.099609375,23470.349609375,0,0.0,0.0
2026-09-09 15:10:00+05:30,23470.0,23473.69921875,23458.5,23462.150390625,0,0.0,0.0
2026-09-09 15:15:00+05:30,23462.400390625,23462.44921875,23462.400390625,23462.44921875,0,0.0,0.0
2026-09-09 15:20:00+05:30,23462.44921875,23462.44921875,23462.44921875,23462.44921875,0,0.0,0.0
2026-09-09 15:25:00+05:30,23462.44921875,23462.44921875,23431.5,23431.5,0,0.0,0.0
2026-09-10 09:15:00+05:30,23446.599609375,23489.69921875,23431.55078125,23459.44921875,0,0.0,0.0
2026-09-10 09:20:00+05:30,23460.30078125,23463.19921875,23414.400390625,23428.400390625,0,0.0,0.0
2026-09-10 09:25:00+05:30,23428.599609375,23446.400390625,23419.5,23437.19921875,0,0.0,0.0
2026-09-10 09:30:00+05:30,23437.349609375,23440.650390625,23410.150390625,23432.44921875,0,0.0,0.0
2026-09-10 09:35:00+05:30,23432.0,23436.0,23416.05078125,23418.5,0,0.0,0.0
2026-09-10 09:40:00+05:30,23418.80078125,23434.69921875,23417.80078125,23422.80078125,0,0.0,0.0
2026-09-10 09:45:00+05:30,23422.599609375,23437.30078125,23421.650390625,23435.44921875,0,0.0,0.0
2026-09-10 09:50:00+05:30,23435.650390625,23451.599609375,23435.650390625,23442.44921875,0,0.0,0.0
2026-09-10 09:55:00+05:30,23442.30078125,23445.69921875,23424.80078125,23428.150390625,0,0.0,0.0
2026-09-10 10:00:00+05:30,23428.05078125,23430.19921875,23412.5,23422.94921875,0,0.0,0.0
2026-09-10 10:05:00+05:30,23422.650390625,23427.0,23404.5,23414.900390625,0,0.0,0.0
2026-09-10 10:10:00+05:30,23414.80078125,23417.0,23404.400390625,23411.400390625,0,0.0,0.0
2026-09-10 10:15:00+05:30,23413.599609375,23435.849609375,23412.349609375,23426.94921875,0,0.0,0.0
2026-09-10 10:20:00+05:30,23426.75,23430.400390625,23415.0,23424.30078125,0,0.0,0.0
2026-09-10 10:25:00+05:30,23424.25,23428.599609375,23420.69921875,23424.75,0,0.0,0.0
2026-09-10 10:30:00+05:30,23424.80078125,23430.849609375,23424.25,23427.849609375,0,0.0,0.0
2026-09-10 10:35:00+05:30,23428.150390625,23437.05078125,23426.099609375,23436.400390625,0,0.0,0.0
2026-09-10 10:40:00+05:30,23436.25,23448.150390625,23433.099609375,23448.0,0,0.0,0.0
2026-09-10 10:45:00+05:30,23448.400390625,23451.349609375,23423.599609375,23424.19921875,0,0.0,0.0
2026-09-10 10:50:00+05:30,23424.150390625,23426.19921875,23410.80078125,23411.0,0,0.0,0.0
2026-09-10 10:55:00+05:30,23410.80078125,23414.19921875,23403.19921875,23409.75,0,0.0,0.0
2026-09-10 11:00:00+05:30,23409.75,23422.30078125,23409.75,23417.400390625,0,0.0,0.0
2026-09-10 11:05:00+05:30,23417.44921875,23423.19921875,23409.849609375,23417.400390625,0,0.0,0.0
2026-09-10 11:10:00+05:30,23417.400390625,23439.099609375,23416.44921875,23439.099609375,0,0.0,0.0
2026-09-10 11:15:00+05:30,23438.94921875,23446.80078125,23435.30078125,23436.75,0,0.0,0.0
2026-09-10 11:20:00+05:30,23436.75,23438.099609375,23423.75,23433.849609375,0,0.0,0.0
2026-09-10 11:25:00+05:30,23433.05078125,23436.44921875,23424.80078125,23426.94921875,0,0.0,0.0
2026-09-10 11:30:00+05:30,23426.69921875,23439.05078125,23418.849609375,23420.44921875,0,0.0,0.0
2026-09-10 11:35:00+05:30,23420.75,23425.25,23412.05078125,23412.94921875,0,0.0,0.0
2026-09-10 11:40:00+05:30,23413.0,23421.849609375,23405.349609375,23421.55078125,0,0.0,0.0
2026-09-10 11:45:00+05:30,23421.55078125,23433.55078125,23420.30078125,23431.80078125,0,0.0,0.0
2026-09-10 11:50:00+05:30,23431.400390625,23435.5,23426.25,23432.05078125,0,0.0,0.0
2026-09-10 11:55:00+05:30,23432.55078125,23439.599609375,23422.0,23439.099609375,0,0.0,0.0
2026-09-10 12:00:00+05:30,23439.400390625,23449.400390625,23439.400390625,23446.94921875,0,0.0,0.0
2026-09-10 12:05:00+05:30,23447.0,23448.849609375,23437.099609375,23438.0,0,0.0,0.0
2026-09-10 12:10:00+05:30,23437.599609375,23464.849609375,23437.30078125,23458.44921875,0,0.0,0.0
2026-09-10 12:15:00+05:30,23458.19921875,23466.30078125,23458.19921875,23462.19921875,0,0.0,0.0
2026-09-10 12:20:00+05:30,23462.099609375,23473.900390625,23456.05078125,23458.099609375,0,0.0,0.0
2026-09-10 12:25:00+05:30,23457.349609375,23466.849609375,23456.349609375,23457.69921875,0,0.0,0.0
2026-09-10 12:30:00+05:30,23457.5,23460.30078125,23448.900390625,23450.349609375,0,0.0,0.0
2026-09-10 12:35:00+05:30,23450.400390625,23453.0,23439.69921875,23446.30078125,0,0.0,0.0
2026-09-10 12:40:00+05:30,23446.05078125,23462.0,23443.25,23458.599609375,0,0.0,0.0
2026-09-10 12:45:00+05:30,23458.849609375,23465.19921875,23448.94921875,23456.55078125,0,0.0,0.0
2026-09-10 12:50:00+05:30,23456.55078125,23461.900390625,23449.75,23452.25,0,0.0,0.0
2026-09-10 12:55:00+05:30,23452.69921875,23455.55078125,23437.05078125,23437.80078125,0,0.0,0.0
2026-09-10 13:00:00+05:30,23437.650390625,23442.80078125,23431.849609375,23438.0,0,0.0,0.0
2026-09-10 13:05:00+05:30,23437.849609375,23441.599609375,23423.150390625,23436.650390625,0,0.0,0.0
2026-09-10 13:10:00+05:30,23436.69921875,23448.44921875,23433.650390625,23448.44921875,0,0.0,0.0
2026-09-10 13:15:00+05:30,23447.30078125,23451.099609375,23434.55078125,23435.150390625,0,0.0,0.0
2026-09-10 13:20:00+05:30,23436.30078125,23443.30078125,23432.400390625,23440.19921875,0,0.0,0.0
2026-09-10 13:25:00+05:30,23440.400390625,23443.94921875,23428.69921875,23430.150390625,0,0.0,0.0
2026-09-10 13:30:00+05:30,23431.150390625,23435.349609375,23424.55078125,23428.5,0,0.0,0.0
2026-09-10 13:35:00+05:30,23428.599609375,23440.5,23427.150390625,23439.55078125,0,0.0,0.0
2026-09-10 13:40:00+05:30,23439.349609375,23446.349609375,23436.349609375,23440.05078125,0,0.0,0.0
2026-09-10 13:45:00+05:30,23440.0,23440.849609375,23428.05078125,23431.349609375,0,0.0,0.0
2026-09-10 13:50:00+05:30,23431.900390625,23437.650390625,23429.30078125,23431.150390625,0,0.0,0.0
2026-09-10 13:55:00+05:30,23431.19921875,23433.55078125,23423.05078125,23425.25,0,0.0,0.0
2026-09-10 14:00:00+05:30,23425.19921875,23430.150390625,23417.05078125,23417.55078125,0,0.0,0.0
2026-09-10 14:05:00+05:30,23417.900390625,23422.94921875,23413.80078125,23418.849609375,0,0.0,0.0
2026-09-10 14:10:00+05:30,23419.400390625,23421.80078125,23414.349609375,23417.94921875,0,0.0,0.0
2026-09-10 14:15:00+05:30,23417.900390625,23419.099609375,23406.5,23410.0,0,0.0,0.0
2026-09-10 14:20:00+05:30,23410.150390625,23425.849609375,23409.69921875,23424.69921875,0,0.0,0.0
2026-09-10 14:25:00+05:30,23425.349609375,23428.150390625,23411.650390625,23418.55078125,0,0.0,0.0
2026-09-10 14:30:00+05:30,23418.650390625,23421.44921875,23413.650390625,23416.099609375,0,0.0,0.0
2026-09-10 14:35:00+05:30,23416.349609375,23417.55078125,23404.5,23406.0,0,0.0,0.0
2026-09-10 14:40:00+05:30,23406.599609375,23416.44921875,23397.80078125,23414.349609375,0,0.0,0.0
2026-09-10 14:45:00+05:30,23414.69921875,23425.55078125,23413.900390625,23425.5,0,0.0,0.0
2026-09-10 14:50:00+05:30,23425.30078125,23433.349609375,23420.25,23424.44921875,0,0.0,0.0
2026-09-10 14:55:00+05:30,23424.30078125,23427.30078125,23409.44921875,23412.150390625,0,0.0,0.0
2026-09-10 15:00:00+05:30,23411.80078125,23412.25,23382.0,23391.599609375,0,0.0,0.0
2026-09-10 15:05:00+05:30,23392.599609375,23392.650390625,23380.650390625,23391.0,0,0.0,0.0
2026-09-10 15:10:00+05:30,23391.80078125,23396.75,23382.400390625,23389.400390625,0,0.0,0.0
2026-09-10 15:15:00+05:30,23389.25,23389.25,23389.25,23389.25,0,0.0,0.0
2026-09-10 15:20:00+05:30,23389.25,23389.25,23389.25,23389.25,0,0.0,0.0
2026-09-10 15:25:00+05:30,23389.25,23477.80078125,23389.25,23477.80078125,0,0.0,0.0
2026-09-11 09:15:00+05:30,23270.900390625,23270.900390625,23232.25,23258.599609375,0,0.0,0.0
2026-09-11 09:20:00+05:30,23259.0,23263.94921875,23248.349609375,23258.94921875,0,0.0,0.0
2026-09-11 09:25:00+05:30,23258.900390625,23266.0,23251.69921875,23258.25,0,0.0,0.0
2026-09-11 09:30:00+05:30,23258.400390625,23267.150390625,23238.25,23256.05078125,0,0.0,0.0
2026-09-11 09:35:00+05:30,23257.900390625,23267.25,23254.94921875,23259.150390625,0,0.0,0.0
2026-09-11 09:40:00+05:30,23259.599609375,23259.599609375,23239.150390625,23248.19921875,0,0.0,0.0
2026-09-11 09:45:00+05:30,23249.94921875,23254.099609375,23241.25,23246.55078125,0,0.0,0.0
2026-09-11 09:50:00+05:30,23247.80078125,23252.30078125,23242.30078125,23246.25,0,0.0,0.0
2026-09-11 09:55:00+05:30,23247.05078125,23263.349609375,23244.75,23259.25,0,0.0,0.0
2026-09-11 10:00:00+05:30,23259.900390625,23274.80078125,23257.30078125,23271.900390625,0,0.0,0.0
2026-09-11 10:05:00+05:30,23272.650390625,23285.55078125,23269.599609375,23284.69921875,0,0.0,0.0
2026-09-11 10:10:00+05:30,23285.599609375,23299.349609375,23280.349609375,23297.19921875,0,0.0,0.0
2026-09-11 10:15:00+05:30,23297.650390625,23297.650390625,23288.599609375,23292.5,0,0.0,0.0
2026-09-11 10:20:00+05:30,23293.69921875,23311.650390625,23290.099609375,23300.19921875,0,0.0,0.0
2026-09-11 10:25:00+05:30,23301.150390625,23301.150390625,23275.44921875,23275.44921875,0,0.0,0.0
2026-09-11 10:30:00+05:30,23276.80078125,23289.05078125,23272.599609375,23285.5,0,0.0,0.0
2026-09-11 10:35:00+05:30,23287.400390625,23298.19921875,23284.400390625,23293.80078125,0,0.0,0.0
2026-09-11 10:40:00+05:30,23294.30078125,23305.349609375,23290.80078125,23305.30078125,0,0.0,0.0
2026-09-11 10:45:00+05:30,23307.099609375,23313.25,23292.0,23296.650390625,0,0.0,0.0
2026-09-11 10:50:00+05:30,23297.30078125,23297.30078125,23280.55078125,23280.599609375,0,0.0,0.0
2026-09-11 10:55:00+05:30,23282.94921875,23283.150390625,23273.150390625,23278.75,0,0.0,0.0
2026-09-11 11:00:00+05:30,23280.25,23293.400390625,23278.80078125,23283.150390625,0,0.0,0.0
2026-09-11 11:05:00+05:30,23284.349609375,23299.55078125,23280.150390625,23297.94921875,0,0.0,0.0
2026-09-11 11:10:00+05:30,23298.75,23339.05078125,23296.349609375,23337.900390625,0,0.0,0.0
2026-09-11 11:15:00+05:30,23338.19921875,23352.94921875,23323.849609375,23342.0,0,0.0,0.0
2026-09-11 11:20:00+05:30,23343.349609375,23351.0,23333.400390625,23348.849609375,0,0.0,0.0
2026-09-11 11:25:00+05:30,23351.30078125,23352.650390625,23339.25,23341.849609375,0,0.0,0.0
2026-09-11 11:30:00+05:30,23342.30078125,23350.25,23333.55078125,23345.400390625,0,0.0,0.0
2026-09-11 11:35:00+05:30,23346.849609375,23353.55078125,23340.099609375,23344.650390625,0,0.0,0.0
2026-09-11 11:40:00+05:30,23345.55078125,23357.849609375,23343.44921875,23355.25,0,0.0,0.0
2026-09-11 11:45:00+05:30,23357.25,23360.400390625,23339.650390625,23341.5,0,0.0,0.0
2026-09-11 11:50:00+05:30,23343.30078125,23347.44921875,23334.75,23344.05078125,0,0.0,0.0
2026-09-11 11:55:00+05:30,23345.400390625,23353.44921875,23341.0,23352.30078125,0,0.0,0.0
2026-09-11 12:00:00+05:30,23354.0,23354.69921875,23344.75,23349.650390625,0,0.0,0.0
2026-09-11 12:05:00+05:30,23350.5,23352.5,23344.900390625,23346.599609375,0,0.0,0.0
2026-09-11 12:10:00+05:30,23348.0,23348.0,23323.75,23332.0,0,0.0,0.0
2026-09-11 12:15:00+05:30,23333.75,23341.900390625,23327.099609375,23339.650390625,0,0.0,0.0
2026-09-11 12:20:00+05:30,23341.19921875,23343.400390625,23330.25,23341.80078125,0,0.0,0.0
2026-09-11 12:25:00+05:30,23343.849609375,23344.19921875,23335.30078125,23337.150390625,0,0.0,0.0
2026-09-11 12:30:00+05:30,23338.5,23347.05078125,23335.69921875,23346.0,0,0.0,0.0
2026-09-11 12:35:00+05:30,23348.150390625,23355.55078125,23342.80078125,23346.0,0,0.0,0.0
2026-09-11 12:40:00+05:30,23348.19921875,23360.75,23343.150390625,23349.5,0,0.0,0.0
2026-09-11 12:45:00+05:30,23351.25,23351.25,23337.0,23342.55078125,0,0.0,0.0
2026-09-11 12:50:00+05:30,23344.150390625,23350.69921875,23336.69921875,23347.75,0,0.0,0.0
2026-09-11 12:55:00+05:30,23348.849609375,23358.650390625,23347.94921875,23353.900390625,0,0.0,0.0
2026-09-11 13:00:00+05:30,23355.150390625,23355.150390625,23331.150390625,23331.150390625,0,0.0,0.0
2026-09-11 13:05:00+05:30,23331.30078125,23337.0,23325.150390625,23328.150390625,0,0.0,0.0
2026-09-11 13:10:00+05:30,23329.94921875,23339.05078125,23320.69921875,23337.099609375,0,0.0,0.0
2026-09-11 13:15:00+05:30,23339.05078125,23339.75,23327.0,23328.5,0,0.0,0.0
2026-09-11 13:20:00+05:30,23330.650390625,23340.19921875,23325.150390625,23337.849609375,0,0.0,0.0
2026-09-11 13:25:00+05:30,23339.099609375,23356.30078125,23335.25,23352.69921875,0,0.0,0.0
2026-09-11 13:30:00+05:30,23353.44921875,23359.75,23346.94921875,23347.75,0,0.0,0.0
2026-09-11 13:35:00+05:30,23348.69921875,23348.69921875,23335.25,23337.69921875,0,0.0,0.0
2026-09-11 13:40:00+05:30,23339.650390625,23346.099609375,23314.0,23336.650390625,0,0.0,0.0
2026-09-11 13:45:00+05:30,23336.900390625,23340.150390625,23320.30078125,23338.849609375,0,0.0,0.0
2026-09-11 13:50:00+05:30,23339.900390625,23380.25,23338.19921875,23349.19921875,0,0.0,0.0
2026-09-11 13:55:00+05:30,23351.650390625,23390.19921875,23348.55078125,23386.150390625,0,0.0,0.0
2026-09-11 14:00:00+05:30,23385.849609375,23447.900390625,23383.30078125,23436.599609375,0,0.0,0.0
2026-09-11 14:05:00+05:30,23438.349609375,23438.80078125,23409.400390625,23415.75,0,0.0,0.0
2026-09-11 14:10:00+05:30,23417.099609375,23418.900390625,23407.25,23417.150390625,0,0.0,0.0
2026-09-11 14:15:00+05:30,23418.099609375,23418.650390625,23405.0,23406.05078125,0,0.0,0.0
2026-09-11 14:20:00+05:30,23406.94921875,23418.849609375,23403.30078125,23416.900390625,0,0.0,0.0
2026-09-11 14:25:00+05:30,23418.349609375,23427.099609375,23412.75,23424.400390625,0,0.0,0.0
2026-09-11 14:30:00+05:30,23426.150390625,23436.44921875,23420.25,23424.0,0,0.0,0.0
2026-09-11 14:35:00+05:30,23424.900390625,23440.55078125,23415.5,23428.400390625,0,0.0,0.0
2026-09-11 14:40:00+05:30,23429.55078125,23437.349609375,23422.75,23433.80078125,0,0.0,0.0
2026-09-11 14:45:00+05:30,23434.25,23434.94921875,23419.5,23424.69921875,0,0.0,0.0
2026-09-11 14:50:00+05:30,23425.849609375,23431.349609375,23418.349609375,23422.75,0,0.0,0.0
2026-09-11 14:55:00+05:30,23423.80078125,23430.900390625,23419.599609375,23420.25,0,0.0,0.0
2026-09-11 15:00:00+05:30,23420.900390625,23421.55078125,23394.25,23396.55078125,0,0.0,0.0
2026-09-11 15:05:00+05:30,23398.75,23415.900390625,23387.19921875,23413.94921875,0,0.0,0.0
2026-09-11 15:10:00+05:30,23413.150390625,23436.599609375,23412.25,23435.30078125,0,0.0,0.0
2026-09-11 15:15:00+05:30,23435.099609375,23435.099609375,23435.099609375,23435.099609375,0,0.0,0.0
2026-09-11 15:20:00+05:30,23435.099609375,23435.099609375,23435.099609375,23435.099609375,0,0.0,0.0
2026-09-11 15:25:00+05:30,23435.099609375,23435.099609375,23398.099609375,23398.099609375,0,0.0,0.0
2026-09-15 09:15:00+05:30,23576.150390625,23588.30078125,23487.44921875,23501.05078125,0,0.0,0.0
2026-09-15 09:20:00+05:30,23501.25,23504.05078125,23473.349609375,23474.19921875,0,0.0,0.0
2026-09-15 09:25:00+05:30,23473.80078125,23474.05078125,23452.099609375,23463.900390625,0,0.0,0.0
2026-09-15 09:30:00+05:30,23464.19921875,23465.69921875,23446.599609375,23455.55078125,0,0.0,0.0
2026-09-15 09:35:00+05:30,23455.55078125,23465.0,23439.349609375,23456.75,0,0.0,0.0
2026-09-15 09:40:00+05:30,23456.849609375,23466.44921875,23446.25,23448.099609375,0,0.0,0.0
2026-09-15 09:45:00+05:30,23447.849609375,23448.05078125,23415.55078125,23417.19921875,0,0.0,0.0
2026-09-15 09:50:00+05:30,23417.599609375,23426.599609375,23402.900390625,23403.5,0,0.0,0.0
2026-09-15 09:55:00+05:30,23403.849609375,23404.349609375,23372.94921875,23394.599609375,0,0.0,0.0
2026-09-15 10:00:00+05:30,23394.69921875,23395.69921875,23374.849609375,23385.19921875,0,0.0,0.0
2026-09-15 10:05:00+05:30,23386.5,23393.349609375,23372.55078125,23374.349609375,0,0.0,0.0
2026-09-15 10:10:00+05:30,23375.05078125,23399.30078125,23369.80078125,23386.75,0,0.0,0.0
2026-09-15 10:15:00+05:30,23386.80078125,23396.19921875,23375.25,23389.55078125,0,0.0,0.0
2026-09-15 10:20:00+05:30,23389.5,23391.69921875,23370.5,23383.44921875,0,0.0,0.0
2026-09-15 10:25:00+05:30,23384.25,23384.69921875,23361.25,23362.650390625,0,0.0,0.0
2026-09-15 10:30:00+05:30,23362.75,23370.650390625,23351.5,23365.599609375,0,0.0,0.0
2026-09-15 10:35:00+05:30,23365.099609375,23375.650390625,23364.25,23371.400390625,0,0.0,0.0
2026-09-15 10:40:00+05:30,23371.25,23372.150390625,23348.5,23351.19921875,0,0.0,0.0
2026-09-15 10:45:00+05:30,23351.19921875,23353.150390625,23338.400390625,23339.19921875,0,0.0,0.0
2026-09-15 10:50:00+05:30,23339.69921875,23349.349609375,23330.75,23336.0,0,0.0,0.0
2026-09-15 10:55:00+05:30,23336.0,23338.80078125,23327.44921875,23338.349609375,0,0.0,0.0
2026-09-15 11:00:00+05:30,23337.75,23360.44921875,23336.80078125,23360.44921875,0,0.0,0.0
2026-09-15 11:05:00+05:30,23359.94921875,23360.19921875,23332.849609375,23333.900390625,0,0.0,0.0
2026-09-15 11:10:00+05:30,23334.349609375,23351.5,23323.80078125,23345.400390625,0,0.0,0.0
2026-09-15 11:15:00+05:30,23345.44921875,23355.900390625,23317.75,23322.099609375,0,0.0,0.0
2026-09-15 11:20:00+05:30,23322.0,23336.19921875,23316.55078125,23331.349609375,0,0.0,0.0
2026-09-15 11:25:00+05:30,23330.55078125,23333.5,23313.19921875,23317.650390625,0,0.0,0.0
2026-09-15 11:30:00+05:30,23317.349609375,23328.55078125,23311.80078125,23323.900390625,0,0.0,0.0
2026-09-15 11:35:00+05:30,23324.25,23347.099609375,23323.650390625,23345.75,0,0.0,0.0
2026-09-15 11:40:00+05:30,23345.150390625,23348.5,23331.349609375,23342.05078125,0,0.0,0.0
2026-09-15 11:45:00+05:30,23342.099609375,23343.25,23329.150390625,23329.849609375,0,0.0,0.0
2026-09-15 11:50:00+05:30,23329.69921875,23336.150390625,23319.55078125,23322.94921875,0,0.0,0.0
2026-09-15 11:55:00+05:30,23322.44921875,23338.44921875,23319.849609375,23336.400390625,0,0.0,0.0
2026-09-15 12:00:00+05:30,23335.55078125,23351.650390625,23334.30078125,23345.30078125,0,0.0,0.0
2026-09-15 12:05:00+05:30,23345.44921875,23353.900390625,23336.150390625,23338.400390625,0,0.0,0.0
2026-09-15 12:10:00+05:30,23339.0,23344.80078125,23330.19921875,23335.849609375,0,0.0,0.0
2026-09-15 12:15:00+05:30,23335.900390625,23339.19921875,23324.349609375,23326.69921875,0,0.0,0.0
2026-09-15 12:20:00+05:30,23326.099609375,23335.349609375,23324.94921875,23332.400390625,0,0.0,0.0
2026-09-15 12:25:00+05:30,23332.150390625,23340.0,23327.5,23337.400390625,0,0.0,0.0
2026-09-15 12:30:00+05:30,23338.099609375,23338.099609375,23313.80078125,23320.55078125,0,0.0,0.0
2026-09-15 12:35:00+05:30,23320.30078125,23332.099609375,23316.0,23322.55078125,0,0.0,0.0
2026-09-15 12:40:00+05:30,23322.349609375,23327.80078125,23315.05078125,23315.05078125,0,0.0,0.0
2026-09-15 12:45:00+05:30,23315.05078125,23328.400390625,23312.69921875,23327.150390625,0,0.0,0.0
2026-09-15 12:50:00+05:30,23326.900390625,23337.25,23323.349609375,23328.900390625,0,0.0,0.0
2026-09-15 12:55:00+05:30,23328.69921875,23331.349609375,23301.69921875,23308.599609375,0,0.0,0.0
2026-09-15 13:00:00+05:30,23308.94921875,23313.25,23297.5,23308.599609375,0,0.0,0.0
2026-09-15 13:05:00+05:30,23308.900390625,23315.75,23303.44921875,23305.900390625,0,0.0,0.0
2026-09-15 13:10:00+05:30,23304.900390625,23310.849609375,23288.80078125,23294.94921875,0,0.0,0.0
2026-09-15 13:15:00+05:30,23295.099609375,23300.5,23281.150390625,23294.150390625,0,0.0,0.0
2026-09-15 13:20:00+05:30,23293.5,23296.55078125,23279.900390625,23285.400390625,0,0.0,0.0
2026-09-15 13:25:00+05:30,23285.099609375,23296.55078125,23279.94921875,23281.05078125,0,0.0,0.0
2026-09-15 13:30:00+05:30,23281.44921875,23285.05078125,23263.0,23272.05078125,0,0.0,0.0
2026-09-15 13:35:00+05:30,23271.55078125,23282.19921875,23267.099609375,23269.30078125,0,0.0,0.0
2026-09-15 13:40:00+05:30,23269.099609375,23269.25,23251.849609375,23263.25,0,0.0,0.0
2026-09-15 13:45:00+05:30,23263.349609375,23272.849609375,23262.0,23271.349609375,0,0.0,0.0
2026-09-15 13:50:00+05:30,23271.0,23276.05078125,23268.25,23269.099609375,0,0.0,0.0
2026-09-15 13:55:00+05:30,23269.5,23274.900390625,23262.30078125,23272.349609375,0,0.0,0.0
2026-09-15 14:00:00+05:30,23272.80078125,23277.44921875,23268.69921875,23271.44921875,0,0.0,0.0
2026-09-15 14:05:00+05:30,23271.44921875,23276.55078125,23258.69921875,23260.099609375,0,0.0,0.0
2026-09-15 14:10:00+05:30,23260.05078125,23260.94921875,23229.400390625,23230.19921875,0,0.0,0.0
2026-09-15 14:15:00+05:30,23228.0,23229.30078125,23195.349609375,23197.80078125,0,0.0,0.0
2026-09-15 14:20:00+05:30,23197.900390625,23220.349609375,23197.150390625,23206.25,0,0.0,0.0
2026-09-15 14:25:00+05:30,23206.349609375,23213.30078125,23197.599609375,23202.80078125,0,0.0,0.0
2026-09-15 14:30:00+05:30,23202.55078125,23213.94921875,23199.94921875,23210.19921875,0,0.0,0.0
2026-09-15 14:35:00+05:30,23210.400390625,23224.5,23206.44921875,23215.849609375,0,0.0,0.0
2026-09-15 14:40:00+05:30,23216.05078125,23225.19921875,23212.44921875,23215.75,0,0.0,0.0
2026-09-15 14:45:00+05:30,23216.05078125,23217.55078125,23152.5,23164.0,0,0.0,0.0
2026-09-15 14:50:00+05:30,23165.0,23195.55078125,23163.94921875,23177.75,0,0.0,0.0
2026-09-15 14:55:00+05:30,23178.44921875,23187.599609375,23173.599609375,23174.900390625,0,0.0,0.0
2026-09-15 15:00:00+05:30,23174.69921875,23185.150390625,23169.30078125,23182.75,0,0.0,0.0
2026-09-15 15:05:00+05:30,23184.349609375,23185.0,23165.69921875,23172.94921875,0,0.0,0.0
2026-09-15 15:10:00+05:30,23173.25,23192.349609375,23166.19921875,23172.25,0,0.0,0.0
2026-09-15 15:15:00+05:30,23172.349609375,23172.349609375,23172.349609375,23172.349609375,0,0.0,0.0
2026-09-15 15:20:00+05:30,23172.349609375,23172.349609375,23172.349609375,23172.349609375,0,0.0,0.0
2026-09-15 15:25:00+05:30,23172.349609375,23172.349609375,23118.599609375,23118.599609375,0,0.0,0.0
2026-09-16 09:15:00+05:30,23201.05078125,23281.05078125,23188.30078125,23247.25,0,0.0,0.0
2026-09-16 09:20:00+05:30,23247.650390625,23255.900390625,23228.19921875,23236.25,0,0.0,0.0
2026-09-16 09:25:00+05:30,23235.900390625,23240.400390625,23194.150390625,23204.19921875,0,0.0,0.0
2026-09-16 09:30:00+05:30,23204.0,23213.900390625,23175.900390625,23209.400390625,0,0.0,0.0
2026-09-16 09:35:00+05:30,23209.44921875,23209.44921875,23150.099609375,23151.30078125,0,0.0,0.0
2026-09-16 09:40:00+05:30,23150.650390625,23155.650390625,23120.94921875,23120.94921875,0,0.0,0.0
2026-09-16 09:45:00+05:30,23121.0,23153.19921875,23116.349609375,23152.19921875,0,0.0,0.0
2026-09-16 09:50:00+05:30,23152.599609375,23212.900390625,23150.349609375,23212.80078125,0,0.0,0.0
2026-09-16 09:55:00+05:30,23212.400390625,23235.75,23202.099609375,23224.599609375,0,0.0,0.0
2026-09-16 10:00:00+05:30,23224.5,23225.150390625,23183.0,23183.900390625,0,0.0,0.0
2026-09-16 10:05:00+05:30,23184.05078125,23191.349609375,23163.400390625,23178.150390625,0,0.0,0.0
2026-09-16 10:10:00+05:30,23178.099609375,23200.849609375,23175.400390625,23177.75,0,0.0,0.0
2026-09-16 10:15:00+05:30,23177.849609375,23215.30078125,23172.099609375,23193.099609375,0,0.0,0.0
2026-09-16 10:20:00+05:30,23193.400390625,23226.599609375,23192.44921875,23223.80078125,0,0.0,0.0
2026-09-16 10:25:00+05:30,23223.5,23239.44921875,23219.5,23229.80078125,0,0.0,0.0
2026-09-16 10:30:00+05:30,23229.55078125,23248.099609375,23223.69921875,23245.19921875,0,0.0,0.0
2026-09-16 10:35:00+05:30,23245.80078125,23249.0,23225.55078125,23240.05078125,0,0.0,0.0
2026-09-16 10:40:00+05:30,23239.599609375,23250.099609375,23237.650390625,23248.5,0,0.0,0.0
2026-09-16 10:45:00+05:30,23248.599609375,23266.099609375,23244.75,23260.099609375,0,0.0,0.0
2026-09-16 10:50:00+05:30,23260.05078125,23268.650390625,23246.599609375,23254.30078125,0,0.0,0.0
2026-09-16 10:55:00+05:30,23254.150390625,23254.44921875,23236.94921875,23252.0,0,0.0,0.0
2026-09-16 11:00:00+05:30,23252.0,23278.75,23251.900390625,23272.55078125,0,0.0,0.0
2026-09-16 11:05:00+05:30,23272.349609375,23273.349609375,23252.30078125,23257.849609375,0,0.0,0.0
2026-09-16 11:10:00+05:30,23258.05078125,23265.69921875,23248.400390625,23250.69921875,0,0.0,0.0
2026-09-16 11:15:00+05:30,23250.849609375,23269.0,23247.599609375,23248.5,0,0.0,0.0
2026-09-16 11:20:00+05:30,23248.44921875,23263.55078125,23232.849609375,23243.400390625,0,0.0,0.0
2026-09-16 11:25:00+05:30,23243.44921875,23246.25,23219.349609375,23220.25,0,0.0,0.0
2026-09-16 11:30:00+05:30,23220.19921875,23241.44921875,23219.94921875,23226.30078125,0,0.0,0.0
2026-09-16 11:35:00+05:30,23226.400390625,23245.400390625,23220.75,23234.5,0,0.0,0.0
2026-09-16 11:40:00+05:30,23233.900390625,23239.599609375,23230.650390625,23233.650390625,0,0.0,0.0
2026-09-16 11:45:00+05:30,23233.55078125,23234.69921875,23222.44921875,23226.30078125,0,0.0,0.0
2026-09-16 11:50:00+05:30,23226.30078125,23242.75,23223.349609375,23226.69921875,0,0.0,0.0
2026-09-16 11:55:00+05:30,23226.599609375,23228.05078125,23213.69921875,23214.849609375,0,0.0,0.0
2026-09-16 12:00:00+05:30,23215.94921875,23220.849609375,23206.19921875,23213.05078125,0,0.0,0.0
2026-09-16 12:05:00+05:30,23213.0,23230.94921875,23212.650390625,23223.25,0,0.0,0.0
2026-09-16 12:10:00+05:30,23223.30078125,23246.849609375,23222.5,23233.05078125,0,0.0,0.0
2026-09-16 12:15:00+05:30,23232.849609375,23246.80078125,23220.55078125,23240.400390625,0,0.0,0.0
2026-09-16 12:20:00+05:30,23240.30078125,23241.75,23230.900390625,23237.099609375,0,0.0,0.0
2026-09-16 12:25:00+05:30,23237.099609375,23239.69921875,23227.80078125,23234.150390625,0,0.0,0.0
2026-09-16 12:30:00+05:30,23234.400390625,23264.44921875,23234.150390625,23250.25,0,0.0,0.0
2026-09-16 12:35:00+05:30,23249.900390625,23260.150390625,23243.900390625,23246.349609375,0,0.0,0.0
2026-09-16 12:40:00+05:30,23246.900390625,23260.349609375,23243.80078125,23258.599609375,0,0.0,0.0
2026-09-16 12:45:00+05:30,23258.650390625,23259.05078125,23244.599609375,23253.75,0,0.0,0.0
2026-09-16 12:50:00+05:30,23253.900390625,23257.19921875,23246.80078125,23253.5,0,0.0,0.0
2026-09-16 12:55:00+05:30,23253.30078125,23258.80078125,23241.75,23242.099609375,0,0.0,0.0
2026-09-16 13:00:00+05:30,23242.80078125,23257.5,23240.55078125,23255.94921875,0,0.0,0.0
2026-09-16 13:05:00+05:30,23255.80078125,23284.75,23254.75,23274.05078125,0,0.0,0.0
2026-09-16 13:10:00+05:30,23274.25,23278.150390625,23256.849609375,23258.69921875,0,0.0,0.0
2026-09-16 13:15:00+05:30,23258.400390625,23271.30078125,23252.349609375,23269.55078125,0,0.0,0.0
2026-09-16 13:20:00+05:30,23269.25,23269.400390625,23244.0,23245.0,0,0.0,0.0
2026-09-16 13:25:00+05:30,23244.75,23247.30078125,23220.599609375,23220.849609375,0,0.0,0.0
2026-09-16 13:30:00+05:30,23220.80078125,23235.650390625,23220.150390625,23227.05078125,0,0.0,0.0
2026-09-16 13:35:00+05:30,23227.19921875,23237.349609375,23219.0,23222.25,0,0.0,0.0
2026-09-16 13:40:00+05:30,23222.19921875,23224.55078125,23209.80078125,23212.099609375,0,0.0,0.0
2026-09-16 13:45:00+05:30,23212.19921875,23229.150390625,23212.19921875,23217.44921875,0,0.0,0.0
2026-09-16 13:50:00+05:30,23217.44921875,23226.75,23212.94921875,23224.650390625,0,0.0,0.0
2026-09-16 13:55:00+05:30,23224.69921875,23225.900390625,23217.150390625,23221.5,0,0.0,0.0
2026-09-16 14:00:00+05:30,23221.05078125,23235.75,23220.44921875,23233.599609375,0,0.0,0.0
2026-09-16 14:05:00+05:30,23233.400390625,23236.75,23219.349609375,23222.69921875,0,0.0,0.0
2026-09-16 14:10:00+05:30,23222.650390625,23239.25,23219.75,23238.55078125,0,0.0,0.0
2026-09-16 14:15:00+05:30,23238.30078125,23246.44921875,23230.94921875,23231.30078125,0,0.0,0.0
2026-09-16 14:20:00+05:30,23231.19921875,23242.650390625,23229.900390625,23233.75,0,0.0,0.0
2026-09-16 14:25:00+05:30,23233.55078125,23237.75,23224.400390625,23232.400390625,0,0.0,0.0
2026-09-16 14:30:00+05:30,23231.75,23236.349609375,23225.5,23229.599609375,0,0.0,0.0
2026-09-16 14:35:00+05:30,23229.650390625,23237.19921875,23221.849609375,23228.44921875,0,0.0,0.0
2026-09-16 14:40:00+05:30,23228.19921875,23237.650390625,23226.05078125,23234.349609375,0,0.0,0.0
2026-09-16 14:45:00+05:30,23234.25,23239.75,23230.69921875,23236.650390625,0,0.0,0.0
2026-09-16 14:50:00+05:30,23237.150390625,23244.55078125,23232.900390625,23239.44921875,0,0.0,0.0
2026-09-16 14:55:00+05:30,23239.5,23261.400390625,23234.5,23235.80078125,0,0.0,0.0
2026-09-16 15:00:00+05:30,23236.349609375,23236.349609375,23221.75,23231.5,0,0.0,0.0
2026-09-16 15:05:00+05:30,23231.150390625,23232.69921875,23221.25,23229.900390625,0,0.0,0.0
2026-09-16 15:10:00+05:30,23229.25,23237.0,23215.849609375,23224.30078125,0,0.0,0.0
2026-09-16 15:15:00+05:30,23224.150390625,23224.150390625,23224.150390625,23224.150390625,0,0.0,0.0
2026-09-16 15:20:00+05:30,23224.150390625,23224.150390625,23224.150390625,23224.150390625,0,0.0,0.0
2026-09-16 15:25:00+05:30,23224.150390625,23224.150390625,23217.599609375,23217.599609375,0,0.0,0.0
2026-09-17 09:15:00+05:30,23195.25,23263.19921875,23195.05078125,23255.94921875,0,0.0,0.0
2026-09-17 09:20:00+05:30,23257.44921875,23267.69921875,23227.150390625,23228.69921875,0,0.0,0.0
2026-09-17 09:25:00+05:30,23230.44921875,23259.75,23227.44921875,23252.05078125,0,0.0,0.0
2026-09-17 09:30:00+05:30,23253.44921875,23289.44921875,23250.599609375,23284.44921875,0,0.0,0.0
2026-09-17 09:35:00+05:30,23285.150390625,23303.80078125,23272.400390625,23274.099609375,0,0.0,0.0
2026-09-17 09:40:00+05:30,23275.19921875,23275.80078125,23229.44921875,23252.30078125,0,0.0,0.0
2026-09-17 09:45:00+05:30,23254.599609375,23272.94921875,23244.30078125,23267.650390625,0,0.0,0.0
2026-09-17 09:50:00+05:30,23268.400390625,23286.69921875,23258.19921875,23282.900390625,0,0.0,0.0
2026-09-17 09:55:00+05:30,23283.75,23290.099609375,23273.400390625,23284.5,0,0.0,0.0
2026-09-17 10:00:00+05:30,23286.650390625,23297.19921875,23279.80078125,23293.900390625,0,0.0,0.0
2026-09-17 10:05:00+05:30,23295.19921875,23314.650390625,23293.599609375,23307.5,0,0.0,0.0
2026-09-17 10:10:00+05:30,23308.849609375,23325.25,23307.599609375,23311.099609375,0,0.0,0.0
2026-09-17 10:15:00+05:30,23313.30078125,23319.5,23295.650390625,23296.30078125,0,0.0,0.0
2026-09-17 10:20:00+05:30,23297.150390625,23305.0,23290.099609375,23293.349609375,0,0.0,0.0
2026-09-17 10:25:00+05:30,23294.599609375,23296.69921875,23286.849609375,23294.94921875,0,0.0,0.0
2026-09-17 10:30:00+05:30,23295.0,23297.0,23272.5,23273.599609375,0,0.0,0.0
2026-09-17 10:35:00+05:30,23274.44921875,23298.44921875,23270.19921875,23280.5,0,0.0,0.0
2026-09-17 10:40:00+05:30,23281.55078125,23281.650390625,23265.44921875,23266.80078125,0,0.0,0.0
2026-09-17 10:45:00+05:30,23268.849609375,23275.80078125,23260.599609375,23265.5,0,0.0,0.0
2026-09-17 10:50:00+05:30,23267.30078125,23276.30078125,23265.150390625,23270.5,0,0.0,0.0
2026-09-17 10:55:00+05:30,23272.25,23283.900390625,23266.94921875,23267.849609375,0,0.0,0.0
2026-09-17 11:00:00+05:30,23268.44921875,23268.900390625,23235.94921875,23238.400390625,0,0.0,0.0
2026-09-17 11:05:00+05:30,23239.55078125,23239.55078125,23214.25,23219.099609375,0,0.0,0.0
2026-09-17 11:10:00+05:30,23220.44921875,23231.849609375,23210.30078125,23224.05078125,0,0.0,0.0
2026-09-17 11:15:00+05:30,23226.05078125,23247.349609375,23222.599609375,23246.69921875,0,0.0,0.0
2026-09-17 11:20:00+05:30,23248.5,23256.849609375,23240.0,23248.80078125,0,0.0,0.0
2026-09-17 11:25:00+05:30,23249.900390625,23254.349609375,23240.44921875,23246.05078125,0,0.0,0.0
2026-09-17 11:30:00+05:30,23247.25,23256.94921875,23234.650390625,23253.0,0,0.0,0.0
2026-09-17 11:35:00+05:30,23254.94921875,23254.94921875,23244.69921875,23252.30078125,0,0.0,0.0
2026-09-17 11:40:00+05:30,23255.0,23276.650390625,23252.650390625,23276.150390625,0,0.0,0.0
2026-09-17 11:45:00+05:30,23276.75,23281.150390625,23264.80078125,23275.150390625,0,0.0,0.0
2026-09-17 11:50:00+05:30,23276.900390625,23294.150390625,23271.25,23288.05078125,0,0.0,0.0
2026-09-17 11:55:00+05:30,23288.30078125,23315.30078125,23287.650390625,23315.30078125,0,0.0,0.0
2026-09-17 12:00:00+05:30,23316.75,23320.5,23296.80078125,23300.150390625,0,0.0,0.0
2026-09-17 12:05:00+05:30,23301.599609375,23339.150390625,23297.55078125,23333.69921875,0,0.0,0.0
2026-09-17 12:10:00+05:30,23334.44921875,23346.19921875,23330.599609375,23337.900390625,0,0.0,0.0
2026-09-17 12:15:00+05:30,23340.650390625,23352.05078125,23334.80078125,23346.19921875,0,0.0,0.0
2026-09-17 12:20:00+05:30,23348.44921875,23363.25,23344.75,23354.25,0,0.0,0.0
2026-09-17 12:25:00+05:30,23355.55078125,23355.80078125,23341.94921875,23346.75,0,0.0,0.0
2026-09-17 12:30:00+05:30,23347.849609375,23350.25,23338.349609375,23345.19921875,0,0.0,0.0
2026-09-17 12:35:00+05:30,23348.80078125,23361.400390625,23345.69921875,23357.099609375,0,0.0,0.0
2026-09-17 12:40:00+05:30,23359.099609375,23361.400390625,23345.25,23346.849609375,0,0.0,0.0
2026-09-17 12:45:00+05:30,23348.599609375,23350.30078125,23335.30078125,23336.30078125,0,0.0,0.0
2026-09-17 12:50:00+05:30,23338.0,23349.400390625,23333.94921875,23342.44921875,0,0.0,0.0
2026-09-17 12:55:00+05:30,23345.30078125,23345.30078125,23335.599609375,23340.650390625,0,0.0,0.0
2026-09-17 13:00:00+05:30,23342.30078125,23346.30078125,23326.30078125,23326.900390625,0,0.0,0.0
2026-09-17 13:05:00+05:30,23328.44921875,23331.400390625,23319.94921875,23326.650390625,0,0.0,0.0
2026-09-17 13:10:00+05:30,23328.30078125,23329.80078125,23320.69921875,23321.650390625,0,0.0,0.0
2026-09-17 13:15:00+05:30,23322.5,23325.25,23316.19921875,23319.30078125,0,0.0,0.0
2026-09-17 13:20:00+05:30,23320.5,23324.849609375,23308.349609375,23309.400390625,0,0.0,0.0
2026-09-17 13:25:00+05:30,23312.349609375,23312.349609375,23263.19921875,23263.30078125,0,0.0,0.0
2026-09-17 13:30:00+05:30,23266.0,23270.150390625,23252.25,23257.849609375,0,0.0,0.0
2026-09-17 13:35:00+05:30,23257.80078125,23262.05078125,23244.05078125,23258.55078125,0,0.0,0.0
2026-09-17 13:40:00+05:30,23260.599609375,23278.099609375,23259.099609375,23263.849609375,0,0.0,0.0
2026-09-17 13:45:00+05:30,23265.94921875,23277.099609375,23261.80078125,23268.150390625,0,0.0,0.0
2026-09-17 13:50:00+05:30,23270.349609375,23277.150390625,23261.0,23267.0,0,0.0,0.0
2026-09-17 13:55:00+05:30,23269.25,23273.19921875,23262.349609375,23263.69921875,0,0.0,0.0
2026-09-17 14:00:00+05:30,23265.400390625,23272.599609375,23262.099609375,23269.849609375,0,0.0,0.0
2026-09-17 14:05:00+05:30,23271.30078125,23286.25,23267.5,23280.849609375,0,0.0,0.0
2026-09-17 14:10:00+05:30,23283.25,23287.150390625,23273.80078125,23277.69921875,0,0.0,0.0
2026-09-17 14:15:00+05:30,23279.55078125,23290.44921875,23269.44921875,23280.349609375,0,0.0,0.0
2026-09-17 14:20:00+05:30,23282.75,23291.75,23280.599609375,23285.5,0,0.0,0.0
2026-09-17 14:25:00+05:30,23287.5,23287.5,23269.44921875,23282.55078125,0,0.0,0.0
2026-09-17 14:30:00+05:30,23283.75,23287.44921875,23273.400390625,23276.150390625,0,0.0,0.0
2026-09-17 14:35:00+05:30,23278.099609375,23309.94921875,23273.650390625,23305.25,0,0.0,0.0
2026-09-17 14:40:00+05:30,23305.05078125,23306.30078125,23282.650390625,23287.0,0,0.0,0.0
2026-09-17 14:45:00+05:30,23286.80078125,23311.650390625,23286.75,23302.0,0,0.0,0.0
2026-09-17 14:50:00+05:30,23302.150390625,23306.150390625,23295.150390625,23297.5,0,0.0,0.0
2026-09-17 14:55:00+05:30,23297.44921875,23298.80078125,23283.44921875,23284.94921875,0,0.0,0.0
2026-09-17 15:00:00+05:30,23285.0,23293.69921875,23278.75,23283.599609375,0,0.0,0.0
2026-09-17 15:05:00+05:30,23284.400390625,23290.849609375,23280.900390625,23283.05078125,0,0.0,0.0
2026-09-17 15:10:00+05:30,23283.0,23298.150390625,23278.94921875,23294.69921875,0,0.0,0.0
2026-09-17 15:15:00+05:30,23294.5,23294.5,23294.349609375,23294.349609375,0,0.0,0.0
2026-09-17 15:20:00+05:30,23294.349609375,23294.349609375,23294.349609375,23294.349609375,0,0.0,0.0
2026-09-17 15:25:00+05:30,23294.349609375,23294.349609375,23270.599609375,23270.599609375,0,0.0,0.0
2026-09-18 09:15:00+05:30,23334.69921875,23359.349609375,23315.44921875,23323.94921875,0,0.0,0.0
2026-09-18 09:20:00+05:30,23323.44921875,23332.650390625,23305.150390625,23328.099609375,0,0.0,0.0
2026-09-18 09:25:00+05:30,23328.25,23328.25,23292.099609375,23301.05078125,0,0.0,0.0
2026-09-18 09:30:00+05:30,23300.94921875,23305.94921875,23288.400390625,23289.650390625,0,0.0,0.0
2026-09-18 09:35:00+05:30,23289.55078125,23320.75,23286.80078125,23317.900390625,0,0.0,0.0
2026-09-18 09:40:00+05:30,23317.900390625,23325.099609375,23302.05078125,23312.80078125,0,0.0,0.0
2026-09-18 09:45:00+05:30,23312.849609375,23323.5,23305.0,23312.44921875,0,0.0,0.0
2026-09-18 09:50:00+05:30,23312.30078125,23326.349609375,23307.25,23326.150390625,0,0.0,0.0
2026-09-18 09:55:00+05:30,23325.900390625,23338.400390625,23318.80078125,23329.150390625,0,0.0,0.0
2026-09-18 10:00:00+05:30,23328.75,23332.94921875,23318.05078125,23320.55078125,0,0.0,0.0
2026-09-18 10:05:00+05:30,23320.599609375,23332.349609375,23309.0,23325.25,0,0.0,0.0
2026-09-18 10:10:00+05:30,23325.05078125,23331.55078125,23324.19921875,23327.55078125,0,0.0,0.0
2026-09-18 10:15:00+05:30,23327.599609375,23332.0,23318.349609375,23319.55078125,0,0.0,0.0
2026-09-18 10:20:00+05:30,23319.55078125,23325.849609375,23304.30078125,23306.80078125,0,0.0,0.0
2026-09-18 10:25:00+05:30,23306.69921875,23314.19921875,23299.75,23312.5,0,0.0,0.0
2026-09-18 10:30:00+05:30,23312.55078125,23317.30078125,23299.150390625,23304.30078125,0,0.0,0.0
2026-09-18 10:35:00+05:30,23304.19921875,23310.75,23299.69921875,23302.94921875,0,0.0,0.0
2026-09-18 10:40:00+05:30,23302.900390625,23308.650390625,23294.0,23305.75,0,0.0,0.0
2026-09-18 10:45:00+05:30,23305.0,23307.75,23297.69921875,23302.25,0,0.0,0.0
2026-09-18 10:50:00+05:30,23302.25,23316.19921875,23300.900390625,23309.19921875,0,0.0,0.0
2026-09-18 10:55:00+05:30,23309.19921875,23314.599609375,23304.900390625,23309.25,0,0.0,0.0
2026-09-18 11:00:00+05:30,23309.150390625,23313.30078125,23299.650390625,23299.849609375,0,0.0,0.0
2026-09-18 11:05:00+05:30,23299.75,23304.900390625,23289.75,23302.599609375,0,0.0,0.0
2026-09-18 11:10:00+05:30,23302.599609375,23309.650390625,23298.69921875,23304.349609375,0,0.0,0.0
2026-09-18 11:15:00+05:30,23304.349609375,23306.599609375,23292.55078125,23295.599609375,0,0.0,0.0
2026-09-18 11:20:00+05:30,23295.599609375,23305.0,23295.05078125,23301.80078125,0,0.0,0.0
2026-09-18 11:25:00+05:30,23301.69921875,23301.900390625,23291.55078125,23294.5,0,0.0,0.0
2026-09-18 11:30:00+05:30,23294.75,23306.80078125,23291.69921875,23299.349609375,0,0.0,0.0
2026-09-18 11:35:00+05:30,23299.44921875,23304.150390625,23296.80078125,23300.849609375,0,0.0,0.0
2026-09-18 11:40:00+05:30,23301.599609375,23304.5,23296.349609375,23298.650390625,0,0.0,0.0
2026-09-18 11:45:00+05:30,23298.55078125,23313.150390625,23298.19921875,23311.19921875,0,0.0,0.0
2026-09-18 11:50:00+05:30,23310.599609375,23325.400390625,23306.5,23321.44921875,0,0.0,0.0
2026-09-18 11:55:00+05:30,23321.30078125,23332.75,23315.80078125,23317.55078125,0,0.0,0.0
2026-09-18 12:00:00+05:30,23317.5,23332.30078125,23312.30078125,23313.849609375,0,0.0,0.0
2026-09-18 12:05:00+05:30,23313.849609375,23318.650390625,23307.44921875,23311.400390625,0,0.0,0.0
2026-09-18 12:10:00+05:30,23311.44921875,23323.55078125,23311.30078125,23320.30078125,0,0.0,0.0
2026-09-18 12:15:00+05:30,23320.900390625,23322.44921875,23309.69921875,23311.25,0,0.0,0.0
2026-09-18 12:20:00+05:30,23311.349609375,23320.80078125,23305.94921875,23315.94921875,0,0.0,0.0
2026-09-18 12:25:00+05:30,23316.05078125,23323.650390625,23310.19921875,23322.400390625,0,0.0,0.0
2026-09-18 12:30:00+05:30,23322.19921875,23328.650390625,23321.05078125,23323.44921875,0,0.0,0.0
2026-09-18 12:35:00+05:30,23323.55078125,23335.55078125,23322.44921875,23325.69921875,0,0.0,0.0
2026-09-18 12:40:00+05:30,23325.94921875,23339.5,23324.5,23330.849609375,0,0.0,0.0
2026-09-18 12:45:00+05:30,23331.05078125,23333.69921875,23323.94921875,23325.150390625,0,0.0,0.0
2026-09-18 12:50:00+05:30,23325.599609375,23330.94921875,23323.44921875,23330.0,0,0.0,0.0
2026-09-18 12:55:00+05:30,23330.0,23332.349609375,23321.80078125,23329.94921875,0,0.0,0.0
2026-09-18 13:00:00+05:30,23329.599609375,23342.55078125,23328.900390625,23337.650390625,0,0.0,0.0
2026-09-18 13:05:00+05:30,23337.400390625,23339.5,23331.849609375,23334.0,0,0.0,0.0
2026-09-18 13:10:00+05:30,23333.55078125,23335.25,23327.30078125,23330.099609375,0,0.0,0.0
2026-09-18 13:15:00+05:30,23330.05078125,23331.94921875,23320.69921875,23323.650390625,0,0.0,0.0
2026-09-18 13:20:00+05:30,23323.599609375,23330.30078125,23319.150390625,23324.05078125,0,0.0,0.0
2026-09-18 13:25:00+05:30,23322.900390625,23329.5,23318.44921875,23323.650390625,0,0.0,0.0
2026-09-18 13:30:00+05:30,23323.69921875,23334.099609375,23319.849609375,23326.44921875,0,0.0,0.0
2026-09-18 13:35:00+05:30,23326.400390625,23329.599609375,23319.099609375,23322.849609375,0,0.0,0.0
2026-09-18 13:40:00+05:30,23322.80078125,23323.75,23309.400390625,23310.099609375,0,0.0,0.0
2026-09-18 13:45:00+05:30,23310.05078125,23322.400390625,23304.69921875,23313.900390625,0,0.0,0.0
2026-09-18 13:50:00+05:30,23313.75,23333.349609375,23312.900390625,23331.650390625,0,0.0,0.0
2026-09-18 13:55:00+05:30,23331.150390625,23337.30078125,23328.400390625,23329.5,0,0.0,0.0
2026-09-18 14:00:00+05:30,23329.5,23337.19921875,23327.25,23336.5,0,0.0,0.0
2026-09-18 14:05:00+05:30,23336.55078125,23357.94921875,23335.44921875,23355.80078125,0,0.0,0.0
2026-09-18 14:10:00+05:30,23355.80078125,23359.55078125,23346.94921875,23348.5,0,0.0,0.0
2026-09-18 14:15:00+05:30,23348.44921875,23357.099609375,23346.25,23352.900390625,0,0.0,0.0
2026-09-18 14:20:00+05:30,23352.900390625,23361.94921875,23351.69921875,23353.650390625,0,0.0,0.0
2026-09-18 14:25:00+05:30,23353.69921875,23366.400390625,23350.900390625,23366.0,0,0.0,0.0
2026-09-18 14:30:00+05:30,23365.94921875,23375.69921875,23364.599609375,23371.30078125,0,0.0,0.0
2026-09-18 14:35:00+05:30,23371.599609375,23371.94921875,23365.599609375,23366.75,0,0.0,0.0
2026-09-18 14:40:00+05:30,23366.5,23368.69921875,23353.650390625,23354.05078125,0,0.0,0.0
2026-09-18 14:45:00+05:30,23354.099609375,23368.55078125,23352.30078125,23367.5,0,0.0,0.0
2026-09-18 14:50:00+05:30,23367.5,23386.55078125,23366.80078125,23383.75,0,0.0,0.0
2026-09-18 14:55:00+05:30,23383.55078125,23389.150390625,23378.94921875,23384.30078125,0,0.0,0.0
2026-09-18 15:00:00+05:30,23384.150390625,23384.150390625,23351.69921875,23352.25,0,0.0,0.0
2026-09-18 15:05:00+05:30,23352.05078125,23358.400390625,23340.0,23343.75,0,0.0,0.0
2026-09-18 15:10:00+05:30,23343.75,23347.25,23332.400390625,23341.75,0,0.0,0.0
2026-09-18 15:15:00+05:30,23341.849609375,23341.849609375,23341.849609375,23341.849609375,0,0.0,0.0
2026-09-18 15:20:00+05:30,23341.849609375,23341.849609375,23341.849609375,23341.849609375,0,0.0,0.0
2026-09-18 15:25:00+05:30,23341.849609375,23346.400390625,23341.849609375,23346.400390625,0,0.0,0.0
2026-09-21 09:15:00+05:30,23330.19921875,23396.349609375,23317.150390625,23385.849609375,0,0.0,0.0
2026-09-21 09:20:00+05:30,23384.650390625,23391.30078125,23372.69921875,23376.900390625,0,0.0,0.0
2026-09-21 09:25:00+05:30,23376.80078125,23402.94921875,23375.25,23400.25,0,0.0,0.0
2026-09-21 09:30:00+05:30,23400.25,23406.25,23390.099609375,23395.900390625,0,0.0,0.0
2026-09-21 09:35:00+05:30,23395.849609375,23407.80078125,23389.0,23392.0,0,0.0,0.0
2026-09-21 09:40:00+05:30,23392.44921875,23396.94921875,23385.80078125,23392.80078125,0,0.0,0.0
2026-09-21 09:45:00+05:30,23393.19921875,23410.75,23392.599609375,23401.55078125,0,0.0,0.0
2026-09-21 09:50:00+05:30,23401.5,23406.400390625,23393.30078125,23394.650390625,0,0.0,0.0
2026-09-21 09:55:00+05:30,23394.55078125,23405.80078125,23389.55078125,23394.849609375,0,0.0,0.0
2026-09-21 10:00:00+05:30,23394.849609375,23398.900390625,23378.30078125,23382.900390625,0,0.0,0.0
2026-09-21 10:05:00+05:30,23382.900390625,23389.599609375,23377.19921875,23385.69921875,0,0.0,0.0
2026-09-21 10:10:00+05:30,23385.75,23393.25,23373.0,23373.55078125,0,0.0,0.0
2026-09-21 10:15:00+05:30,23373.650390625,23381.80078125,23371.44921875,23374.650390625,0,0.0,0.0
2026-09-21 10:20:00+05:30,23374.650390625,23380.0,23369.69921875,23373.25,0,0.0,0.0
2026-09-21 10:25:00+05:30,23373.0,23373.150390625,23358.75,23372.69921875,0,0.0,0.0
2026-09-21 10:30:00+05:30,23372.75,23373.69921875,23356.94921875,23362.849609375,0,0.0,0.0
2026-09-21 10:35:00+05:30,23362.19921875,23370.25,23361.30078125,23364.94921875,0,0.0,0.0
2026-09-21 10:40:00+05:30,23365.05078125,23378.349609375,23364.5,23376.5,0,0.0,0.0
2026-09-21 10:45:00+05:30,23376.599609375,23387.0,23374.650390625,23376.650390625,0,0.0,0.0
2026-09-21 10:50:00+05:30,23376.75,23389.0,23376.75,23386.349609375,0,0.0,0.0
2026-09-21 10:55:00+05:30,23386.75,23389.94921875,23379.55078125,23386.650390625,0,0.0,0.0
2026-09-21 11:00:00+05:30,23386.80078125,23393.650390625,23381.94921875,23389.25,0,0.0,0.0
2026-09-21 11:05:00+05:30,23389.349609375,23395.5,23384.94921875,23394.05078125,0,0.0,0.0
2026-09-21 11:10:00+05:30,23394.0,23402.400390625,23392.19921875,23397.0,0,0.0,0.0
2026-09-21 11:15:00+05:30,23397.44921875,23399.599609375,23385.80078125,23390.44921875,0,0.0,0.0
2026-09-21 11:20:00+05:30,23390.30078125,23397.099609375,23387.650390625,23393.30078125,0,0.0,0.0
2026-09-21 11:25:00+05:30,23393.55078125,23400.25,23391.599609375,23398.400390625,0,0.0,0.0
2026-09-21 11:30:00+05:30,23398.0,23410.75,23398.0,23404.94921875,0,0.0,0.0
2026-09-21 11:35:00+05:30,23405.05078125,23405.599609375,23397.5,23398.44921875,0,0.0,0.0
2026-09-21 11:40:00+05:30,23398.5,23405.25,23396.400390625,23403.650390625,0,0.0,0.0
2026-09-21 11:45:00+05:30,23403.650390625,23404.80078125,23394.5,23398.55078125,0,0.0,0.0
2026-09-21 11:50:00+05:30,23398.5,23416.849609375,23397.75,23416.30078125,0,0.0,0.0
2026-09-21 11:55:00+05:30,23416.25,23430.849609375,23414.19921875,23425.599609375,0,0.0,0.0
2026-09-21 12:00:00+05:30,23425.44921875,23434.05078125,23419.5,23425.099609375,0,0.0,0.0
2026-09-21 12:05:00+05:30,23425.05078125,23427.0,23414.25,23415.25,0,0.0,0.0
2026-09-21 12:10:00+05:30,23415.55078125,23419.849609375,23411.150390625,23417.69921875,0,0.0,0.0
2026-09-21 12:15:00+05:30,23417.55078125,23419.94921875,23414.30078125,23418.599609375,0,0.0,0.0
2026-09-21 12:20:00+05:30,23418.44921875,23422.099609375,23409.650390625,23413.900390625,0,0.0,0.0
2026-09-21 12:25:00+05:30,23413.94921875,23421.0,23413.400390625,23419.44921875,0,0.0,0.0
2026-09-21 12:30:00+05:30,23419.44921875,23424.25,23409.94921875,23414.900390625,0,0.0,0.0
2026-09-21 12:35:00+05:30,23414.900390625,23417.69921875,23411.099609375,23412.25,0,0.0,0.0
2026-09-21 12:40:00+05:30,23412.5,23415.75,23407.94921875,23414.5,0,0.0,0.0
2026-09-21 12:45:00+05:30,23414.44921875,23417.25,23411.25,23413.75,0,0.0,0.0
2026-09-21 12:50:00+05:30,23413.599609375,23417.55078125,23410.5,23415.099609375,0,0.0,0.0
2026-09-21 12:55:00+05:30,23415.099609375,23418.0,23411.94921875,23412.69921875,0,0.0,0.0
2026-09-21 13:00:00+05:30,23412.650390625,23415.44921875,23403.25,23405.900390625,0,0.0,0.0
2026-09-21 13:05:00+05:30,23405.75,23410.94921875,23400.69921875,23401.150390625,0,0.0,0.0
2026-09-21 13:10:00+05:30,23401.30078125,23411.44921875,23397.650390625,23410.5,0,0.0,0.0
2026-09-21 13:15:00+05:30,23409.19921875,23424.55078125,23409.05078125,23423.80078125,0,0.0,0.0
2026-09-21 13:20:00+05:30,23423.650390625,23429.150390625,23420.650390625,23425.099609375,0,0.0,0.0
2026-09-21 13:25:00+05:30,23425.0,23432.25,23424.25,23430.69921875,0,0.0,0.0
2026-09-21 13:30:00+05:30,23430.75,23437.44921875,23425.349609375,23436.650390625,0,0.0,0.0
2026-09-21 13:35:00+05:30,23436.94921875,23437.599609375,23430.75,23433.5,0,0.0,0.0
2026-09-21 13:40:00+05:30,23433.400390625,23433.849609375,23423.349609375,23427.75,0,0.0,0.0
2026-09-21 13:45:00+05:30,23427.900390625,23434.44921875,23427.19921875,23433.900390625,0,0.0,0.0
2026-09-21 13:50:00+05:30,23433.650390625,23441.0,23431.94921875,23436.849609375,0,0.0,0.0
2026-09-21 13:55:00+05:30,23436.900390625,23466.650390625,23435.900390625,23463.30078125,0,0.0,0.0
2026-09-21 14:00:00+05:30,23463.0,23466.599609375,23458.099609375,23460.19921875,0,0.0,0.0
2026-09-21 14:05:00+05:30,23460.0,23460.650390625,23451.900390625,23453.849609375,0,0.0,0.0
2026-09-21 14:10:00+05:30,23453.849609375,23459.150390625,23449.599609375,23452.69921875,0,0.0,0.0
2026-09-21 14:15:00+05:30,23452.650390625,23461.5,23450.30078125,23459.0,0,0.0,0.0
2026-09-21 14:20:00+05:30,23459.0,23464.05078125,23450.0,23455.19921875,0,0.0,0.0
2026-09-21 14:25:00+05:30,23455.19921875,23462.0,23445.30078125,23448.94921875,0,0.0,0.0
2026-09-21 14:30:00+05:30,23448.900390625,23450.05078125,23441.5,23446.400390625,0,0.0,0.0
2026-09-21 14:35:00+05:30,23446.349609375,23453.05078125,23441.349609375,23447.80078125,0,0.0,0.0
2026-09-21 14:40:00+05:30,23447.69921875,23452.900390625,23446.94921875,23450.349609375,0,0.0,0.0
2026-09-21 14:45:00+05:30,23450.30078125,23453.05078125,23447.05078125,23450.19921875,0,0.0,0.0
2026-09-21 14:50:00+05:30,23450.650390625,23456.0,23446.94921875,23452.849609375,0,0.0,0.0
2026-09-21 14:55:00+05:30,23453.19921875,23456.30078125,23444.150390625,23447.5,0,0.0,0.0
2026-09-21 15:00:00+05:30,23447.25,23450.0,23439.55078125,23441.150390625,0,0.0,0.0
2026-09-21 15:05:00+05:30,23440.849609375,23443.30078125,23433.099609375,23437.650390625,0,0.0,0.0
2026-09-21 15:10:00+05:30,23437.650390625,23441.30078125,23423.599609375,23428.900390625,0,0.0,0.0
2026-09-21 15:15:00+05:30,23429.0,23429.0,23429.0,23429.0,0,0.0,0.0
2026-09-22 09:15:00+05:30,23454.05078125,23489.0,23434.099609375,23446.55078125,0,0.0,0.0
2026-09-22 09:20:00+05:30,23446.5,23453.5,23436.44921875,23446.94921875,0,0.0,0.0
2026-09-22 09:25:00+05:30,23447.75,23449.5,23425.80078125,23445.900390625,0,0.0,0.0
2026-09-22 09:30:00+05:30,23445.94921875,23453.900390625,23434.5,23436.69921875,0,0.0,0.0
2026-09-22 09:35:00+05:30,23436.349609375,23453.75,23433.19921875,23451.599609375,0,0.0,0.0
2026-09-22 09:40:00+05:30,23451.69921875,23459.55078125,23442.94921875,23455.94921875,0,0.0,0.0
2026-09-22 09:45:00+05:30,23456.0,23464.55078125,23452.69921875,23455.0,0,0.0,0.0
2026-09-22 09:50:00+05:30,23455.44921875,23461.849609375,23452.05078125,23457.05078125,0,0.0,0.0
2026-09-22 09:55:00+05:30,23457.099609375,23459.349609375,23449.55078125,23456.80078125,0,0.0,0.0
2026-09-22 10:00:00+05:30,23457.19921875,23465.099609375,23453.80078125,23461.05078125,0,0.0,0.0
2026-09-22 10:05:00+05:30,23461.099609375,23469.900390625,23453.0,23467.19921875,0,0.0,0.0
2026-09-22 10:10:00+05:30,23467.05078125,23470.599609375,23457.599609375,23465.30078125,0,0.0,0.0
2026-09-22 10:15:00+05:30,23465.19921875,23465.94921875,23453.150390625,23458.849609375,0,0.0,0.0
2026-09-22 10:20:00+05:30,23458.5,23460.349609375,23435.75,23444.099609375,0,0.0,0.0
2026-09-22 10:25:00+05:30,23444.099609375,23444.349609375,23431.349609375,23437.30078125,0,0.0,0.0
2026-09-22 10:30:00+05:30,23437.349609375,23439.75,23414.25,23422.150390625,0,0.0,0.0
2026-09-22 10:35:00+05:30,23422.25,23422.25,23398.69921875,23400.150390625,0,0.0,0.0
2026-09-22 10:40:00+05:30,23400.150390625,23411.30078125,23368.19921875,23383.30078125,0,0.0,0.0
2026-09-22 10:45:00+05:30,23382.69921875,23385.400390625,23372.599609375,23376.849609375,0,0.0,0.0
2026-09-22 10:50:00+05:30,23376.75,23377.5,23363.099609375,23375.69921875,0,0.0,0.0
2026-09-22 10:55:00+05:30,23375.599609375,23390.75,23373.05078125,23388.650390625,0,0.0,0.0
2026-09-22 11:00:00+05:30,23388.55078125,23390.0,23370.25,23374.80078125,0,0.0,0.0
2026-09-22 11:05:00+05:30,23374.849609375,23379.0,23368.75,23377.75,0,0.0,0.0
2026-09-22 11:10:00+05:30,23377.75,23395.0,23376.80078125,23393.44921875,0,0.0,0.0
2026-09-22 11:15:00+05:30,23393.30078125,23399.150390625,23384.349609375,23385.30078125,0,0.0,0.0
2026-09-22 11:20:00+05:30,23385.19921875,23401.099609375,23384.5,23399.400390625,0,0.0,0.0
2026-09-22 11:25:00+05:30,23399.650390625,23404.0,23391.25,23392.25,0,0.0,0.0
2026-09-22 11:30:00+05:30,23392.150390625,23393.650390625,23378.349609375,23380.69921875,0,0.0,0.0
2026-09-22 11:35:00+05:30,23380.650390625,23381.44921875,23369.94921875,23370.55078125,0,0.0,0.0
2026-09-22 11:40:00+05:30,23370.69921875,23377.150390625,23365.849609375,23371.400390625,0,0.0,0.0
2026-09-22 11:45:00+05:30,23371.400390625,23373.05078125,23357.44921875,23363.5,0,0.0,0.0
2026-09-22 11:50:00+05:30,23363.80078125,23365.0,23352.05078125,23352.19921875,0,0.0,0.0
2026-09-22 11:55:00+05:30,23351.94921875,23361.150390625,23341.5,23360.849609375,0,0.0,0.0
2026-09-22 12:00:00+05:30,23361.05078125,23362.44921875,23353.55078125,23359.30078125,0,0.0,0.0
2026-09-22 12:05:00+05:30,23359.400390625,23365.650390625,23355.25,23365.150390625,0,0.0,0.0
2026-09-22 12:10:00+05:30,23365.150390625,23367.25,23354.349609375,23356.849609375,0,0.0,0.0
2026-09-22 12:15:00+05:30,23356.900390625,23367.25,23350.0,23366.400390625,0,0.0,0.0
2026-09-22 12:20:00+05:30,23366.650390625,23368.099609375,23358.849609375,23360.94921875,0,0.0,0.0
2026-09-22 12:25:00+05:30,23360.849609375,23367.30078125,23356.25,23358.099609375,0,0.0,0.0
2026-09-22 12:30:00+05:30,23358.19921875,23363.849609375,23352.150390625,23363.55078125,0,0.0,0.0
2026-09-22 12:35:00+05:30,23363.55078125,23365.400390625,23355.69921875,23358.05078125,0,0.0,0.0
2026-09-22 12:40:00+05:30,23358.0,23363.19921875,23344.44921875,23345.849609375,0,0.0,0.0
2026-09-22 12:45:00+05:30,23345.94921875,23353.650390625,23340.55078125,23342.69921875,0,0.0,0.0
2026-09-22 12:50:00+05:30,23342.75,23345.650390625,23331.400390625,23334.25,0,0.0,0.0
2026-09-22 12:55:00+05:30,23334.19921875,23339.099609375,23324.650390625,23332.25,0,0.0,0.0
2026-09-22 13:00:00+05:30,23332.099609375,23334.44921875,23319.150390625,23325.30078125,0,0.0,0.0
2026-09-22 13:05:00+05:30,23325.099609375,23341.75,23324.0,23341.19921875,0,0.0,0.0
2026-09-22 13:10:00+05:30,23340.900390625,23343.0,23335.099609375,23339.55078125,0,0.0,0.0
2026-09-22 13:15:00+05:30,23339.150390625,23344.05078125,23329.25,23334.599609375,0,0.0,0.0
2026-09-22 13:20:00+05:30,23334.650390625,23335.94921875,23325.69921875,23331.80078125,0,0.0,0.0
2026-09-22 13:25:00+05:30,23331.80078125,23341.0,23329.150390625,23340.0,0,0.0,0.0
2026-09-22 13:30:00+05:30,23339.849609375,23347.400390625,23338.349609375,23343.599609375,0,0.0,0.0
2026-09-22 13:35:00+05:30,23343.55078125,23348.55078125,23341.19921875,23344.900390625,0,0.0,0.0
2026-09-22 13:40:00+05:30,23344.849609375,23355.349609375,23338.400390625,23339.30078125,0,0.0,0.0
2026-09-22 13:45:00+05:30,23339.349609375,23339.349609375,23321.349609375,23328.75,0,0.0,0.0
2026-09-22 13:50:00+05:30,23328.80078125,23329.19921875,23299.349609375,23307.5,0,0.0,0.0
2026-09-22 13:55:00+05:30,23307.5,23319.849609375,23302.44921875,23305.30078125,0,0.0,0.0
2026-09-22 14:00:00+05:30,23305.19921875,23308.80078125,23285.94921875,23308.400390625,0,0.0,0.0
2026-09-22 14:05:00+05:30,23308.44921875,23313.05078125,23296.099609375,23312.849609375,0,0.0,0.0
2026-09-22 14:10:00+05:30,23312.849609375,23383.900390625,23312.400390625,23383.0,0,0.0,0.0
2026-09-22 14:15:00+05:30,23382.599609375,23402.30078125,23359.599609375,23384.44921875,0,0.0,0.0
2026-09-22 14:20:00+05:30,23384.44921875,23403.099609375,23377.05078125,23378.900390625,0,0.0,0.0
2026-09-22 14:25:00+05:30,23379.05078125,23396.55078125,23378.099609375,23389.75,0,0.0,0.0
2026-09-22 14:30:00+05:30,23389.80078125,23397.650390625,23377.150390625,23381.30078125,0,0.0,0.0
2026-09-22 14:35:00+05:30,23381.30078125,23396.44921875,23379.94921875,23383.55078125,0,0.0,0.0
2026-09-22 14:40:00+05:30,23384.400390625,23389.400390625,23359.900390625,23368.75,0,0.0,0.0
2026-09-22 14:45:00+05:30,23369.0,23381.94921875,23367.599609375,23371.650390625,0,0.0,0.0
2026-09-22 14:50:00+05:30,23372.25,23383.5,23367.75,23378.0,0,0.0,0.0
2026-09-22 14:55:00+05:30,23378.30078125,23379.30078125,23350.75,23357.900390625,0,0.0,0.0
2026-09-22 15:00:00+05:30,23357.69921875,23365.30078125,23353.05078125,23357.900390625,0,0.0,0.0
2026-09-22 15:05:00+05:30,23358.25,23363.80078125,23348.55078125,23357.0,0,0.0,0.0
2026-09-22 15:10:00+05:30,23356.849609375,23363.5,23346.69921875,23348.099609375,0,0.0,0.0
2026-09-22 15:15:00+05:30,23349.55078125,23349.55078125,23349.5,23349.5,0,0.0,0.0
2026-09-22 15:20:00+05:30,23349.5,23349.5,23349.5,23349.5,0,0.0,0.0
2026-09-22 15:25:00+05:30,23349.5,23349.5,23329.0,23329.0,0,0.0,0.0
