Datetime,Open,High,Low,Close,Volume,Dividends,Stock Splits
2026-07-30 09:15:00+05:30,77638.859375,77691.7109375,77458.7578125,77668.4609375,0,0.0,0.0
2026-07-30 09:20:00+05:30,77665.203125,77716.15625,77639.7890625,77703.9296875,0,0.0,0.0
2026-07-30 09:25:00+05:30,77706.078125,77734.15625,77684.609375,77718.3125,0,0.0,0.0
2026-07-30 09:30:00+05:30,77713.296875,77735.15625,77675.796875,77690.5390625,0,0.0,0.0
2026-07-30 09:35:00+05:30,77687.28125,77712.390625,77622.5,77641.7421875,0,0.0,0.0
2026-07-30 09:40:00+05:30,77639.7109375,77656.71875,77597.953125,77639.40625,0,0.0,0.0
2026-07-30 09:45:00+05:30,77636.3828125,77719.5625,77602.7734375,77672.03125,0,0.0,0.0
2026-07-30 09:50:00+05:30,77674.7265625,77721.671875,77629.7265625,77647.859375,0,0.0,0.0
2026-07-30 09:55:00+05:30,77647.703125,77715.1015625,77626.09375,77683.46875,0,0.0,0.0
2026-07-30 10:00:00+05:30,77682.9609375,77735.3671875,77679.7421875,77721.7109375,0,0.0,0.0
2026-07-30 10:05:00+05:30,77727.53125,77731.9609375,77645.2421875,77645.2421875,0,0.0,0.0
2026-07-30 10:10:00+05:30,77647.296875,77678.859375,77592.2578125,77611.4375,0,0.0,0.0
2026-07-30 10:15:00+05:30,77613.1796875,77667.0390625,77596.78125,77616.5,0,0.0,0.0
2026-07-30 10:20:00+05:30,77615.7421875,77627.9921875,77568.3125,77620.53125,0,0.0,0.0
2026-07-30 10:25:00+05:30,77618.6171875,77633.4765625,77555.203125,77556.7890625,0,0.0,0.0
2026-07-30 10:30:00+05:30,77559.1171875,77570.0234375,77527.640625,77570.0234375,0,0.0,0.0
2026-07-30 10:35:00+05:30,77569.4296875,77618.6171875,77555.4765625,77602.7890625,0,0.0,0.0
2026-07-30 10:40:00+05:30,77597.40625,77659.453125,77584.078125,77655.6328125,0,0.0,0.0
2026-07-30 10:45:00+05:30,77654.0390625,77669.296875,77619.6875,77645.671875,0,0.0,0.0
2026-07-30 10:50:00+05:30,77644.0390625,77697.328125,77639.5078125,77641.25,0,0.0,0.0
2026-07-30 10:55:00+05:30,77640.609375,77675.3125,77623.2265625,77646.1015625,0,0.0,0.0
2026-07-30 11:00:00+05:30,77641.6328125,77670.453125,77611.2734375,77670.453125,0,0.0,0.0
2026-07-30 11:05:00+05:30,77672.609375,77676.5,77615.8125,77643.390625,0,0.0,0.0
2026-07-30 11:10:00+05:30,77645.53125,77702.90625,77644.078125,77690.0390625,0,0.0,0.0
2026-07-30 11:15:00+05:30,77689.8125,77749.7578125,77670.109375,77696.5078125,0,0.0,0.0
2026-07-30 11:20:00+05:30,77694.609375,77724.25,77655.6171875,77669.0078125,0,0.0,0.0
2026-07-30 11:25:00+05:30,77669.2890625,77732.4375,77665.328125,77708.328125,0,0.0,0.0
2026-07-30 11:30:00+05:30,77709.5625,77736.59375,77674.453125,77718.78125,0,0.0,0.0
2026-07-30 11:35:00+05:30,77722.9765625,77731.5234375,77692.1015625,77711.59375,0,0.0,0.0
2026-07-30 11:40:00+05:30,77695.09375,77720.546875,77680.921875,77695.9296875,0,0.0,0.0
2026-07-30 11:45:00+05:30,77695.9296875,77695.9296875,77634.8125,77657.421875,0,0.0,0.0
2026-07-30 11:50:00+05:30,77657.4765625,77679.71875,77632.1171875,77656.7109375,0,0.0,0.0
2026-07-30 11:55:00+05:30,77656.7109375,77695.0625,77651.6484375,77682.390625,0,0.0,0.0
2026-07-30 12:00:00+05:30,77682.3203125,77682.359375,77644.5,77674.09375,0,0.0,0.0
2026-07-30 12:05:00+05:30,77673.75,77698.15625,77650.0078125,77659.53125,0,0.0,0.0
2026-07-30 12:10:00+05:30,77657.6171875,77675.3203125,77637.65625,77663.140625,0,0.0,0.0
2026-07-30 12:15:00+05:30,77664.0,77698.3671875,77627.0,77679.03125,0,0.0,0.0
2026-07-30 12:20:00+05:30,77679.03125,77705.9609375,77659.859375,77663.8828125,0,0.0,0.0
2026-07-30 12:25:00+05:30,77663.8828125,77704.203125,77652.359375,77699.640625,0,0.0,0.0
2026-07-30 12:30:00+05:30,77698.46875,77899.4296875,77686.09375,77847.6875,0,0.0,0.0
2026-07-30 12:35:00+05:30,77846.4375,77882.6484375,77784.34375,77815.109375,0,0.0,0.0
2026-07-30 12:40:00+05:30,77815.4609375,77872.1328125,77795.6328125,77865.8203125,0,0.0,0.0
2026-07-30 12:45:00+05:30,77865.8203125,77865.8203125,77790.0703125,77811.109375,0,0.0,0.0
2026-07-30 12:50:00+05:30,77838.046875,77838.8984375,77780.3984375,77812.078125,0,0.0,0.0
2026-07-30 12:55:00+05:30,77814.3828125,77830.8828125,77790.21875,77800.640625,0,0.0,0.0
2026-07-30 13:00:00+05:30,77795.84375,77801.3203125,77749.640625,77764.5703125,0,0.0,0.0
2026-07-30 13:05:00+05:30,77765.2890625,77809.140625,77746.6484375,77766.9375,0,0.0,0.0
2026-07-30 13:10:00+05:30,77766.0234375,77768.1484375,77656.2734375,77702.84375,0,0.0,0.0
2026-07-30 13:15:00+05:30,77701.6171875,77712.1015625,77686.9921875,77700.5625,0,0.0,0.0
2026-07-30 13:20:00+05:30,77700.5625,77757.859375,77693.53125,77753.3828125,0,0.0,0.0
2026-07-30 13:25:00+05:30,77753.3828125,77761.0625,77713.3515625,77727.953125,0,0.0,0.0
2026-07-30 13:30:00+05:30,77723.921875,77748.359375,77690.8984375,77724.2578125,0,0.0,0.0
2026-07-30 13:35:00+05:30,77724.65625,77804.296875,77717.6015625,77778.3828125,0,0.0,0.0
2026-07-30 13:40:00+05:30,77776.890625,77816.5078125,77774.90625,77791.0078125,0,0.0,0.0
2026-07-30 13:45:00+05:30,77790.5,77790.5,77738.4375,77752.203125,0,0.0,0.0
2026-07-30 13:50:00+05:30,77752.203125,77793.140625,77708.5703125,77793.140625,0,0.0,0.0
2026-07-30 13:55:00+05:30,77794.8515625,77794.8515625,77711.5234375,77756.9609375,0,0.0,0.0
2026-07-30 14:00:00+05:30,77757.3125,77761.9296875,77711.6171875,77742.78125,0,0.0,0.0
2026-07-30 14:05:00+05:30,77743.640625,77745.0703125,77661.8984375,77669.859375,0,0.0,0.0
2026-07-30 14:10:00+05:30,77672.71875,77697.3125,77649.609375,77649.609375,0,0.0,0.0
2026-07-30 14:15:00+05:30,77652.2734375,77675.546875,77610.2265625,77651.4609375,0,0.0,0.0
2026-07-30 14:20:00+05:30,77647.6015625,77652.578125,77583.5625,77631.8828125,0,0.0,0.0
2026-07-30 14:25:00+05:30,77629.90625,77634.2109375,77561.6171875,77603.5390625,0,0.0,0.0
2026-07-30 14:30:00+05:30,77571.6171875,77673.4296875,77554.53125,77610.2109375,0,0.0,0.0
2026-07-30 14:35:00+05:30,77608.921875,77704.9921875,77588.203125,77704.9921875,0,0.0,0.0
2026-07-30 14:40:00+05:30,77701.546875,77709.5078125,77635.34375,77679.46875,0,0.0,0.0
2026-07-30 14:45:00+05:30,77684.78125,77757.6796875,77633.4296875,77724.0625,0,0.0,0.0
2026-07-30 14:50:00+05:30,77724.3125,77739.1796875,77685.2109375,77691.4765625,0,0.0,0.0
2026-07-30 14:55:00+05:30,77690.6484375,77736.1796875,77670.171875,77724.859375,0,0.0,0.0
2026-07-30 15:00:00+05:30,77718.21875,77813.203125,77691.0625,77793.5078125,0,0.0,0.0
2026-07-30 15:05:00+05:30,77794.6171875,77907.3515625,77792.171875,77860.3984375,0,0.0,0.0
2026-07-30 15:10:00+05:30,77861.0703125,77911.90625,77857.140625,77884.3828125,0,0.0,0.0
2026-07-30 15:15:00+05:30,77877.78125,77877.78125,77836.4765625,77836.640625,0,0.0,0.0
2026-07-30 15:20:00+05:30,77836.640625,77921.1328125,77836.640625,77921.1328125,0,0.0,0.0
2026-07-30 15:25:00+05:30,77921.1328125,77960.1015625,77921.1328125,77928.1328125,0,0.0,0.0
2026-07-31 09:15:00+05:30,77975.7890625,78041.8828125,77897.078125,77965.53125,0,0.0,0.0
2026-07-31 09:20:00+05:30,77962.7109375,78018.2109375,77935.7734375,77982.6171875,0,0.0,0.0
2026-07-31 09:25:00+05:30,77981.5078125,77997.640625,77945.21875,77966.3671875,0,0.0,0.0
2026-07-31 09:30:00+05:30,77966.546875,77966.6875,77839.921875,77840.5390625,0,0.0,0.0
2026-07-31 09:35:00+05:30,77844.84375,77858.21875,77811.28125,77843.578125,0,0.0,0.0
2026-07-31 09:40:00+05:30,77842.0078125,77987.0703125,77834.6875,77980.8125,0,0.0,0.0
2026-07-31 09:45:00+05:30,77981.703125,78013.671875,77939.1328125,78011.7265625,0,0.0,0.0
2026-07-31 09:50:00+05:30,78006.5703125,78006.5703125,77935.4921875,77988.2578125,0,0.0,0.0
2026-07-31 09:55:00+05:30,77993.7578125,78018.1328125,77976.796875,77994.3984375,0,0.0,0.0
2026-07-31 10:00:00+05:30,77995.96875,78005.6484375,77958.8984375,77969.390625,0,0.0,0.0
2026-07-31 10:05:00+05:30,77970.046875,77975.6015625,77917.421875,77940.859375,0,0.0,0.0
2026-07-31 10:10:00+05:30,77939.84375,77975.84375,77928.75,77954.84375,0,0.0,0.0
2026-07-31 10:15:00+05:30,77953.7734375,77967.046875,77922.390625,77958.1171875,0,0.0,0.0
2026-07-31 10:20:00+05:30,77957.96875,77985.7578125,77954.7109375,77982.21875,0,0.0,0.0
2026-07-31 10:25:00+05:30,77979.7109375,77985.9921875,77953.78125,77978.9375,0,0.0,0.0
2026-07-31 10:30:00+05:30,77976.578125,77978.21875,77927.84375,77936.8203125,0,0.0,0.0
2026-07-31 10:35:00+05:30,77937.8515625,78002.609375,77920.0,77992.2421875,0,0.0,0.0
2026-07-31 10:40:00+05:30,77991.8515625,78002.6328125,77976.8203125,77992.453125,0,0.0,0.0
2026-07-31 10:45:00+05:30,77989.921875,78022.46875,77983.859375,77995.5,0,0.0,0.0
2026-07-31 10:50:00+05:30,77993.8671875,77998.90625,77952.640625,77978.1328125,0,0.0,0.0
2026-07-31 10:55:00+05:30,77976.46875,78000.5703125,77964.1875,77993.15625,0,0.0,0.0
2026-07-31 11:00:00+05:30,77993.25,78003.1484375,77964.53125,77996.25,0,0.0,0.0
2026-07-31 11:05:00+05:30,77996.2578125,77998.828125,77936.59375,77938.6796875,0,0.0,0.0
2026-07-31 11:10:00+05:30,77939.1171875,78003.640625,77927.921875,78002.4609375,0,0.0,0.0
2026-07-31 11:15:00+05:30,78007.703125,78029.359375,78001.9765625,78029.359375,0,0.0,0.0
2026-07-31 11:20:00+05:30,78026.5625,78049.1171875,78020.7109375,78042.6796875,0,0.0,0.0
2026-07-31 11:25:00+05:30,78042.9921875,78073.1015625,78032.46875,78041.4296875,0,0.0,0.0
2026-07-31 11:30:00+05:30,78041.0703125,78053.671875,78015.109375,78023.09375,0,0.0,0.0
2026-07-31 11:35:00+05:30,78026.7265625,78045.671875,78017.1796875,78027.4609375,0,0.0,0.0
2026-07-31 11:40:00+05:30,78026.25,78036.8203125,78012.1484375,78034.8515625,0,0.0,0.0
2026-07-31 11:45:00+05:30,78035.296875,78042.5390625,78016.2265625,78024.171875,0,0.0,0.0
2026-07-31 11:50:00+05:30,78026.34375,78044.90625,78015.859375,78027.203125,0,0.0,0.0
2026-07-31 11:55:00+05:30,78031.453125,78051.96875,78029.6484375,78036.9765625,0,0.0,0.0
2026-07-31 12:00:00+05:30,78036.2265625,78054.7421875,78027.65625,78030.6015625,0,0.0,0.0
2026-07-31 12:05:00+05:30,78028.6796875,78070.8984375,78027.703125,78055.9296875,0,0.0,0.0
2026-07-31 12:10:00+05:30,78054.796875,78088.78125,78046.4296875,78083.34375,0,0.0,0.0
2026-07-31 12:15:00+05:30,78084.421875,78106.953125,78076.328125,78077.140625,0,0.0,0.0
2026-07-31 12:20:00+05:30,78078.9296875,78100.828125,78075.6796875,78096.203125,0,0.0,0.0
2026-07-31 12:25:00+05:30,78095.546875,78139.34375,78091.9765625,78129.296875,0,0.0,0.0
2026-07-31 12:30:00+05:30,78125.796875,78143.6015625,78093.4609375,78142.2734375,0,0.0,0.0
2026-07-31 12:35:00+05:30,78142.5703125,78159.1875,78132.2734375,78150.90625,0,0.0,0.0
2026-07-31 12:40:00+05:30,78151.5390625,78179.71875,78151.5390625,78175.3203125,0,0.0,0.0
2026-07-31 12:45:00+05:30,78178.3125,78215.4921875,78169.7734375,78209.5625,0,0.0,0.0
2026-07-31 12:50:00+05:30,78211.640625,78212.96875,78179.359375,78206.09375,0,0.0,0.0
2026-07-31 12:55:00+05:30,78206.6484375,78251.78125,78198.71875,78222.5625,0,0.0,0.0
2026-07-31 13:00:00+05:30,78224.3515625,78233.2109375,78204.7890625,78229.6875,0,0.0,0.0
2026-07-31 13:05:00+05:30,78230.5078125,78270.6875,78226.7734375,78251.890625,0,0.0,0.0
2026-07-31 13:10:00+05:30,78253.109375,78253.90625,78219.0625,78224.6015625,0,0.0,0.0
2026-07-31 13:15:00+05:30,78224.1171875,78245.53125,78217.6328125,78243.0078125,0,0.0,0.0
2026-07-31 13:20:00+05:30,78244.328125,78253.2109375,78226.390625,78252.71875,0,0.0,0.0
2026-07-31 13:25:00+05:30,78255.1328125,78267.0390625,78224.6796875,78242.2734375,0,0.0,0.0
2026-07-31 13:30:00+05:30,78244.2890625,78244.2890625,78172.359375,78176.53125,0,0.0,0.0
2026-07-31 13:35:00+05:30,78182.953125,78210.640625,78168.71875,78176.2265625,0,0.0,0.0
2026-07-31 13:40:00+05:30,78180.5625,78181.4296875,78148.796875,78167.5625,0,0.0,0.0
2026-07-31 13:45:00+05:30,78167.25,78181.609375,78142.9375,78181.609375,0,0.0,0.0
2026-07-31 13:50:00+05:30,78180.4921875,78187.203125,78156.046875,78184.4921875,0,0.0,0.0
2026-07-31 13:55:00+05:30,78185.3515625,78212.21875,78177.953125,78204.6015625,0,0.0,0.0
2026-07-31 14:00:00+05:30,78205.25,78215.3515625,78157.421875,78157.421875,0,0.0,0.0
2026-07-31 14:05:00+05:30,78157.421875,78160.1015625,78123.8203125,78138.0625,0,0.0,0.0
2026-07-31 14:10:00+05:30,78135.09375,78188.03125,78132.34375,78174.9609375,0,0.0,0.0
2026-07-31 14:15:00+05:30,78176.6171875,78182.046875,78135.2109375,78144.0078125,0,0.0,0.0
2026-07-31 14:20:00+05:30,78137.7109375,78162.453125,78134.1171875,78161.5703125,0,0.0,0.0
2026-07-31 14:25:00+05:30,78162.1796875,78193.203125,78140.703125,78153.1484375,0,0.0,0.0
2026-07-31 14:30:00+05:30,78154.0,78172.6328125,78076.1796875,78083.203125,0,0.0,0.0
2026-07-31 14:35:00+05:30,78085.09375,78096.953125,78059.28125,78077.71875,0,0.0,0.0
2026-07-31 14:40:00+05:30,78078.5234375,78078.5234375,78018.75,78039.4375,0,0.0,0.0
2026-07-31 14:45:00+05:30,78038.6015625,78069.28125,78029.1171875,78062.6171875,0,0.0,0.0
2026-07-31 14:50:00+05:30,78064.0078125,78076.328125,78039.5625,78054.3828125,0,0.0,0.0
2026-07-31 14:55:00+05:30,78053.5,78058.78125,78013.1484375,78023.9609375,0,0.0,0.0
2026-07-31 15:00:00+05:30,78021.109375,78113.109375,78021.109375,78112.890625,0,0.0,0.0
2026-07-31 15:05:00+05:30,78113.296875,78154.3984375,78100.421875,78148.65625,0,0.0,0.0
2026-07-31 15:10:00+05:30,78152.546875,78160.9296875,78126.2578125,78134.25,0,0.0,0.0
2026-07-31 15:15:00+05:30,78137.6484375,78137.6484375,78108.3984375,78109.0703125,0,0.0,0.0
2026-07-31 15:20:00+05:30,78109.0703125,78109.140625,78103.6875,78103.6875,0,0.0,0.0
2026-07-31 15:25:00+05:30,78103.96875,78105.59375,78094.171875,78094.640625,0,0.0,0.0
2026-08-03 09:15:00+05:30,78809.8203125,78809.8203125,78505.6484375,78573.46875,0,0.0,0.0
2026-08-03 09:20:00+05:30,78579.6171875,78609.1328125,78518.84375,78554.4609375,0,0.0,0.0
2026-08-03 09:25:00+05:30,78556.6796875,78638.609375,78541.84375,78638.2890625,0,0.0,0.0
2026-08-03 09:30:00+05:30,78638.4765625,78652.78125,78590.609375,78626.296875,0,0.0,0.0
2026-08-03 09:35:00+05:30,78626.546875,78646.109375,78598.203125,78632.75,0,0.0,0.0
2026-08-03 09:40:00+05:30,78630.359375,78653.9296875,78619.7578125,78639.609375,0,0.0,0.0
2026-08-03 09:45:00+05:30,78641.8203125,78646.65625,78610.40625,78622.03125,0,0.0,0.0
2026-08-03 09:50:00+05:30,78624.5078125,78662.828125,78613.7578125,78659.703125,0,0.0,0.0
2026-08-03 09:55:00+05:30,78657.7734375,78689.2890625,78650.421875,78661.2421875,0,0.0,0.0
2026-08-03 10:00:00+05:30,78660.75,78698.578125,78646.3203125,78677.453125,0,0.0,0.0
2026-08-03 10:05:00+05:30,78678.546875,78699.109375,78650.5625,78676.6171875,0,0.0,0.0
2026-08-03 10:10:00+05:30,78678.8203125,78718.21875,78662.21875,78711.28125,0,0.0,0.0
2026-08-03 10:15:00+05:30,78711.71875,78762.1328125,78709.28125,78756.6171875,0,0.0,0.0
2026-08-03 10:20:00+05:30,78755.2421875,78755.2421875,78687.0078125,78712.640625,0,0.0,0.0
2026-08-03 10:25:00+05:30,78712.359375,78733.671875,78702.15625,78714.7421875,0,0.0,0.0
2026-08-03 10:30:00+05:30,78707.8125,78729.78125,78664.828125,78678.421875,0,0.0,0.0
2026-08-03 10:35:00+05:30,78679.328125,78719.8125,78644.9765625,78718.921875,0,0.0,0.0
2026-08-03 10:40:00+05:30,78722.53125,78727.6015625,78694.3203125,78705.7578125,0,0.0,0.0
2026-08-03 10:45:00+05:30,78705.3515625,78720.3203125,78688.6875,78720.3203125,0,0.0,0.0
2026-08-03 10:50:00+05:30,78713.0234375,78740.9609375,78712.828125,78725.5078125,0,0.0,0.0
2026-08-03 10:55:00+05:30,78726.859375,78747.7734375,78701.921875,78710.8203125,0,0.0,0.0
2026-08-03 11:00:00+05:30,78712.0078125,78768.4765625,78706.453125,78758.0390625,0,0.0,0.0
2026-08-03 11:05:00+05:30,78758.0390625,78774.3828125,78744.6796875,78744.6796875,0,0.0,0.0
2026-08-03 11:10:00+05:30,78744.59375,78758.71875,78716.3203125,78737.3515625,0,0.0,0.0
2026-08-03 11:15:00+05:30,78737.3515625,78763.5,78731.28125,78747.8828125,0,0.0,0.0
2026-08-03 11:20:00+05:30,78745.140625,78763.03125,78732.3515625,78754.5,0,0.0,0.0
2026-08-03 11:25:00+05:30,78754.359375,78760.6015625,78731.953125,78738.953125,0,0.0,0.0
2026-08-03 11:30:00+05:30,78740.9921875,78745.046875,78703.921875,78711.9765625,0,0.0,0.0
2026-08-03 11:35:00+05:30,78712.7734375,78749.8203125,78708.2734375,78743.5078125,0,0.0,0.0
2026-08-03 11:40:00+05:30,78743.15625,78761.6796875,78729.1796875,78731.8515625,0,0.0,0.0
2026-08-03 11:45:00+05:30,78732.4765625,78753.1015625,78705.9765625,78748.3828125,0,0.0,0.0
2026-08-03 11:50:00+05:30,78750.0703125,78774.6015625,78743.359375,78753.859375,0,0.0,0.0
2026-08-03 11:55:00+05:30,78754.6328125,78754.7578125,78709.2734375,78728.90625,0,0.0,0.0
2026-08-03 12:00:00+05:30,78729.921875,78738.9765625,78708.3828125,78720.46875,0,0.0,0.0
2026-08-03 12:05:00+05:30,78719.9375,78755.3203125,78718.2421875,78754.359375,0,0.0,0.0
2026-08-03 12:10:00+05:30,78755.09375,78770.8828125,78740.4375,78770.828125,0,0.0,0.0
2026-08-03 12:15:00+05:30,78770.84375,78791.6328125,78758.5078125,78781.40625,0,0.0,0.0
2026-08-03 12:20:00+05:30,78779.9375,78785.2265625,78749.1875,78773.8984375,0,0.0,0.0
2026-08-03 12:25:00+05:30,78774.703125,78786.6484375,78767.0,78767.0703125,0,0.0,0.0
2026-08-03 12:30:00+05:30,78770.1171875,78777.2421875,78734.0234375,78739.21875,0,0.0,0.0
2026-08-03 12:35:00+05:30,78740.2578125,78744.2421875,78705.453125,78707.75,0,0.0,0.0
2026-08-03 12:40:00+05:30,78707.4765625,78742.75,78700.7421875,78736.2421875,0,0.0,0.0
2026-08-03 12:45:00+05:30,78735.328125,78760.25,78668.1328125,78685.40625,0,0.0,0.0
2026-08-03 12:50:00+05:30,78683.4296875,78723.8671875,78682.3125,78720.9765625,0,0.0,0.0
2026-08-03 12:55:00+05:30,78719.890625,78722.5703125,78695.3125,78701.3671875,0,0.0,0.0
2026-08-03 13:00:00+05:30,78702.6875,78710.2890625,78678.59375,78684.78125,0,0.0,0.0
2026-08-03 13:05:00+05:30,78684.703125,78702.359375,78672.71875,78696.4375,0,0.0,0.0
2026-08-03 13:10:00+05:30,78694.2890625,78704.078125,78676.671875,78680.9609375,0,0.0,0.0
2026-08-03 13:15:00+05:30,78682.890625,78710.6328125,78674.046875,78710.0234375,0,0.0,0.0
2026-08-03 13:20:00+05:30,78709.3203125,78719.0703125,78695.203125,78700.8203125,0,0.0,0.0
2026-08-03 13:25:00+05:30,78703.2265625,78731.5703125,78701.203125,78717.15625,0,0.0,0.0
2026-08-03 13:30:00+05:30,78717.15625,78754.078125,78707.703125,78744.78125,0,0.0,0.0
2026-08-03 13:35:00+05:30,78748.6171875,78781.2578125,78738.09375,78747.3828125,0,0.0,0.0
2026-08-03 13:40:00+05:30,78744.90625,78768.2421875,78707.3515625,78765.671875,0,0.0,0.0
2026-08-03 13:45:00+05:30,78764.9921875,78764.9921875,78736.75,78746.8828125,0,0.0,0.0
2026-08-03 13:50:00+05:30,78745.9765625,78749.359375,78713.421875,78721.6328125,0,0.0,0.0
2026-08-03 13:55:00+05:30,78720.2734375,78732.9765625,78704.2578125,78722.4765625,0,0.0,0.0
2026-08-03 14:00:00+05:30,78722.9765625,78737.1171875,78715.578125,78724.15625,0,0.0,0.0
2026-08-03 14:05:00+05:30,78725.359375,78743.5,78724.5234375,78733.3515625,0,0.0,0.0
2026-08-03 14:10:00+05:30,78733.1171875,78751.3203125,78717.65625,78746.09375,0,0.0,0.0
2026-08-03 14:15:00+05:30,78749.78125,78753.1875,78703.421875,78707.7109375,0,0.0,0.0
2026-08-03 14:20:00+05:30,78710.46875,78736.9921875,78702.6171875,78707.3984375,0,0.0,0.0
2026-08-03 14:25:00+05:30,78707.0625,78743.2109375,78707.0625,78739.9765625,0,0.0,0.0
2026-08-03 14:30:00+05:30,78739.5703125,78744.5234375,78722.4765625,78742.21875,0,0.0,0.0
2026-08-03 14:35:00+05:30,78742.59375,78770.3125,78733.53125,78764.5,0,0.0,0.0
2026-08-03 14:40:00+05:30,78764.4609375,78775.7265625,78753.3828125,78762.9296875,0,0.0,0.0
2026-08-03 14:45:00+05:30,78762.9296875,78774.5,78757.3828125,78766.078125,0,0.0,0.0
2026-08-03 14:50:00+05:30,78766.78125,78773.7578125,78739.96875,78748.4921875,0,0.0,0.0
2026-08-03 14:55:00+05:30,78748.328125,78771.25,78745.78125,78748.3515625,0,0.0,0.0
2026-08-03 15:00:00+05:30,78743.890625,78760.7890625,78713.75,78725.890625,0,0.0,0.0
2026-08-03 15:05:00+05:30,78723.3828125,78723.3828125,78630.0625,78675.2109375,0,0.0,0.0
2026-08-03 15:10:00+05:30,78674.421875,78712.0,78623.0078125,78676.1015625,0,0.0,0.0
2026-08-03 15:15:00+05:30,78677.1328125,78707.9609375,78677.1328125,78707.9609375,0,0.0,0.0
2026-08-03 15:20:00+05:30,78700.4921875,78706.28125,78596.328125,78610.1171875,0,0.0,0.0
2026-08-03 15:25:00+05:30,78624.4375,78640.9609375,78624.4375,78639.03125,0,0.0,0.0
2026-08-04 09:15:00+05:30,79132.96875,79132.96875,78733.5625,78750.2109375,0,0.0,0.0
2026-08-04 09:20:00+05:30,78752.2109375,78837.609375,78747.421875,78814.3515625,0,0.0,0.0
2026-08-04 09:25:00+05:30,78813.5078125,78816.0625,78730.3671875,78737.921875,0,0.0,0.0
2026-08-04 09:30:00+05:30,78739.15625,78746.5390625,78698.671875,78699.0234375,0,0.0,0.0
2026-08-04 09:35:00+05:30,78698.9296875,78761.7734375,78698.9296875,78753.2265625,0,0.0,0.0
2026-08-04 09:40:00+05:30,78752.421875,78847.0,78750.296875,78838.5078125,0,0.0,0.0
2026-08-04 09:45:00+05:30,78841.078125,78864.5234375,78824.46875,78860.4765625,0,0.0,0.0
2026-08-04 09:50:00+05:30,78859.2421875,78901.8828125,78845.546875,78851.7890625,0,0.0,0.0
2026-08-04 09:55:00+05:30,78849.34375,78871.9375,78833.578125,78842.4609375,0,0.0,0.0
2026-08-04 10:00:00+05:30,78842.75,78855.2578125,78817.6796875,78828.53125,0,0.0,0.0
2026-08-04 10:05:00+05:30,78827.84375,78841.046875,78773.5390625,78774.578125,0,0.0,0.0
2026-08-04 10:10:00+05:30,78775.296875,78794.6015625,78760.4765625,78780.5234375,0,0.0,0.0
2026-08-04 10:15:00+05:30,78780.7734375,78797.9921875,78761.84375,78785.2265625,0,0.0,0.0
2026-08-04 10:20:00+05:30,78787.171875,78787.171875,78711.640625,78719.140625,0,0.0,0.0
2026-08-04 10:25:00+05:30,78716.28125,78718.0390625,78699.2734375,78704.8828125,0,0.0,0.0
2026-08-04 10:30:00+05:30,78706.0390625,78712.4921875,78663.8203125,78678.40625,0,0.0,0.0
2026-08-04 10:35:00+05:30,78678.40625,78679.421875,78662.328125,78670.2578125,0,0.0,0.0
2026-08-04 10:40:00+05:30,78671.4375,78685.3125,78661.9609375,78669.546875,0,0.0,0.0
2026-08-04 10:45:00+05:30,78669.2734375,78675.4921875,78654.03125,78675.109375,0,0.0,0.0
2026-08-04 10:50:00+05:30,78673.25,78689.9296875,78665.6015625,78668.359375,0,0.0,0.0
2026-08-04 10:55:00+05:30,78668.359375,78673.6015625,78627.7578125,78647.6015625,0,0.0,0.0
2026-08-04 11:00:00+05:30,78648.296875,78695.2109375,78645.21875,78683.8671875,0,0.0,0.0
2026-08-04 11:05:00+05:30,78683.8671875,78703.2421875,78676.4921875,78690.328125,0,0.0,0.0
2026-08-04 11:10:00+05:30,78688.9609375,78698.421875,78673.8203125,78688.828125,0,0.0,0.0
2026-08-04 11:15:00+05:30,78689.2421875,78719.890625,78686.25,78708.96875,0,0.0,0.0
2026-08-04 11:20:00+05:30,78707.34375,78708.09375,78676.7734375,78678.671875,0,0.0,0.0
2026-08-04 11:25:00+05:30,78682.0234375,78696.2265625,78651.8984375,78653.5234375,0,0.0,0.0
2026-08-04 11:30:00+05:30,78649.0234375,78668.859375,78622.546875,78629.4921875,0,0.0,0.0
2026-08-04 11:35:00+05:30,78628.7734375,78633.3671875,78593.546875,78620.1328125,0,0.0,0.0
2026-08-04 11:40:00+05:30,78621.140625,78621.3671875,78575.1171875,78582.84375,0,0.0,0.0
2026-08-04 11:45:00+05:30,78584.140625,78586.8828125,78510.9765625,78519.8203125,0,0.0,0.0
2026-08-04 11:50:00+05:30,78519.8203125,78527.390625,78503.7578125,78508.0,0,0.0,0.0
2026-08-04 11:55:00+05:30,78511.4765625,78522.9375,78480.7578125,78486.8125,0,0.0,0.0
2026-08-04 12:00:00+05:30,78490.328125,78503.21875,78429.1171875,78484.59375,0,0.0,0.0
2026-08-04 12:05:00+05:30,78484.609375,78493.796875,78428.578125,78437.203125,0,0.0,0.0
2026-08-04 12:10:00+05:30,78436.15625,78450.7109375,78401.4375,78448.140625,0,0.0,0.0
2026-08-04 12:15:00+05:30,78448.1171875,78486.8671875,78433.4765625,78486.8671875,0,0.0,0.0
2026-08-04 12:20:00+05:30,78484.6484375,78492.203125,78459.7265625,78483.0625,0,0.0,0.0
2026-08-04 12:25:00+05:30,78483.0625,78488.828125,78450.8671875,78470.15625,0,0.0,0.0
2026-08-04 12:30:00+05:30,78467.390625,78470.2109375,78441.09375,78442.2109375,0,0.0,0.0
2026-08-04 12:35:00+05:30,78443.34375,78446.25,78394.2890625,78423.9296875,0,0.0,0.0
2026-08-04 12:40:00+05:30,78423.9296875,78428.5078125,78373.9921875,78394.140625,0,0.0,0.0
2026-08-04 12:45:00+05:30,78390.921875,78424.59375,78390.921875,78411.453125,0,0.0,0.0
2026-08-04 12:50:00+05:30,78411.453125,78435.4609375,78405.578125,78410.5,0,0.0,0.0
2026-08-04 12:55:00+05:30,78410.4765625,78414.2890625,78370.1875,78370.1875,0,0.0,0.0
2026-08-04 13:00:00+05:30,78370.1875,78403.8984375,78362.84375,78395.0703125,0,0.0,0.0
2026-08-04 13:05:00+05:30,78395.328125,78398.1015625,78362.1328125,78367.671875,0,0.0,0.0
2026-08-04 13:10:00+05:30,78368.65625,78378.078125,78349.2578125,78356.8203125,0,0.0,0.0
2026-08-04 13:15:00+05:30,78355.4609375,78363.109375,78335.84375,78350.140625,0,0.0,0.0
2026-08-04 13:20:00+05:30,78350.140625,78376.671875,78319.46875,78368.609375,0,0.0,0.0
2026-08-04 13:25:00+05:30,78369.2109375,78378.9765625,78314.6796875,78323.828125,0,0.0,0.0
2026-08-04 13:30:00+05:30,78323.7421875,78328.3515625,78290.28125,78305.859375,0,0.0,0.0
2026-08-04 13:35:00+05:30,78305.859375,78336.21875,78296.8515625,78332.421875,0,0.0,0.0
2026-08-04 13:40:00+05:30,78330.84375,78334.6796875,78295.59375,78295.59375,0,0.0,0.0
2026-08-04 13:45:00+05:30,78293.3125,78318.640625,78281.0,78312.78125,0,0.0,0.0
2026-08-04 13:50:00+05:30,78316.96875,78330.609375,78254.65625,78266.546875,0,0.0,0.0
2026-08-04 13:55:00+05:30,78265.03125,78276.1015625,78212.5703125,78271.078125,0,0.0,0.0
2026-08-04 14:00:00+05:30,78271.078125,78272.03125,78241.7109375,78258.3515625,0,0.0,0.0
2026-08-04 14:05:00+05:30,78259.2109375,78295.4296875,78254.6484375,78274.171875,0,0.0,0.0
2026-08-04 14:10:00+05:30,78277.390625,78318.3515625,78277.1796875,78317.453125,0,0.0,0.0
2026-08-04 14:15:00+05:30,78317.140625,78376.9609375,78302.75,78376.9609375,0,0.0,0.0
2026-08-04 14:20:00+05:30,78375.96875,78398.109375,78334.9609375,78348.65625,0,0.0,0.0
2026-08-04 14:25:00+05:30,78348.65625,78376.046875,78315.9765625,78338.0234375,0,0.0,0.0
2026-08-04 14:30:00+05:30,78338.0234375,78404.9765625,78291.8828125,78300.171875,0,0.0,0.0
2026-08-04 14:35:00+05:30,78308.9765625,78342.890625,78302.2734375,78327.7109375,0,0.0,0.0
2026-08-04 14:40:00+05:30,78327.6171875,78334.2734375,78298.59375,78301.96875,0,0.0,0.0
2026-08-04 14:45:00+05:30,78301.96875,78341.7421875,78295.28125,78328.9921875,0,0.0,0.0
2026-08-04 14:50:00+05:30,78330.0,78346.6171875,78314.8984375,78345.3984375,0,0.0,0.0
2026-08-04 14:55:00+05:30,78344.96875,78357.2265625,78312.6328125,78316.6171875,0,0.0,0.0
2026-08-04 15:00:00+05:30,78314.1171875,78332.6171875,78246.1484375,78246.1484375,0,0.0,0.0
2026-08-04 15:05:00+05:30,78245.0625,78283.8671875,78237.390625,78272.671875,0,0.0,0.0
2026-08-04 15:10:00+05:30,78273.3984375,78324.7421875,78240.8203125,78324.5625,0,0.0,0.0
2026-08-04 15:15:00+05:30,78324.5625,78324.5625,78262.1328125,78262.1328125,0,0.0,0.0
2026-08-04 15:20:00+05:30,78232.1015625,78393.71875,78232.1015625,78359.140625,0,0.0,0.0
2026-08-04 15:25:00+05:30,78361.7109375,78444.46875,78355.09375,78428.953125,0,0.0,0.0
2026-08-05 09:15:00+05:30,79000.671875,79000.671875,78803.546875,78875.6875,0,0.0,0.0
2026-08-05 09:20:00+05:30,78878.3984375,78900.9765625,78821.6328125,78835.0703125,0,0.0,0.0
2026-08-05 09:25:00+05:30,78834.4375,78842.6015625,78791.7109375,78817.7421875,0,0.0,0.0
2026-08-05 09:30:00+05:30,78816.921875,78816.921875,78763.578125,78779.34375,0,0.0,0.0
2026-08-05 09:35:00+05:30,78781.53125,78799.4296875,78746.390625,78798.1171875,0,0.0,0.0
2026-08-05 09:40:00+05:30,78800.1875,78851.2734375,78796.5703125,78811.640625,0,0.0,0.0
2026-08-05 09:45:00+05:30,78814.1484375,78828.6875,78789.2109375,78818.4921875,0,0.0,0.0
2026-08-05 09:50:00+05:30,78814.1875,78820.0,78701.34375,78701.34375,0,0.0,0.0
2026-08-05 09:55:00+05:30,78698.8984375,78708.359375,78665.2421875,78705.2109375,0,0.0,0.0
2026-08-05 10:00:00+05:30,78707.7578125,78790.109375,78707.7578125,78763.3515625,0,0.0,0.0
2026-08-05 10:05:00+05:30,78762.53125,78774.7109375,78679.3125,78747.8828125,0,0.0,0.0
2026-08-05 10:10:00+05:30,78746.09375,78795.1875,78735.4921875,78788.0390625,0,0.0,0.0
2026-08-05 10:15:00+05:30,78787.2890625,78787.2890625,78715.6484375,78752.9375,0,0.0,0.0
2026-08-05 10:20:00+05:30,78754.6171875,78792.7890625,78737.59375,78788.1484375,0,0.0,0.0
2026-08-05 10:25:00+05:30,78786.8515625,78791.1796875,78646.5,78674.09375,0,0.0,0.0
2026-08-05 10:30:00+05:30,78673.8828125,78673.8828125,78612.3828125,78639.328125,0,0.0,0.0
2026-08-05 10:35:00+05:30,78640.7578125,78684.2890625,78627.859375,78654.9375,0,0.0,0.0
2026-08-05 10:40:00+05:30,78653.6484375,78732.703125,78638.328125,78696.640625,0,0.0,0.0
2026-08-05 10:45:00+05:30,78696.640625,78749.2890625,78695.671875,78744.796875,0,0.0,0.0
2026-08-05 10:50:00+05:30,78745.2109375,78771.609375,78711.3984375,78759.9609375,0,0.0,0.0
2026-08-05 10:55:00+05:30,78763.4296875,78853.6328125,78762.3828125,78853.6328125,0,0.0,0.0
2026-08-05 11:00:00+05:30,78854.53125,78895.9296875,78854.53125,78873.390625,0,0.0,0.0
2026-08-05 11:05:00+05:30,78873.9921875,78921.78125,78800.5703125,78806.578125,0,0.0,0.0
2026-08-05 11:10:00+05:30,78807.7890625,78839.421875,78754.9921875,78793.25,0,0.0,0.0
2026-08-05 11:15:00+05:30,78795.0078125,78834.3515625,78781.0390625,78782.90625,0,0.0,0.0
2026-08-05 11:20:00+05:30,78783.21875,78792.359375,78752.390625,78764.6875,0,0.0,0.0
2026-08-05 11:25:00+05:30,78766.09375,78767.5234375,78713.8671875,78740.671875,0,0.0,0.0
2026-08-05 11:30:00+05:30,78718.28125,78732.9609375,78663.0078125,78664.859375,0,0.0,0.0
2026-08-05 11:35:00+05:30,78667.3828125,78706.2734375,78646.671875,78704.359375,0,0.0,0.0
2026-08-05 11:40:00+05:30,78707.7421875,78710.65625,78662.40625,78676.2578125,0,0.0,0.0
2026-08-05 11:45:00+05:30,78676.4375,78676.4375,78630.15625,78631.6484375,0,0.0,0.0
2026-08-05 11:50:00+05:30,78635.4609375,78639.0078125,78588.421875,78609.671875,0,0.0,0.0
2026-08-05 11:55:00+05:30,78610.140625,78610.25,78551.890625,78593.8203125,0,0.0,0.0
2026-08-05 12:00:00+05:30,78599.2890625,78624.3984375,78573.640625,78598.7421875,0,0.0,0.0
2026-08-05 12:05:00+05:30,78598.7421875,78617.359375,78579.609375,78613.5703125,0,0.0,0.0
2026-08-05 12:10:00+05:30,78614.5625,78615.171875,78548.7265625,78596.609375,0,0.0,0.0
2026-08-05 12:15:00+05:30,78596.65625,78615.6484375,78564.453125,78564.453125,0,0.0,0.0
2026-08-05 12:20:00+05:30,78565.1796875,78613.59375,78543.3125,78598.828125,0,0.0,0.0
2026-08-05 12:25:00+05:30,78591.6171875,78608.109375,78542.9765625,78564.5,0,0.0,0.0
2026-08-05 12:30:00+05:30,78565.1796875,78571.0234375,78482.9375,78488.5390625,0,0.0,0.0
2026-08-05 12:35:00+05:30,78486.7421875,78489.703125,78438.90625,78467.1015625,0,0.0,0.0
2026-08-05 12:40:00+05:30,78465.7421875,78479.8203125,78426.8125,78438.5390625,0,0.0,0.0
2026-08-05 12:45:00+05:30,78439.1328125,78447.9375,78407.3828125,78412.9296875,0,0.0,0.0
2026-08-05 12:50:00+05:30,78412.9296875,78419.2265625,78393.78125,78403.890625,0,0.0,0.0
2026-08-05 12:55:00+05:30,78403.890625,78420.28125,78391.5234375,78391.5234375,0,0.0,0.0
2026-08-05 13:00:00+05:30,78391.5234375,78440.796875,78375.6015625,78434.6015625,0,0.0,0.0
2026-08-05 13:05:00+05:30,78434.0,78454.53125,78358.421875,78448.53125,0,0.0,0.0
2026-08-05 13:10:00+05:30,78445.2109375,78448.0390625,78385.5625,78428.421875,0,0.0,0.0
2026-08-05 13:15:00+05:30,78431.328125,78480.2421875,78421.203125,78480.2421875,0,0.0,0.0
2026-08-05 13:20:00+05:30,78480.2421875,78516.4375,78404.8828125,78410.7578125,0,0.0,0.0
2026-08-05 13:25:00+05:30,78410.2890625,78423.5,78383.8828125,78411.7578125,0,0.0,0.0
2026-08-05 13:30:00+05:30,78412.4609375,78453.078125,78353.53125,78366.5234375,0,0.0,0.0
2026-08-05 13:35:00+05:30,78366.0625,78414.90625,78366.0625,78379.078125,0,0.0,0.0
2026-08-05 13:40:00+05:30,78379.5703125,78384.0234375,78316.5703125,78346.3125,0,0.0,0.0
2026-08-05 13:45:00+05:30,78347.671875,78403.4296875,78313.0,78403.4296875,0,0.0,0.0
2026-08-05 13:50:00+05:30,78404.03125,78417.9375,78332.421875,78356.5703125,0,0.0,0.0
2026-08-05 13:55:00+05:30,78359.46875,78363.78125,78335.5078125,78359.2421875,0,0.0,0.0
2026-08-05 14:00:00+05:30,78359.2421875,78389.859375,78352.3828125,78388.546875,0,0.0,0.0
2026-08-05 14:05:00+05:30,78388.1484375,78412.9296875,78378.0234375,78390.5234375,0,0.0,0.0
2026-08-05 14:10:00+05:30,78388.0234375,78398.203125,78350.4375,78352.2734375,0,0.0,0.0
2026-08-05 14:15:00+05:30,78352.0703125,78352.65625,78292.5625,78318.328125,0,0.0,0.0
2026-08-05 14:20:00+05:30,78316.4921875,78345.078125,78301.7734375,78311.0234375,0,0.0,0.0
2026-08-05 14:25:00+05:30,78310.453125,78330.9296875,78296.640625,78310.359375,0,0.0,0.0
2026-08-05 14:30:00+05:30,78311.1015625,78326.078125,78301.1875,78308.9296875,0,0.0,0.0
2026-08-05 14:35:00+05:30,78308.9296875,78366.9765625,78286.546875,78355.859375,0,0.0,0.0
2026-08-05 14:40:00+05:30,78354.46875,78354.890625,78289.4375,78320.921875,0,0.0,0.0
2026-08-05 14:45:00+05:30,78320.9296875,78355.109375,78307.15625,78351.3828125,0,0.0,0.0
2026-08-05 14:50:00+05:30,78350.328125,78355.5625,78305.890625,78326.5390625,0,0.0,0.0
2026-08-05 14:55:00+05:30,78326.6015625,78382.21875,78300.7890625,78362.7578125,0,0.0,0.0
2026-08-05 15:00:00+05:30,78365.140625,78408.6171875,78343.15625,78394.890625,0,0.0,0.0
2026-08-05 15:05:00+05:30,78393.9921875,78438.6484375,78343.859375,78404.1796875,0,0.0,0.0
2026-08-05 15:10:00+05:30,78404.1796875,78509.2890625,78382.3125,78509.2890625,0,0.0,0.0
2026-08-05 15:15:00+05:30,78501.8515625,78501.8515625,78397.359375,78397.359375,0,0.0,0.0
2026-08-05 15:20:00+05:30,78397.9609375,78585.59375,78397.9609375,78568.703125,0,0.0,0.0
2026-08-05 15:25:00+05:30,78590.0390625,78590.5078125,78548.2109375,78581.0,0,0.0,0.0
2026-08-06 09:15:00+05:30,78772.3984375,78772.3984375,78647.6015625,78712.78125,0,0.0,0.0
2026-08-06 09:20:00+05:30,78713.2265625,78786.8671875,78712.40625,78753.2890625,0,0.0,0.0
2026-08-06 09:25:00+05:30,78753.1875,78763.5625,78722.2890625,78756.140625,0,0.0,0.0
2026-08-06 09:30:00+05:30,78758.3515625,78798.5,78710.296875,78722.8984375,0,0.0,0.0
2026-08-06 09:35:00+05:30,78725.9296875,78751.71875,78709.2890625,78735.078125,0,0.0,0.0
2026-08-06 09:40:00+05:30,78736.25,78761.578125,78732.4296875,78759.0078125,0,0.0,0.0
2026-08-06 09:45:00+05:30,78762.59375,78836.921875,78758.3203125,78827.078125,0,0.0,0.0
2026-08-06 09:50:00+05:30,78825.2578125,78840.34375,78807.2265625,78836.421875,0,0.0,0.0
2026-08-06 09:55:00+05:30,78835.890625,78836.7265625,78753.296875,78753.296875,0,0.0,0.0
2026-08-06 10:00:00+05:30,78752.03125,78753.53125,78655.046875,78676.7734375,0,0.0,0.0
2026-08-06 10:05:00+05:30,78679.9375,78695.6875,78655.2890625,78688.203125,0,0.0,0.0
2026-08-06 10:10:00+05:30,78687.5625,78730.1328125,78685.6015625,78711.640625,0,0.0,0.0
2026-08-06 10:15:00+05:30,78713.640625,78721.6875,78668.609375,78679.796875,0,0.0,0.0
2026-08-06 10:20:00+05:30,78678.7421875,78739.421875,78674.03125,78735.0078125,0,0.0,0.0
2026-08-06 10:25:00+05:30,78737.2109375,78741.78125,78694.1015625,78728.3828125,0,0.0,0.0
2026-08-06 10:30:00+05:30,78726.4921875,78752.4765625,78724.53125,78736.1796875,0,0.0,0.0
2026-08-06 10:35:00+05:30,78735.046875,78757.9609375,78723.2109375,78744.421875,0,0.0,0.0
2026-08-06 10:40:00+05:30,78748.3125,78748.578125,78718.8671875,78739.84375,0,0.0,0.0
2026-08-06 10:45:00+05:30,78737.1015625,78737.3125,78692.7109375,78707.1796875,0,0.0,0.0
2026-08-06 10:50:00+05:30,78704.4609375,78722.328125,78659.03125,78713.890625,0,0.0,0.0
2026-08-06 10:55:00+05:30,78714.171875,78774.5703125,78672.7265625,78739.0390625,0,0.0,0.0
2026-08-06 11:00:00+05:30,78742.796875,78746.140625,78660.65625,78721.03125,0,0.0,0.0
2026-08-06 11:05:00+05:30,78725.7265625,78767.2890625,78689.25,78739.7578125,0,0.0,0.0
2026-08-06 11:10:00+05:30,78738.1328125,78787.65625,78735.453125,78781.171875,0,0.0,0.0
2026-08-06 11:15:00+05:30,78809.03125,78852.953125,78780.25,78852.953125,0,0.0,0.0
2026-08-06 11:20:00+05:30,78851.9375,78875.9921875,78840.359375,78857.4609375,0,0.0,0.0
2026-08-06 11:25:00+05:30,78860.9765625,78892.15625,78816.1328125,78865.0,0,0.0,0.0
2026-08-06 11:30:00+05:30,78868.84375,78903.953125,78826.890625,78830.5703125,0,0.0,0.0
2026-08-06 11:35:00+05:30,78829.84375,78859.34375,78788.5,78818.890625,0,0.0,0.0
2026-08-06 11:40:00+05:30,78818.8515625,78827.9921875,78720.5390625,78757.6015625,0,0.0,0.0
2026-08-06 11:45:00+05:30,78757.6015625,78759.1796875,78731.25,78747.4921875,0,0.0,0.0
2026-08-06 11:50:00+05:30,78751.9921875,78810.1796875,78747.859375,78797.6328125,0,0.0,0.0
2026-08-06 11:55:00+05:30,78795.3203125,78872.5,78795.3203125,78853.9765625,0,0.0,0.0
2026-08-06 12:00:00+05:30,78853.90625,78861.25,78835.0625,78836.25,0,0.0,0.0
2026-08-06 12:05:00+05:30,78835.640625,78844.1015625,78811.6796875,78830.4609375,0,0.0,0.0
2026-08-06 12:10:00+05:30,78827.140625,78847.0625,78787.34375,78810.40625,0,0.0,0.0
2026-08-06 12:15:00+05:30,78805.7109375,78859.9765625,78789.9375,78820.3515625,0,0.0,0.0
2026-08-06 12:20:00+05:30,78824.2109375,78824.2109375,78760.203125,78782.21875,0,0.0,0.0
2026-08-06 12:25:00+05:30,78781.1796875,78799.671875,78776.5625,78787.8203125,0,0.0,0.0
2026-08-06 12:30:00+05:30,78789.140625,78828.109375,78786.71875,78813.828125,0,0.0,0.0
2026-08-06 12:35:00+05:30,78813.390625,78835.0078125,78805.0703125,78809.640625,0,0.0,0.0
2026-08-06 12:40:00+05:30,78807.8828125,78827.40625,78803.109375,78817.9296875,0,0.0,0.0
2026-08-06 12:45:00+05:30,78819.5625,78830.7890625,78797.65625,78830.7890625,0,0.0,0.0
2026-08-06 12:50:00+05:30,78823.46875,78823.46875,78773.5390625,78780.0703125,0,0.0,0.0
2026-08-06 12:55:00+05:30,78779.890625,78810.640625,78753.609375,78780.2421875,0,0.0,0.0
2026-08-06 13:00:00+05:30,78781.109375,78841.640625,78750.5234375,78824.25,0,0.0,0.0
2026-08-06 13:05:00+05:30,78824.7734375,78840.03125,78742.7265625,78758.5,0,0.0,0.0
2026-08-06 13:10:00+05:30,78759.6171875,78846.0703125,78757.7734375,78778.8515625,0,0.0,0.0
2026-08-06 13:15:00+05:30,78778.75,78851.5078125,78720.5234375,78846.4296875,0,0.0,0.0
2026-08-06 13:20:00+05:30,78849.640625,78861.21875,78750.0234375,78752.6171875,0,0.0,0.0
2026-08-06 13:25:00+05:30,78752.6171875,78799.859375,78736.453125,78769.0,0,0.0,0.0
2026-08-06 13:30:00+05:30,78771.8984375,78850.328125,78768.4296875,78830.9375,0,0.0,0.0
2026-08-06 13:35:00+05:30,78831.71875,78886.2578125,78803.09375,78803.09375,0,0.0,0.0
2026-08-06 13:40:00+05:30,78802.796875,78826.4609375,78763.5703125,78790.8984375,0,0.0,0.0
2026-08-06 13:45:00+05:30,78789.140625,78804.1015625,78745.03125,78750.5078125,0,0.0,0.0
2026-08-06 13:50:00+05:30,78751.65625,78798.96875,78727.171875,78781.078125,0,0.0,0.0
2026-08-06 13:55:00+05:30,78783.5390625,78878.28125,78714.65625,78874.453125,0,0.0,0.0
2026-08-06 14:00:00+05:30,78875.6015625,78883.15625,78797.5,78841.203125,0,0.0,0.0
2026-08-06 14:05:00+05:30,78837.921875,78870.8984375,78836.2109375,78850.2109375,0,0.0,0.0
2026-08-06 14:10:00+05:30,78852.03125,78878.140625,78850.359375,78864.2109375,0,0.0,0.0
2026-08-06 14:15:00+05:30,78864.8203125,78885.6015625,78859.78125,78884.7109375,0,0.0,0.0
2026-08-06 14:20:00+05:30,78882.1171875,78892.640625,78859.0,78887.6171875,0,0.0,0.0
2026-08-06 14:25:00+05:30,78887.8125,78905.8828125,78865.75,78869.890625,0,0.0,0.0
2026-08-06 14:30:00+05:30,78872.40625,78923.1171875,78772.140625,78848.328125,0,0.0,0.0
2026-08-06 14:35:00+05:30,78844.59375,78866.453125,78837.890625,78839.4921875,0,0.0,0.0
2026-08-06 14:40:00+05:30,78841.9921875,78909.0390625,78772.78125,78826.09375,0,0.0,0.0
2026-08-06 14:45:00+05:30,78826.1484375,78846.5,78812.96875,78839.859375,0,0.0,0.0
2026-08-06 14:50:00+05:30,78836.46875,78840.2421875,78801.859375,78808.296875,0,0.0,0.0
2026-08-06 14:55:00+05:30,78802.9375,78803.7109375,78755.1484375,78784.0,0,0.0,0.0
2026-08-06 15:00:00+05:30,78788.25,78842.328125,78701.953125,78729.8125,0,0.0,0.0
2026-08-06 15:05:00+05:30,78733.3984375,78856.6484375,78726.5703125,78795.5390625,0,0.0,0.0
2026-08-06 15:10:00+05:30,78794.3203125,78800.0234375,78758.140625,78783.046875,0,0.0,0.0
2026-08-06 15:15:00+05:30,78785.6171875,78785.6171875,78771.390625,78771.390625,0,0.0,0.0
2026-08-06 15:20:00+05:30,78785.4375,79486.6484375,78597.328125,79415.921875,0,0.0,0.0
2026-08-06 15:25:00+05:30,79409.8828125,79410.0,78850.1328125,78954.7578125,0,0.0,0.0
2026-08-07 09:15:00+05:30,78506.078125,78671.9296875,78487.71875,78645.1875,0,0.0,0.0
2026-08-07 09:20:00+05:30,78648.640625,78757.3984375,78627.1796875,78737.9609375,0,0.0,0.0
2026-08-07 09:25:00+05:30,78736.0703125,78736.9921875,78682.3125,78700.0,0,0.0,0.0
2026-08-07 09:30:00+05:30,78697.703125,78712.6796875,78658.703125,78670.8828125,0,0.0,0.0
2026-08-07 09:35:00+05:30,78671.671875,78695.1875,78665.78125,78685.53125,0,0.0,0.0
2026-08-07 09:40:00+05:30,78685.25,78716.0703125,78659.7265625,78716.0703125,0,0.0,0.0
2026-08-07 09:45:00+05:30,78714.0390625,78718.5703125,78655.6015625,78682.7734375,0,0.0,0.0
2026-08-07 09:50:00+05:30,78682.2265625,78737.7109375,78682.2265625,78732.921875,0,0.0,0.0
2026-08-07 09:55:00+05:30,78735.5390625,78748.859375,78712.8125,78737.296875,0,0.0,0.0
2026-08-07 10:00:00+05:30,78739.046875,78740.421875,78677.328125,78698.4609375,0,0.0,0.0
2026-08-07 10:05:00+05:30,78697.7734375,78709.9921875,78678.609375,78686.5625,0,0.0,0.0
2026-08-07 10:10:00+05:30,78687.3828125,78697.6171875,78627.2109375,78642.578125,0,0.0,0.0
2026-08-07 10:15:00+05:30,78645.328125,78651.1796875,78554.5,78577.390625,0,0.0,0.0
2026-08-07 10:20:00+05:30,78578.6484375,78605.171875,78556.8828125,78567.78125,0,0.0,0.0
2026-08-07 10:25:00+05:30,78565.7109375,78569.703125,78524.7734375,78533.7578125,0,0.0,0.0
2026-08-07 10:30:00+05:30,78526.421875,78546.2109375,78508.65625,78541.3828125,0,0.0,0.0
2026-08-07 10:35:00+05:30,78541.65625,78560.0234375,78531.5625,78550.15625,0,0.0,0.0
2026-08-07 10:40:00+05:30,78551.4609375,78552.4375,78506.09375,78531.6796875,0,0.0,0.0
2026-08-07 10:45:00+05:30,78531.09375,78573.8671875,78531.09375,78557.78125,0,0.0,0.0
2026-08-07 10:50:00+05:30,78556.8828125,78574.21875,78531.9296875,78568.578125,0,0.0,0.0
2026-08-07 10:55:00+05:30,78568.03125,78581.578125,78532.046875,78534.890625,0,0.0,0.0
2026-08-07 11:00:00+05:30,78534.6875,78540.6796875,78474.34375,78474.8671875,0,0.0,0.0
2026-08-07 11:05:00+05:30,78475.5703125,78536.7265625,78472.9765625,78520.2734375,0,0.0,0.0
2026-08-07 11:10:00+05:30,78517.0625,78537.8828125,78517.046875,78534.1171875,0,0.0,0.0
2026-08-07 11:15:00+05:30,78534.921875,78534.921875,78496.28125,78512.0078125,0,0.0,0.0
2026-08-07 11:20:00+05:30,78517.5703125,78564.421875,78511.578125,78564.421875,0,0.0,0.0
2026-08-07 11:25:00+05:30,78562.0,78616.15625,78556.890625,78596.7578125,0,0.0,0.0
2026-08-07 11:30:00+05:30,78595.8515625,78598.9765625,78561.78125,78576.3515625,0,0.0,0.0
2026-08-07 11:35:00+05:30,78575.0234375,78600.09375,78564.046875,78592.15625,0,0.0,0.0
2026-08-07 11:40:00+05:30,78590.4296875,78601.1171875,78576.6484375,78585.1171875,0,0.0,0.0
2026-08-07 11:45:00+05:30,78586.046875,78588.34375,78538.359375,78546.7890625,0,0.0,0.0
2026-08-07 11:50:00+05:30,78547.0,78547.0,78487.96875,78516.75,0,0.0,0.0
2026-08-07 11:55:00+05:30,78512.3828125,78533.046875,78507.09375,78530.609375,0,0.0,0.0
2026-08-07 12:00:00+05:30,78527.359375,78533.1875,78498.9296875,78510.1875,0,0.0,0.0
2026-08-07 12:05:00+05:30,78510.0390625,78523.328125,78483.7578125,78504.7109375,0,0.0,0.0
2026-08-07 12:10:00+05:30,78500.0625,78511.96875,78461.0078125,78468.2578125,0,0.0,0.0
2026-08-07 12:15:00+05:30,78469.2109375,78469.4921875,78433.171875,78449.9296875,0,0.0,0.0
2026-08-07 12:20:00+05:30,78449.6484375,78481.8984375,78430.6484375,78454.3203125,0,0.0,0.0
2026-08-07 12:25:00+05:30,78456.4375,78515.078125,78448.9609375,78496.828125,0,0.0,0.0
2026-08-07 12:30:00+05:30,78497.609375,78524.796875,78468.046875,78522.296875,0,0.0,0.0
2026-08-07 12:35:00+05:30,78517.5234375,78534.4921875,78507.3125,78533.953125,0,0.0,0.0
2026-08-07 12:40:00+05:30,78534.5625,78534.5625,78496.53125,78519.6875,0,0.0,0.0
2026-08-07 12:45:00+05:30,78516.359375,78539.453125,78504.5078125,78539.453125,0,0.0,0.0
2026-08-07 12:50:00+05:30,78539.359375,78539.359375,78504.4921875,78510.7890625,0,0.0,0.0
2026-08-07 12:55:00+05:30,78512.9765625,78518.4921875,78484.421875,78488.5390625,0,0.0,0.0
2026-08-07 13:00:00+05:30,78488.8203125,78505.3828125,78465.828125,78505.3828125,0,0.0,0.0
2026-08-07 13:05:00+05:30,78505.0078125,78534.1875,78497.5,78497.6484375,0,0.0,0.0
2026-08-07 13:10:00+05:30,78499.921875,78522.046875,78471.859375,78473.7734375,0,0.0,0.0
2026-08-07 13:15:00+05:30,78470.7109375,78518.1484375,78463.7109375,78478.671875,0,0.0,0.0
2026-08-07 13:20:00+05:30,78476.921875,78535.5703125,78470.421875,78533.3125,0,0.0,0.0
2026-08-07 13:25:00+05:30,78533.078125,78559.390625,78529.2890625,78541.359375,0,0.0,0.0
2026-08-07 13:30:00+05:30,78541.359375,78545.390625,78471.0078125,78472.34375,0,0.0,0.0
2026-08-07 13:35:00+05:30,78466.5234375,78504.171875,78466.5234375,78479.671875,0,0.0,0.0
2026-08-07 13:40:00+05:30,78479.7109375,78491.9296875,78465.859375,78485.8203125,0,0.0,0.0
2026-08-07 13:45:00+05:30,78484.0625,78582.8828125,78474.71875,78577.796875,0,0.0,0.0
2026-08-07 13:50:00+05:30,78577.28125,78635.5234375,78562.15625,78577.9609375,0,0.0,0.0
2026-08-07 13:55:00+05:30,78579.359375,78583.4765625,78497.7265625,78541.0703125,0,0.0,0.0
2026-08-07 14:00:00+05:30,78542.25,78587.109375,78507.34375,78512.03125,0,0.0,0.0
2026-08-07 14:05:00+05:30,78514.34375,78526.328125,78444.609375,78462.6015625,0,0.0,0.0
2026-08-07 14:10:00+05:30,78461.8828125,78466.640625,78403.1484375,78420.328125,0,0.0,0.0
2026-08-07 14:15:00+05:30,78421.65625,78461.1484375,78404.9765625,78444.7578125,0,0.0,0.0
2026-08-07 14:20:00+05:30,78448.8671875,78458.28125,78413.4921875,78446.0,0,0.0,0.0
2026-08-07 14:25:00+05:30,78446.6484375,78464.1484375,78425.578125,78425.578125,0,0.0,0.0
2026-08-07 14:30:00+05:30,78426.53125,78478.3671875,78396.640625,78456.859375,0,0.0,0.0
2026-08-07 14:35:00+05:30,78458.5703125,78466.046875,78438.5625,78439.09375,0,0.0,0.0
2026-08-07 14:40:00+05:30,78440.140625,78453.71875,78421.71875,78438.9609375,0,0.0,0.0
2026-08-07 14:45:00+05:30,78439.7109375,78485.9921875,78426.7578125,78484.3125,0,0.0,0.0
2026-08-07 14:50:00+05:30,78486.3671875,78486.3671875,78377.6015625,78383.6484375,0,0.0,0.0
2026-08-07 14:55:00+05:30,78383.6484375,78446.2265625,78383.6484375,78426.09375,0,0.0,0.0
2026-08-07 15:00:00+05:30,78421.0390625,78460.8203125,78421.0390625,78451.9609375,0,0.0,0.0
2026-08-07 15:05:00+05:30,78457.8203125,78469.2890625,78435.828125,78466.953125,0,0.0,0.0
2026-08-07 15:10:00+05:30,78474.703125,78512.3671875,78472.078125,78491.90625,0,0.0,0.0
2026-08-07 15:15:00+05:30,78491.2578125,78501.421875,78456.75,78456.75,0,0.0,0.0
2026-08-07 15:20:00+05:30,78451.921875,78677.640625,78451.921875,78531.7890625,0,0.0,0.0
2026-08-07 15:25:00+05:30,78533.0,78533.0,78459.890625,78499.171875,0,0.0,0.0
2026-08-10 09:15:00+05:30,78501.59375,78635.1484375,78501.59375,78623.2578125,0,0.0,0.0
2026-08-10 09:20:00+05:30,78621.703125,78672.078125,78569.53125,78573.59375,0,0.0,0.0
2026-08-10 09:25:00+05:30,78578.1171875,78580.9296875,78439.4296875,78455.203125,0,0.0,0.0
2026-08-10 09:30:00+05:30,78445.203125,78458.53125,78365.90625,78384.6484375,0,0.0,0.0
2026-08-10 09:35:00+05:30,78380.8515625,78380.8515625,78305.9375,78368.078125,0,0.0,0.0
2026-08-10 09:40:00+05:30,78369.3125,78371.3671875,78314.796875,78347.84375,0,0.0,0.0
2026-08-10 09:45:00+05:30,78351.6484375,78400.2109375,78335.2421875,78371.9921875,0,0.0,0.0
2026-08-10 09:50:00+05:30,78373.640625,78411.1328125,78357.3125,78365.140625,0,0.0,0.0
2026-08-10 09:55:00+05:30,78362.203125,78389.2265625,78350.5390625,78382.7421875,0,0.0,0.0
2026-08-10 10:00:00+05:30,78384.84375,78441.65625,78382.34375,78405.9609375,0,0.0,0.0
2026-08-10 10:05:00+05:30,78407.8203125,78440.1171875,78383.34375,78393.15625,0,0.0,0.0
2026-08-10 10:10:00+05:30,78391.3828125,78438.6328125,78387.6484375,78437.7421875,0,0.0,0.0
2026-08-10 10:15:00+05:30,78436.53125,78530.6875,78426.1015625,78523.3515625,0,0.0,0.0
2026-08-10 10:20:00+05:30,78523.7421875,78589.7265625,78522.9765625,78588.8203125,0,0.0,0.0
2026-08-10 10:25:00+05:30,78588.203125,78605.5,78551.2578125,78596.953125,0,0.0,0.0
2026-08-10 10:30:00+05:30,78601.21875,78621.359375,78575.15625,78575.8515625,0,0.0,0.0
2026-08-10 10:35:00+05:30,78578.4921875,78603.2734375,78568.0703125,78592.8671875,0,0.0,0.0
2026-08-10 10:40:00+05:30,78590.171875,78620.078125,78584.8828125,78618.09375,0,0.0,0.0
2026-08-10 10:45:00+05:30,78619.671875,78658.0234375,78607.09375,78626.4609375,0,0.0,0.0
2026-08-10 10:50:00+05:30,78628.2578125,78628.4765625,78578.203125,78579.5390625,0,0.0,0.0
2026-08-10 10:55:00+05:30,78579.5390625,78594.078125,78570.3203125,78580.3828125,0,0.0,0.0
2026-08-10 11:00:00+05:30,78577.25,78616.8125,78577.25,78606.546875,0,0.0,0.0
2026-08-10 11:05:00+05:30,78609.28125,78617.0078125,78574.2734375,78583.53125,0,0.0,0.0
2026-08-10 11:10:00+05:30,78582.6015625,78605.59375,78561.7265625,78602.6875,0,0.0,0.0
2026-08-10 11:15:00+05:30,78602.6875,78621.7265625,78584.546875,78614.453125,0,0.0,0.0
2026-08-10 11:20:00+05:30,78609.5625,78626.6015625,78592.3203125,78607.2421875,0,0.0,0.0
2026-08-10 11:25:00+05:30,78607.2421875,78640.8671875,78602.3671875,78631.2421875,0,0.0,0.0
2026-08-10 11:30:00+05:30,78626.5078125,78627.7578125,78550.03125,78561.3125,0,0.0,0.0
2026-08-10 11:35:00+05:30,78561.8828125,78609.0625,78554.8671875,78588.1875,0,0.0,0.0
2026-08-10 11:40:00+05:30,78588.1875,78610.8671875,78555.4921875,78555.4921875,0,0.0,0.0
2026-08-10 11:45:00+05:30,78554.2265625,78599.0078125,78532.703125,78574.6328125,0,0.0,0.0
2026-08-10 11:50:00+05:30,78574.9296875,78606.921875,78567.3515625,78570.7265625,0,0.0,0.0
2026-08-10 11:55:00+05:30,78569.7265625,78585.421875,78548.0078125,78567.6015625,0,0.0,0.0
2026-08-10 12:00:00+05:30,78567.6015625,78585.359375,78547.7109375,78577.203125,0,0.0,0.0
2026-08-10 12:05:00+05:30,78577.203125,78584.4765625,78558.7421875,78570.953125,0,0.0,0.0
2026-08-10 12:10:00+05:30,78573.84375,78630.671875,78573.84375,78621.4765625,0,0.0,0.0
2026-08-10 12:15:00+05:30,78621.078125,78666.40625,78613.9375,78632.296875,0,0.0,0.0
2026-08-10 12:20:00+05:30,78629.7421875,78641.8671875,78607.4296875,78613.78125,0,0.0,0.0
2026-08-10 12:25:00+05:30,78608.4765625,78649.2734375,78605.6328125,78635.890625,0,0.0,0.0
2026-08-10 12:30:00+05:30,78637.0,78661.2421875,78629.7734375,78634.2578125,0,0.0,0.0
2026-08-10 12:35:00+05:30,78634.609375,78655.5,78612.3203125,78649.0,0,0.0,0.0
2026-08-10 12:40:00+05:30,78646.640625,78655.6796875,78609.140625,78609.140625,0,0.0,0.0
2026-08-10 12:45:00+05:30,78613.9296875,78616.2578125,78587.46875,78589.0625,0,0.0,0.0
2026-08-10 12:50:00+05:30,78592.390625,78603.2109375,78560.6796875,78566.421875,0,0.0,0.0
2026-08-10 12:55:00+05:30,78571.1484375,78574.6875,78544.421875,78557.59375,0,0.0,0.0
2026-08-10 13:00:00+05:30,78556.953125,78571.90625,78534.9375,78565.078125,0,0.0,0.0
2026-08-10 13:05:00+05:30,78565.2734375,78581.640625,78522.3671875,78522.3671875,0,0.0,0.0
2026-08-10 13:10:00+05:30,78524.4921875,78539.9765625,78499.7890625,78508.84375,0,0.0,0.0
2026-08-10 13:15:00+05:30,78507.578125,78553.2578125,78503.1796875,78549.9921875,0,0.0,0.0
2026-08-10 13:20:00+05:30,78549.7890625,78552.59375,78530.359375,78539.1015625,0,0.0,0.0
2026-08-10 13:25:00+05:30,78539.4296875,78573.328125,78539.0703125,78558.1015625,0,0.0,0.0
2026-08-10 13:30:00+05:30,78558.1015625,78582.453125,78551.640625,78581.546875,0,0.0,0.0
2026-08-10 13:35:00+05:30,78583.078125,78594.3671875,78571.3203125,78576.7109375,0,0.0,0.0
2026-08-10 13:40:00+05:30,78576.7109375,78607.15625,78571.078125,78607.15625,0,0.0,0.0
2026-08-10 13:45:00+05:30,78606.90625,78615.296875,78569.5703125,78595.1171875,0,0.0,0.0
2026-08-10 13:50:00+05:30,78595.796875,78607.5078125,78586.0703125,78600.046875,0,0.0,0.0
2026-08-10 13:55:00+05:30,78596.96875,78602.21875,78551.6171875,78551.71875,0,0.0,0.0
2026-08-10 14:00:00+05:30,78550.7421875,78574.859375,78523.78125,78538.09375,0,0.0,0.0
2026-08-10 14:05:00+05:30,78538.953125,78589.3203125,78538.953125,78565.7265625,0,0.0,0.0
2026-08-10 14:10:00+05:30,78563.9921875,78571.2265625,78539.7265625,78539.7265625,0,0.0,0.0
2026-08-10 14:15:00+05:30,78540.3203125,78557.4609375,78524.8671875,78529.5234375,0,0.0,0.0
2026-08-10 14:20:00+05:30,78530.9609375,78557.21875,78530.2890625,78541.5,0,0.0,0.0
2026-08-10 14:25:00+05:30,78540.109375,78575.2421875,78535.78125,78535.78125,0,0.0,0.0
2026-08-10 14:30:00+05:30,78538.359375,78559.5,78508.703125,78520.078125,0,0.0,0.0
2026-08-10 14:35:00+05:30,78519.78125,78526.0234375,78492.34375,78506.171875,0,0.0,0.0
2026-08-10 14:40:00+05:30,78506.6796875,78517.1171875,78477.8671875,78497.953125,0,0.0,0.0
2026-08-10 14:45:00+05:30,78498.6171875,78498.6171875,78453.34375,78458.0234375,0,0.0,0.0
2026-08-10 14:50:00+05:30,78456.671875,78463.4296875,78432.078125,78456.4609375,0,0.0,0.0
2026-08-10 14:55:00+05:30,78456.8515625,78485.953125,78447.0390625,78479.6875,0,0.0,0.0
2026-08-10 15:00:00+05:30,78480.3984375,78508.703125,78426.28125,78502.359375,0,0.0,0.0
2026-08-10 15:05:00+05:30,78502.546875,78510.6484375,78457.21875,78458.8671875,0,0.0,0.0
2026-08-10 15:10:00+05:30,78456.34375,78482.6875,78424.28125,78478.65625,0,0.0,0.0
2026-08-10 15:15:00+05:30,78478.65625,78478.65625,78454.703125,78454.703125,0,0.0,0.0
2026-08-10 15:20:00+05:30,78454.703125,78648.9765625,78454.703125,78585.4765625,0,0.0,0.0
2026-08-10 15:25:00+05:30,78585.5234375,78585.6328125,78542.140625,78542.4375,0,0.0,0.0
2026-08-11 09:15:00+05:30,78488.5703125,78488.5703125,78227.2890625,78239.546875,0,0.0,0.0
2026-08-11 09:20:00+05:30,78240.5234375,78247.75,78215.0625,78233.2421875,0,0.0,0.0
2026-08-11 09:25:00+05:30,78234.171875,78258.796875,78196.65625,78212.8984375,0,0.0,0.0
2026-08-11 09:30:00+05:30,78210.15625,78232.96875,78173.7109375,78215.75,0,0.0,0.0
2026-08-11 09:35:00+05:30,78216.796875,78246.1484375,78189.890625,78197.1796875,0,0.0,0.0
2026-08-11 09:40:00+05:30,78195.671875,78201.6328125,78147.3828125,78181.9375,0,0.0,0.0
2026-08-11 09:45:00+05:30,78181.0234375,78197.53125,78130.1875,78148.203125,0,0.0,0.0
2026-08-11 09:50:00+05:30,78153.7734375,78174.5234375,78129.296875,78138.15625,0,0.0,0.0
2026-08-11 09:55:00+05:30,78137.6015625,78201.8828125,78115.25,78198.828125,0,0.0,0.0
2026-08-11 10:00:00+05:30,78198.7109375,78221.7265625,78177.0,78208.3671875,0,0.0,0.0
2026-08-11 10:05:00+05:30,78209.953125,78209.953125,78162.8515625,78174.9765625,0,0.0,0.0
2026-08-11 10:10:00+05:30,78173.21875,78183.09375,78155.421875,78156.359375,0,0.0,0.0
2026-08-11 10:15:00+05:30,78154.8203125,78172.2734375,78136.21875,78143.3125,0,0.0,0.0
2026-08-11 10:20:00+05:30,78142.671875,78166.0234375,78124.828125,78154.640625,0,0.0,0.0
2026-08-11 10:25:00+05:30,78154.9765625,78195.328125,78145.1875,78183.5625,0,0.0,0.0
2026-08-11 10:30:00+05:30,78183.421875,78194.8515625,78158.0078125,78184.578125,0,0.0,0.0
2026-08-11 10:35:00+05:30,78183.7421875,78198.3203125,78159.5390625,78189.25,0,0.0,0.0
2026-08-11 10:40:00+05:30,78183.671875,78197.5078125,78171.6171875,78171.6484375,0,0.0,0.0
2026-08-11 10:45:00+05:30,78170.609375,78176.8671875,78147.65625,78154.90625,0,0.0,0.0
2026-08-11 10:50:00+05:30,78154.6484375,78201.3671875,78152.421875,78186.84375,0,0.0,0.0
2026-08-11 10:55:00+05:30,78190.4609375,78205.859375,78156.5703125,78162.640625,0,0.0,0.0
2026-08-11 11:00:00+05:30,78164.2265625,78170.953125,78111.4375,78116.9609375,0,0.0,0.0
2026-08-11 11:05:00+05:30,78113.4609375,78131.2265625,78091.3984375,78091.3984375,0,0.0,0.0
2026-08-11 11:10:00+05:30,78089.75,78121.7421875,78078.4609375,78106.0390625,0,0.0,0.0
2026-08-11 11:15:00+05:30,78110.6171875,78124.4765625,78094.796875,78108.1171875,0,0.0,0.0
2026-08-11 11:20:00+05:30,78103.8203125,78115.3125,78085.7109375,78092.40625,0,0.0,0.0
2026-08-11 11:25:00+05:30,78088.75,78103.609375,78072.40625,78092.8671875,0,0.0,0.0
2026-08-11 11:30:00+05:30,78088.390625,78099.2578125,78069.7890625,78091.4609375,0,0.0,0.0
2026-08-11 11:35:00+05:30,78089.71875,78110.390625,78075.75,78107.0,0,0.0,0.0
2026-08-11 11:40:00+05:30,78109.7265625,78127.5234375,78103.71875,78116.1875,0,0.0,0.0
2026-08-11 11:45:00+05:30,78114.8984375,78136.1484375,78102.7421875,78126.8125,0,0.0,0.0
2026-08-11 11:50:00+05:30,78127.2421875,78134.1875,78082.25,78083.609375,0,0.0,0.0
2026-08-11 11:55:00+05:30,78086.5078125,78104.078125,78070.140625,78102.8125,0,0.0,0.0
2026-08-11 12:00:00+05:30,78104.0078125,78104.75,78052.953125,78058.828125,0,0.0,0.0
2026-08-11 12:05:00+05:30,78057.09375,78078.671875,78048.2578125,78068.3984375,0,0.0,0.0
2026-08-11 12:10:00+05:30,78068.3984375,78118.296875,78064.8671875,78097.71875,0,0.0,0.0
2026-08-11 12:15:00+05:30,78093.7265625,78103.609375,78066.328125,78090.3828125,0,0.0,0.0
2026-08-11 12:20:00+05:30,78090.3828125,78107.84375,78076.59375,78082.328125,0,0.0,0.0
2026-08-11 12:25:00+05:30,78082.8203125,78101.203125,78065.3515625,78101.203125,0,0.0,0.0
2026-08-11 12:30:00+05:30,78100.8671875,78101.4765625,78082.25,78098.9765625,0,0.0,0.0
2026-08-11 12:35:00+05:30,78099.2734375,78109.0234375,78079.21875,78079.21875,0,0.0,0.0
2026-08-11 12:40:00+05:30,78079.21875,78140.890625,78072.046875,78128.8828125,0,0.0,0.0
2026-08-11 12:45:00+05:30,78128.6328125,78166.4609375,78121.6328125,78158.578125,0,0.0,0.0
2026-08-11 12:50:00+05:30,78159.8515625,78166.1875,78128.390625,78131.3984375,0,0.0,0.0
2026-08-11 12:55:00+05:30,78130.7890625,78133.9765625,78102.1484375,78102.390625,0,0.0,0.0
2026-08-11 13:00:00+05:30,78103.328125,78151.8125,78096.65625,78150.109375,0,0.0,0.0
2026-08-11 13:05:00+05:30,78150.109375,78187.3203125,78132.2265625,78184.40625,0,0.0,0.0
2026-08-11 13:10:00+05:30,78184.40625,78188.21875,78139.8671875,78158.9609375,0,0.0,0.0
2026-08-11 13:15:00+05:30,78158.34375,78161.65625,78112.3828125,78148.9375,0,0.0,0.0
2026-08-11 13:20:00+05:30,78145.53125,78148.90625,78120.7578125,78141.9296875,0,0.0,0.0
2026-08-11 13:25:00+05:30,78141.2734375,78211.6875,78139.5625,78155.171875,0,0.0,0.0
2026-08-11 13:30:00+05:30,78156.3203125,78210.328125,78150.671875,78200.4765625,0,0.0,0.0
2026-08-11 13:35:00+05:30,78199.7734375,78206.0703125,78139.328125,78149.078125,0,0.0,0.0
2026-08-11 13:40:00+05:30,78147.671875,78184.3125,78147.2890625,78171.796875,0,0.0,0.0
2026-08-11 13:45:00+05:30,78171.796875,78186.15625,78156.8984375,78156.8984375,0,0.0,0.0
2026-08-11 13:50:00+05:30,78157.2421875,78174.203125,78133.359375,78141.40625,0,0.0,0.0
2026-08-11 13:55:00+05:30,78138.3125,78143.359375,78115.6484375,78131.8515625,0,0.0,0.0
2026-08-11 14:00:00+05:30,78133.2734375,78152.7265625,78118.46875,78134.0625,0,0.0,0.0
2026-08-11 14:05:00+05:30,78132.2890625,78179.7734375,78114.8671875,78177.0625,0,0.0,0.0
2026-08-11 14:10:00+05:30,78177.3671875,78194.046875,78139.078125,78191.8125,0,0.0,0.0
2026-08-11 14:15:00+05:30,78192.0078125,78197.4375,78154.2890625,78154.2890625,0,0.0,0.0
2026-08-11 14:20:00+05:30,78150.3984375,78171.46875,78137.53125,78158.71875,0,0.0,0.0
2026-08-11 14:25:00+05:30,78157.8203125,78195.546875,78132.328125,78135.8984375,0,0.0,0.0
2026-08-11 14:30:00+05:30,78136.5,78141.1328125,78102.8828125,78122.7109375,0,0.0,0.0
2026-08-11 14:35:00+05:30,78122.1015625,78138.1796875,78095.40625,78099.7578125,0,0.0,0.0
2026-08-11 14:40:00+05:30,78099.7578125,78140.15625,78099.546875,78138.0390625,0,0.0,0.0
2026-08-11 14:45:00+05:30,78138.25,78151.703125,78126.3203125,78149.34375,0,0.0,0.0
2026-08-11 14:50:00+05:30,78147.7109375,78169.171875,78139.0625,78161.59375,0,0.0,0.0
2026-08-11 14:55:00+05:30,78160.2265625,78196.5,78154.5390625,78177.796875,0,0.0,0.0
2026-08-11 15:00:00+05:30,78177.359375,78218.3515625,78167.90625,78218.3515625,0,0.0,0.0
2026-08-11 15:05:00+05:30,78219.5625,78232.7265625,78150.9921875,78169.28125,0,0.0,0.0
2026-08-11 15:10:00+05:30,78167.4765625,78189.8984375,78118.7734375,78151.7265625,0,0.0,0.0
2026-08-11 15:15:00+05:30,78148.21875,78175.9296875,78148.21875,78175.9296875,0,0.0,0.0
2026-08-11 15:20:00+05:30,78173.921875,78173.921875,78075.3125,78160.2734375,0,0.0,0.0
2026-08-11 15:25:00+05:30,78160.2578125,78160.9375,78139.9921875,78154.25,0,0.0,0.0
2026-08-12 09:15:00+05:30,78244.921875,78244.921875,77883.53125,77928.7109375,0,0.0,0.0
2026-08-12 09:20:00+05:30,77927.953125,78015.4296875,77907.796875,78014.5078125,0,0.0,0.0
2026-08-12 09:25:00+05:30,78014.6328125,78138.1875,78014.6328125,78120.03125,0,0.0,0.0
2026-08-12 09:30:00+05:30,78118.8984375,78125.171875,78040.4765625,78082.5390625,0,0.0,0.0
2026-08-12 09:35:00+05:30,78082.6171875,78087.4609375,78007.0,78020.328125,0,0.0,0.0
2026-08-12 09:40:00+05:30,78020.78125,78067.15625,78018.671875,78028.9609375,0,0.0,0.0
2026-08-12 09:45:00+05:30,78030.2578125,78030.2578125,77932.40625,77935.75,0,0.0,0.0
2026-08-12 09:50:00+05:30,77933.1015625,77980.1875,77910.28125,77977.6875,0,0.0,0.0
2026-08-12 09:55:00+05:30,77978.703125,77982.15625,77874.5234375,77880.078125,0,0.0,0.0
2026-08-12 10:00:00+05:30,77883.25,77886.4921875,77813.09375,77829.390625,0,0.0,0.0
2026-08-12 10:05:00+05:30,77831.9375,77842.359375,77803.3125,77817.78125,0,0.0,0.0
2026-08-12 10:10:00+05:30,77820.59375,77847.0,77803.953125,77812.7578125,0,0.0,0.0
2026-08-12 10:15:00+05:30,77796.6015625,77872.7578125,77786.0390625,77832.5234375,0,0.0,0.0
2026-08-12 10:20:00+05:30,77831.78125,77860.9765625,77812.0390625,77834.890625,0,0.0,0.0
2026-08-12 10:25:00+05:30,77834.890625,77871.1796875,77820.328125,77827.5,0,0.0,0.0
2026-08-12 10:30:00+05:30,77828.75,77938.921875,77822.2890625,77918.7421875,0,0.0,0.0
2026-08-12 10:35:00+05:30,77919.359375,77921.8515625,77860.453125,77894.5703125,0,0.0,0.0
2026-08-12 10:40:00+05:30,77892.5234375,77900.8671875,77810.5234375,77850.2109375,0,0.0,0.0
2026-08-12 10:45:00+05:30,77850.4921875,77850.4921875,77767.546875,77782.59375,0,0.0,0.0
2026-08-12 10:50:00+05:30,77783.2890625,77793.0703125,77770.7578125,77781.53125,0,0.0,0.0
2026-08-12 10:55:00+05:30,77780.671875,77780.9375,77639.1875,77651.3125,0,0.0,0.0
2026-08-12 11:00:00+05:30,77652.3671875,77660.2890625,77582.2421875,77596.25,0,0.0,0.0
2026-08-12 11:05:00+05:30,77594.65625,77631.4921875,77574.546875,77622.8671875,0,0.0,0.0
2026-08-12 11:10:00+05:30,77626.6796875,77660.296875,77586.2109375,77620.5703125,0,0.0,0.0
2026-08-12 11:15:00+05:30,77620.0234375,77632.25,77599.6015625,77627.5078125,0,0.0,0.0
2026-08-12 11:20:00+05:30,77626.828125,77684.328125,77605.296875,77645.7734375,0,0.0,0.0
2026-08-12 11:25:00+05:30,77645.5078125,77647.0625,77602.7109375,77620.15625,0,0.0,0.0
2026-08-12 11:30:00+05:30,77619.8984375,77644.0703125,77581.65625,77638.140625,0,0.0,0.0
2026-08-12 11:35:00+05:30,77637.453125,77637.453125,77570.921875,77584.5703125,0,0.0,0.0
2026-08-12 11:40:00+05:30,77583.8125,77605.96875,77545.7265625,77601.7109375,0,0.0,0.0
2026-08-12 11:45:00+05:30,77604.3984375,77608.2265625,77566.1015625,77589.5625,0,0.0,0.0
2026-08-12 11:50:00+05:30,77589.5625,77589.5625,77549.0390625,77552.90625,0,0.0,0.0
2026-08-12 11:55:00+05:30,77554.4921875,77561.4765625,77527.2578125,77546.34375,0,0.0,0.0
2026-08-12 12:00:00+05:30,77546.34375,77557.4375,77528.75,77528.75,0,0.0,0.0
2026-08-12 12:05:00+05:30,77527.46875,77553.3125,77519.796875,77529.2734375,0,0.0,0.0
2026-08-12 12:10:00+05:30,77529.2734375,77531.59375,77498.328125,77500.4921875,0,0.0,0.0
2026-08-12 12:15:00+05:30,77499.9609375,77539.203125,77499.9609375,77533.859375,0,0.0,0.0
2026-08-12 12:20:00+05:30,77533.1328125,77539.1328125,77517.796875,77525.8125,0,0.0,0.0
2026-08-12 12:25:00+05:30,77528.5234375,77550.5703125,77521.78125,77549.65625,0,0.0,0.0
2026-08-12 12:30:00+05:30,77547.9765625,77587.453125,77537.1875,77580.328125,0,0.0,0.0
2026-08-12 12:35:00+05:30,77581.0703125,77594.71875,77562.078125,77583.28125,0,0.0,0.0
2026-08-12 12:40:00+05:30,77587.65625,77626.578125,77560.78125,77565.0,0,0.0,0.0
2026-08-12 12:45:00+05:30,77564.59375,77581.5625,77541.953125,77568.9296875,0,0.0,0.0
2026-08-12 12:50:00+05:30,77568.921875,77595.7578125,77548.3984375,77548.3984375,0,0.0,0.0
2026-08-12 12:55:00+05:30,77552.1015625,77552.4921875,77517.59375,77545.9609375,0,0.0,0.0
2026-08-12 13:00:00+05:30,77546.8671875,77573.703125,77525.84375,77561.2578125,0,0.0,0.0
2026-08-12 13:05:00+05:30,77560.1484375,77563.5,77546.0,77557.078125,0,0.0,0.0
2026-08-12 13:10:00+05:30,77558.8828125,77574.9765625,77539.3125,77574.6875,0,0.0,0.0
2026-08-12 13:15:00+05:30,77566.1484375,77615.5625,77558.25,77600.703125,0,0.0,0.0
2026-08-12 13:20:00+05:30,77600.203125,77608.0078125,77586.0,77600.9921875,0,0.0,0.0
2026-08-12 13:25:00+05:30,77601.921875,77607.5703125,77555.6796875,77580.25,0,0.0,0.0
2026-08-12 13:30:00+05:30,77580.9765625,77597.8828125,77576.5625,77590.203125,0,0.0,0.0
2026-08-12 13:35:00+05:30,77592.3203125,77621.078125,77587.1015625,77593.6015625,0,0.0,0.0
2026-08-12 13:40:00+05:30,77594.15625,77611.328125,77576.6328125,77583.421875,0,0.0,0.0
2026-08-12 13:45:00+05:30,77583.328125,77591.6875,77567.890625,77585.6171875,0,0.0,0.0
2026-08-12 13:50:00+05:30,77581.71875,77592.2734375,77576.4609375,77582.21875,0,0.0,0.0
2026-08-12 13:55:00+05:30,77582.09375,77586.390625,77554.953125,77565.6796875,0,0.0,0.0
2026-08-12 14:00:00+05:30,77566.7421875,77579.0078125,77551.6328125,77552.390625,0,0.0,0.0
2026-08-12 14:05:00+05:30,77554.3203125,77574.8125,77551.75,77569.5390625,0,0.0,0.0
2026-08-12 14:10:00+05:30,77570.71875,77575.453125,77547.046875,77553.1484375,0,0.0,0.0
2026-08-12 14:15:00+05:30,77554.9765625,77595.34375,77554.5234375,77592.6328125,0,0.0,0.0
2026-08-12 14:20:00+05:30,77592.6328125,77609.46875,77579.171875,77598.109375,0,0.0,0.0
2026-08-12 14:25:00+05:30,77600.6796875,77630.671875,77591.0703125,77629.2421875,0,0.0,0.0
2026-08-12 14:30:00+05:30,77631.7578125,77729.0390625,77603.0,77707.2109375,0,0.0,0.0
2026-08-12 14:35:00+05:30,77706.9765625,77712.75,77663.46875,77699.3515625,0,0.0,0.0
2026-08-12 14:40:00+05:30,77700.046875,77754.5078125,77688.7421875,77731.109375,0,0.0,0.0
2026-08-12 14:45:00+05:30,77731.2109375,77757.5625,77703.859375,77716.2109375,0,0.0,0.0
2026-08-12 14:50:00+05:30,77717.9375,77864.3671875,77700.140625,77864.3671875,0,0.0,0.0
2026-08-12 14:55:00+05:30,77862.0703125,77904.2265625,77809.859375,77868.21875,0,0.0,0.0
2026-08-12 15:00:00+05:30,77878.359375,77907.9296875,77849.6796875,77863.359375,0,0.0,0.0
2026-08-12 15:05:00+05:30,77860.6796875,77867.8203125,77801.953125,77835.7890625,0,0.0,0.0
2026-08-12 15:10:00+05:30,77840.0703125,77914.46875,77829.96875,77889.96875,0,0.0,0.0
2026-08-12 15:15:00+05:30,77889.96875,77889.96875,77881.40625,77886.3984375,0,0.0,0.0
2026-08-12 15:20:00+05:30,77886.3984375,77958.296875,77863.203125,77957.5078125,0,0.0,0.0
2026-08-12 15:25:00+05:30,77957.5078125,78003.9609375,77957.5078125,77966.3515625,0,0.0,0.0
2026-08-13 09:15:00+05:30,78111.90625,78111.90625,77782.2421875,77806.828125,0,0.0,0.0
2026-08-13 09:20:00+05:30,77808.1171875,77839.3671875,77779.9921875,77810.1875,0,0.0,0.0
2026-08-13 09:25:00+05:30,77808.96875,77814.8203125,77745.0078125,77787.5078125,0,0.0,0.0
2026-08-13 09:30:00+05:30,77793.6875,77800.4375,77710.2109375,77726.953125,0,0.0,0.0
2026-08-13 09:35:00+05:30,77728.2890625,77795.09375,77722.3515625,77793.453125,0,0.0,0.0
2026-08-13 09:40:00+05:30,77792.34375,77823.5,77772.921875,77802.5625,0,0.0,0.0
2026-08-13 09:45:00+05:30,77804.609375,77835.7109375,77755.390625,77810.203125,0,0.0,0.0
2026-08-13 09:50:00+05:30,77810.203125,77834.1796875,77772.71875,77824.9375,0,0.0,0.0
2026-08-13 09:55:00+05:30,77823.65625,77833.953125,77779.3984375,77824.46875,0,0.0,0.0
2026-08-13 10:00:00+05:30,77823.8125,77831.203125,77785.2265625,77790.046875,0,0.0,0.0
2026-08-13 10:05:00+05:30,77789.859375,77830.703125,77757.0390625,77757.0390625,0,0.0,0.0
2026-08-13 10:10:00+05:30,77752.6796875,77814.2890625,77735.25,77778.390625,0,0.0,0.0
2026-08-13 10:15:00+05:30,77778.203125,77803.5,77737.046875,77766.6171875,0,0.0,0.0
2026-08-13 10:20:00+05:30,77765.859375,77773.8671875,77713.828125,77716.03125,0,0.0,0.0
2026-08-13 10:25:00+05:30,77720.78125,77753.921875,77701.2578125,77708.578125,0,0.0,0.0
2026-08-13 10:30:00+05:30,77709.6484375,77730.5,77667.6875,77729.328125,0,0.0,0.0
2026-08-13 10:35:00+05:30,77727.5078125,77748.7890625,77678.2265625,77734.4296875,0,0.0,0.0
2026-08-13 10:40:00+05:30,77735.140625,77763.171875,77711.8125,77751.34375,0,0.0,0.0
2026-08-13 10:45:00+05:30,77754.4296875,77776.3203125,77721.1015625,77776.1796875,0,0.0,0.0
2026-08-13 10:50:00+05:30,77776.1484375,77809.2890625,77757.90625,77757.90625,0,0.0,0.0
2026-08-13 10:55:00+05:30,77777.3125,77795.671875,77759.9765625,77778.1328125,0,0.0,0.0
2026-08-13 11:00:00+05:30,77778.6328125,77779.2109375,77707.6171875,77734.0,0,0.0,0.0
2026-08-13 11:05:00+05:30,77736.21875,77736.859375,77681.828125,77721.078125,0,0.0,0.0
2026-08-13 11:10:00+05:30,77723.0078125,77742.7265625,77682.796875,77696.28125,0,0.0,0.0
2026-08-13 11:15:00+05:30,77702.140625,77728.546875,77698.296875,77728.546875,0,0.0,0.0
2026-08-13 11:20:00+05:30,77729.453125,77770.890625,77679.0390625,77738.90625,0,0.0,0.0
2026-08-13 11:25:00+05:30,77738.84375,77785.9765625,77734.921875,77775.40625,0,0.0,0.0
2026-08-13 11:30:00+05:30,77775.0078125,77817.3828125,77775.0078125,77809.71875,0,0.0,0.0
2026-08-13 11:35:00+05:30,77810.6171875,77840.7734375,77791.28125,77838.2265625,0,0.0,0.0
2026-08-13 11:40:00+05:30,77838.59375,77853.859375,77801.34375,77821.40625,0,0.0,0.0
2026-08-13 11:45:00+05:30,77821.75,77850.359375,77813.171875,77844.34375,0,0.0,0.0
2026-08-13 11:50:00+05:30,77842.578125,77858.15625,77835.1875,77840.6875,0,0.0,0.0
2026-08-13 11:55:00+05:30,77843.8984375,77936.0078125,77823.5078125,77936.0078125,0,0.0,0.0
2026-08-13 12:00:00+05:30,77936.859375,78028.640625,77936.1328125,78022.46875,0,0.0,0.0
2026-08-13 12:05:00+05:30,78020.3671875,78026.2109375,77993.9765625,77998.09375,0,0.0,0.0
2026-08-13 12:10:00+05:30,77996.6484375,78009.40625,77955.6875,77963.4765625,0,0.0,0.0
2026-08-13 12:15:00+05:30,77962.9921875,77983.109375,77946.796875,77954.203125,0,0.0,0.0
2026-08-13 12:20:00+05:30,77954.859375,77992.8203125,77938.1015625,77992.8203125,0,0.0,0.0
2026-08-13 12:25:00+05:30,77991.421875,78000.1796875,77961.84375,77968.171875,0,0.0,0.0
2026-08-13 12:30:00+05:30,77968.171875,77985.7109375,77957.7421875,77982.859375,0,0.0,0.0
2026-08-13 12:35:00+05:30,77982.859375,77984.640625,77941.453125,77968.21875,0,0.0,0.0
2026-08-13 12:40:00+05:30,77969.390625,77994.296875,77958.046875,77970.0625,0,0.0,0.0
2026-08-13 12:45:00+05:30,77968.7734375,77973.140625,77916.3203125,77923.859375,0,0.0,0.0
2026-08-13 12:50:00+05:30,77920.1015625,77920.3984375,77877.3984375,77895.890625,0,0.0,0.0
2026-08-13 12:55:00+05:30,77896.7421875,77897.5390625,77867.1484375,77886.421875,0,0.0,0.0
2026-08-13 13:00:00+05:30,77889.3984375,77909.328125,77860.5234375,77872.34375,0,0.0,0.0
2026-08-13 13:05:00+05:30,77880.6484375,77895.4375,77853.796875,77877.84375,0,0.0,0.0
2026-08-13 13:10:00+05:30,77882.046875,77910.9921875,77838.7265625,77859.2734375,0,0.0,0.0
2026-08-13 13:15:00+05:30,77860.4921875,77920.8203125,77802.53125,77830.1796875,0,0.0,0.0
2026-08-13 13:20:00+05:30,77832.8203125,77875.0,77829.4375,77869.640625,0,0.0,0.0
2026-08-13 13:25:00+05:30,77861.6171875,77870.8671875,77795.5234375,77856.9765625,0,0.0,0.0
2026-08-13 13:30:00+05:30,77857.1328125,77897.2734375,77813.0390625,77832.8828125,0,0.0,0.0
2026-08-13 13:35:00+05:30,77828.5234375,77883.890625,77825.109375,77859.5703125,0,0.0,0.0
2026-08-13 13:40:00+05:30,77859.5703125,77976.3828125,77854.9609375,77936.4921875,0,0.0,0.0
2026-08-13 13:45:00+05:30,77936.15625,78016.4375,77881.546875,77914.5234375,0,0.0,0.0
2026-08-13 13:50:00+05:30,77916.0,77952.3125,77903.1484375,77947.71875,0,0.0,0.0
2026-08-13 13:55:00+05:30,77952.46875,78004.296875,77935.1484375,77984.109375,0,0.0,0.0
2026-08-13 14:00:00+05:30,77985.5390625,77985.5390625,77896.5234375,77922.203125,0,0.0,0.0
2026-08-13 14:05:00+05:30,77923.25,77924.203125,77829.1015625,77860.5234375,0,0.0,0.0
2026-08-13 14:10:00+05:30,77862.3671875,77869.84375,77815.96875,77852.7890625,0,0.0,0.0
2026-08-13 14:15:00+05:30,77852.046875,77860.3984375,77815.140625,77854.7890625,0,0.0,0.0
2026-08-13 14:20:00+05:30,77856.4765625,77932.34375,77856.4765625,77896.359375,0,0.0,0.0
2026-08-13 14:25:00+05:30,77901.1328125,77916.671875,77851.703125,77874.8125,0,0.0,0.0
2026-08-13 14:30:00+05:30,77880.953125,77951.1328125,77853.8203125,77871.7890625,0,0.0,0.0
2026-08-13 14:35:00+05:30,77855.7734375,77892.8125,77804.4609375,77864.8984375,0,0.0,0.0
2026-08-13 14:40:00+05:30,77864.7421875,77893.0,77845.9375,77850.96875,0,0.0,0.0
2026-08-13 14:45:00+05:30,77849.5625,77855.15625,77804.5234375,77833.0234375,0,0.0,0.0
2026-08-13 14:50:00+05:30,77831.671875,77845.2890625,77798.5078125,77827.328125,0,0.0,0.0
2026-08-13 14:55:00+05:30,77826.8515625,77853.328125,77763.78125,77786.0,0,0.0,0.0
2026-08-13 15:00:00+05:30,77788.9609375,77894.609375,77768.8671875,77852.46875,0,0.0,0.0
2026-08-13 15:05:00+05:30,77849.6328125,77883.203125,77778.1171875,77834.4765625,0,0.0,0.0
2026-08-13 15:10:00+05:30,77833.140625,77892.9921875,77772.359375,77854.84375,0,0.0,0.0
2026-08-13 15:15:00+05:30,77861.4765625,77861.4765625,77829.6015625,77829.6015625,0,0.0,0.0
2026-08-13 15:20:00+05:30,77831.21875,78023.421875,77399.2421875,77795.4609375,0,0.0,0.0
2026-08-13 15:25:00+05:30,77795.4609375,78193.0234375,77787.9375,78079.9609375,0,0.0,0.0
2026-08-14 09:15:00+05:30,77833.4296875,77833.4296875,77758.03125,77778.40625,0,0.0,0.0
2026-08-14 09:20:00+05:30,77778.0390625,77815.65625,77749.703125,77786.3125,0,0.0,0.0
2026-08-14 09:25:00+05:30,77787.640625,77788.46875,77732.9765625,77740.328125,0,0.0,0.0
2026-08-14 09:30:00+05:30,77737.2109375,77824.6484375,77723.4296875,77790.25,0,0.0,0.0
2026-08-14 09:35:00+05:30,77790.140625,77847.2109375,77785.921875,77833.03125,0,0.0,0.0
2026-08-14 09:40:00+05:30,77832.109375,77834.203125,77790.5625,77814.0703125,0,0.0,0.0
2026-08-14 09:45:00+05:30,77816.9296875,77869.2734375,77816.9296875,77848.4609375,0,0.0,0.0
2026-08-14 09:50:00+05:30,77849.078125,77855.953125,77797.8671875,77801.34375,0,0.0,0.0
2026-08-14 09:55:00+05:30,77800.2890625,77849.9765625,77790.078125,77842.5234375,0,0.0,0.0
2026-08-14 10:00:00+05:30,77841.546875,77872.828125,77837.2890625,77868.9609375,0,0.0,0.0
2026-08-14 10:05:00+05:30,77874.046875,77885.671875,77842.3828125,77885.671875,0,0.0,0.0
2026-08-14 10:10:00+05:30,77889.5390625,77897.6875,77851.4375,77856.96875,0,0.0,0.0
2026-08-14 10:15:00+05:30,77852.8828125,77858.1484375,77811.03125,77811.03125,0,0.0,0.0
2026-08-14 10:20:00+05:30,77812.328125,77827.5,77793.6015625,77798.171875,0,0.0,0.0
2026-08-14 10:25:00+05:30,77797.859375,77801.90625,77783.21875,77787.0078125,0,0.0,0.0
2026-08-14 10:30:00+05:30,77787.6171875,77790.6015625,77685.3203125,77701.59375,0,0.0,0.0
2026-08-14 10:35:00+05:30,77704.2578125,77755.7421875,77703.65625,77750.2109375,0,0.0,0.0
2026-08-14 10:40:00+05:30,77749.109375,77766.28125,77739.2109375,77764.9765625,0,0.0,0.0
2026-08-14 10:45:00+05:30,77765.359375,77809.3515625,77762.8515625,77801.90625,0,0.0,0.0
2026-08-14 10:50:00+05:30,77803.1328125,77822.7265625,77797.8671875,77811.5703125,0,0.0,0.0
2026-08-14 10:55:00+05:30,77813.671875,77820.390625,77739.0703125,77745.7109375,0,0.0,0.0
2026-08-14 11:00:00+05:30,77744.109375,77781.28125,77726.4765625,77770.6328125,0,0.0,0.0
2026-08-14 11:05:00+05:30,77768.3828125,77776.8828125,77740.3515625,77750.296875,0,0.0,0.0
2026-08-14 11:10:00+05:30,77750.296875,77770.828125,77750.296875,77766.8515625,0,0.0,0.0
2026-08-14 11:15:00+05:30,77768.4296875,77803.0390625,77754.1796875,77796.1171875,0,0.0,0.0
2026-08-14 11:20:00+05:30,77798.296875,77819.6015625,77782.8828125,77788.9609375,0,0.0,0.0
2026-08-14 11:25:00+05:30,77788.9609375,77792.546875,77744.3203125,77750.1171875,0,0.0,0.0
2026-08-14 11:30:00+05:30,77747.1484375,77769.453125,77726.6328125,77759.4609375,0,0.0,0.0
2026-08-14 11:35:00+05:30,77763.046875,77772.1796875,77741.1484375,77771.7734375,0,0.0,0.0
2026-08-14 11:40:00+05:30,77771.03125,77806.6015625,77769.2578125,77799.5078125,0,0.0,0.0
2026-08-14 11:45:00+05:30,77798.578125,77827.078125,77781.6328125,77786.8125,0,0.0,0.0
2026-08-14 11:50:00+05:30,77787.5625,77818.296875,77779.9296875,77796.25,0,0.0,0.0
2026-08-14 11:55:00+05:30,77796.5703125,77808.953125,77776.2109375,77794.0625,0,0.0,0.0
2026-08-14 12:00:00+05:30,77794.0625,77795.0703125,77766.1171875,77775.1015625,0,0.0,0.0
2026-08-14 12:05:00+05:30,77775.1015625,77830.2578125,77770.7109375,77811.2421875,0,0.0,0.0
2026-08-14 12:10:00+05:30,77811.2421875,77844.6171875,77811.2421875,77832.796875,0,0.0,0.0
2026-08-14 12:15:00+05:30,77834.3828125,77857.1484375,77833.6484375,77854.8828125,0,0.0,0.0
2026-08-14 12:20:00+05:30,77854.5234375,77873.78125,77848.3125,77872.890625,0,0.0,0.0
2026-08-14 12:25:00+05:30,77872.4765625,77872.4765625,77841.4375,77858.296875,0,0.0,0.0
2026-08-14 12:30:00+05:30,77857.8515625,77859.8984375,77833.578125,77837.3203125,0,0.0,0.0
2026-08-14 12:35:00+05:30,77843.34375,77853.890625,77830.859375,77840.21875,0,0.0,0.0
2026-08-14 12:40:00+05:30,77843.8125,77846.28125,77805.296875,77815.4609375,0,0.0,0.0
2026-08-14 12:45:00+05:30,77811.2265625,77851.25,77810.2421875,77841.28125,0,0.0,0.0
2026-08-14 12:50:00+05:30,77840.671875,77872.0078125,77840.671875,77859.578125,0,0.0,0.0
2026-08-14 12:55:00+05:30,77860.53125,77865.4921875,77850.8125,77856.2734375,0,0.0,0.0
2026-08-14 13:00:00+05:30,77857.8125,77862.0234375,77843.890625,77849.671875,0,0.0,0.0
2026-08-14 13:05:00+05:30,77850.2734375,77853.953125,77831.28125,77831.3984375,0,0.0,0.0
2026-08-14 13:10:00+05:30,77830.5,77841.0078125,77829.28125,77839.8984375,0,0.0,0.0
2026-08-14 13:15:00+05:30,77841.671875,77850.46875,77828.7578125,77841.5390625,0,0.0,0.0
2026-08-14 13:20:00+05:30,77837.7109375,77853.59375,77834.0234375,77840.6171875,0,0.0,0.0
2026-08-14 13:25:00+05:30,77845.0703125,77847.6328125,77825.6015625,77841.1796875,0,0.0,0.0
2026-08-14 13:30:00+05:30,77837.359375,77838.671875,77789.53125,77791.9765625,0,0.0,0.0
2026-08-14 13:35:00+05:30,77792.4375,77860.6171875,77788.09375,77857.21875,0,0.0,0.0
2026-08-14 13:40:00+05:30,77861.078125,77897.90625,77856.53125,77894.25,0,0.0,0.0
2026-08-14 13:45:00+05:30,77894.25,78006.453125,77893.6015625,77986.3515625,0,0.0,0.0
2026-08-14 13:50:00+05:30,77984.7734375,78004.9375,77975.8828125,78000.3828125,0,0.0,0.0
2026-08-14 13:55:00+05:30,77999.9375,78023.2734375,77979.46875,78018.609375,0,0.0,0.0
2026-08-14 14:00:00+05:30,78017.6015625,78048.453125,78013.25,78021.5078125,0,0.0,0.0
2026-08-14 14:05:00+05:30,78024.7578125,78030.8203125,77998.109375,78011.1171875,0,0.0,0.0
2026-08-14 14:10:00+05:30,78013.21875,78014.453125,77984.140625,77989.21875,0,0.0,0.0
2026-08-14 14:15:00+05:30,77990.140625,78006.4296875,77972.2578125,77976.25,0,0.0,0.0
2026-08-14 14:20:00+05:30,77976.3828125,77984.578125,77942.1015625,77954.6484375,0,0.0,0.0
2026-08-14 14:25:00+05:30,77955.2109375,77965.4765625,77933.34375,77941.6796875,0,0.0,0.0
2026-08-14 14:30:00+05:30,77943.1484375,77948.8671875,77929.09375,77931.90625,0,0.0,0.0
2026-08-14 14:35:00+05:30,77933.8671875,77950.0,77924.8984375,77933.25,0,0.0,0.0
2026-08-14 14:40:00+05:30,77935.0,77953.7421875,77930.609375,77934.75,0,0.0,0.0
2026-08-14 14:45:00+05:30,77939.0234375,77948.21875,77914.1171875,77918.421875,0,0.0,0.0
2026-08-14 14:50:00+05:30,77919.328125,77982.0625,77919.328125,77966.9609375,0,0.0,0.0
2026-08-14 14:55:00+05:30,77970.2578125,77984.5078125,77947.0078125,77947.859375,0,0.0,0.0
2026-08-14 15:00:00+05:30,77944.75,77979.390625,77937.8203125,77946.9296875,0,0.0,0.0
2026-08-14 15:05:00+05:30,77945.1328125,77962.921875,77924.2578125,77939.8515625,0,0.0,0.0
2026-08-14 15:10:00+05:30,77939.8671875,77968.390625,77877.4375,77921.90625,0,0.0,0.0
2026-08-14 15:15:00+05:30,77931.1015625,77944.859375,77931.1015625,77944.859375,0,0.0,0.0
2026-08-14 15:20:00+05:30,77944.859375,78205.7890625,77944.859375,78048.796875,0,0.0,0.0
2026-08-14 15:25:00+05:30,78052.390625,78052.6328125,78004.8125,78009.25,0,0.0,0.0
2026-08-17 09:15:00+05:30,77892.296875,77912.90625,77657.5,77718.46875,0,0.0,0.0
2026-08-17 09:20:00+05:30,77713.3671875,77733.453125,77684.40625,77718.4921875,0,0.0,0.0
2026-08-17 09:25:00+05:30,77722.1328125,77753.4375,77707.6484375,77742.296875,0,0.0,0.0
2026-08-17 09:30:00+05:30,77738.859375,77740.921875,77641.1875,77653.3203125,0,0.0,0.0
2026-08-17 09:35:00+05:30,77653.3203125,77701.8828125,77652.75,77681.953125,0,0.0,0.0
2026-08-17 09:40:00+05:30,77682.2109375,77744.1875,77677.5078125,77712.46875,0,0.0,0.0
2026-08-17 09:45:00+05:30,77708.7265625,77719.3125,77677.2734375,77699.859375,0,0.0,0.0
2026-08-17 09:50:00+05:30,77700.3125,77722.25,77674.1015625,77697.3515625,0,0.0,0.0
2026-08-17 09:55:00+05:30,77700.71875,77705.2265625,77640.8125,77640.8125,0,0.0,0.0
2026-08-17 10:00:00+05:30,77638.6796875,77676.5703125,77630.171875,77661.96875,0,0.0,0.0
2026-08-17 10:05:00+05:30,77660.6484375,77685.2265625,77651.2890625,77661.703125,0,0.0,0.0
2026-08-17 10:10:00+05:30,77666.84375,77668.7890625,77626.8828125,77641.5,0,0.0,0.0
2026-08-17 10:15:00+05:30,77643.1484375,77645.796875,77566.703125,77582.21875,0,0.0,0.0
2026-08-17 10:20:00+05:30,77583.9765625,77588.109375,77548.328125,77550.921875,0,0.0,0.0
2026-08-17 10:25:00+05:30,77547.96875,77587.4375,77546.859375,77583.8984375,0,0.0,0.0
2026-08-17 10:30:00+05:30,77583.828125,77583.828125,77545.5078125,77552.3515625,0,0.0,0.0
2026-08-17 10:35:00+05:30,77552.0390625,77563.3671875,77540.2109375,77544.2890625,0,0.0,0.0
2026-08-17 10:40:00+05:30,77544.2890625,77558.296875,77494.4296875,77508.15625,0,0.0,0.0
2026-08-17 10:45:00+05:30,77505.6796875,77509.8203125,77470.7578125,77509.8203125,0,0.0,0.0
2026-08-17 10:50:00+05:30,77510.75,77529.4921875,77505.3203125,77516.7109375,0,0.0,0.0
2026-08-17 10:55:00+05:30,77517.28125,77535.53125,77504.4765625,77509.359375,0,0.0,0.0
2026-08-17 11:00:00+05:30,77513.6875,77523.84375,77487.5703125,77511.953125,0,0.0,0.0
2026-08-17 11:05:00+05:30,77514.5234375,77516.5234375,77475.15625,77493.2890625,0,0.0,0.0
2026-08-17 11:10:00+05:30,77490.96875,77496.640625,77476.1484375,77486.25,0,0.0,0.0
2026-08-17 11:15:00+05:30,77486.0625,77496.59375,77472.046875,77483.8671875,0,0.0,0.0
2026-08-17 11:20:00+05:30,77482.2890625,77489.6796875,77456.3515625,77458.9375,0,0.0,0.0
2026-08-17 11:25:00+05:30,77456.7890625,77512.1875,77453.90625,77492.1171875,0,0.0,0.0
2026-08-17 11:30:00+05:30,77494.890625,77507.1796875,77470.53125,77495.0,0,0.0,0.0
2026-08-17 11:35:00+05:30,77494.1484375,77517.9296875,77489.59375,77490.109375,0,0.0,0.0
2026-08-17 11:40:00+05:30,77489.703125,77513.8515625,77482.90625,77503.5,0,0.0,0.0
2026-08-17 11:45:00+05:30,77505.5390625,77555.28125,77495.09375,77550.609375,0,0.0,0.0
2026-08-17 11:50:00+05:30,77552.0078125,77607.1796875,77541.96875,77574.453125,0,0.0,0.0
2026-08-17 11:55:00+05:30,77574.453125,77615.0703125,77573.359375,77600.6484375,0,0.0,0.0
2026-08-17 12:00:00+05:30,77600.921875,77619.3984375,77584.1328125,77584.1328125,0,0.0,0.0
2026-08-17 12:05:00+05:30,77585.421875,77600.7734375,77574.671875,77583.21875,0,0.0,0.0
2026-08-17 12:10:00+05:30,77583.21875,77613.0390625,77557.2265625,77610.53125,0,0.0,0.0
2026-08-17 12:15:00+05:30,77610.5625,77659.703125,77600.84375,77658.4921875,0,0.0,0.0
2026-08-17 12:20:00+05:30,77654.859375,77659.6875,77640.65625,77654.53125,0,0.0,0.0
2026-08-17 12:25:00+05:30,77655.046875,77675.28125,77648.7890625,77662.359375,0,0.0,0.0
2026-08-17 12:30:00+05:30,77662.359375,77701.6875,77653.8828125,77690.34375,0,0.0,0.0
2026-08-17 12:35:00+05:30,77691.7421875,77726.96875,77681.4375,77707.703125,0,0.0,0.0
2026-08-17 12:40:00+05:30,77708.546875,77729.5703125,77698.890625,77721.890625,0,0.0,0.0
2026-08-17 12:45:00+05:30,77721.890625,77809.078125,77721.890625,77788.25,0,0.0,0.0
2026-08-17 12:50:00+05:30,77788.3984375,77831.09375,77785.546875,77809.28125,0,0.0,0.0
2026-08-17 12:55:00+05:30,77809.28125,77825.7734375,77778.90625,77824.7421875,0,0.0,0.0
2026-08-17 13:00:00+05:30,77824.7421875,77895.671875,77824.7421875,77870.328125,0,0.0,0.0
2026-08-17 13:05:00+05:30,77871.7265625,77882.9609375,77832.859375,77846.1875,0,0.0,0.0
2026-08-17 13:10:00+05:30,77841.6875,77882.96875,77830.546875,77876.390625,0,0.0,0.0
2026-08-17 13:15:00+05:30,77870.65625,77893.8671875,77856.328125,77872.6328125,0,0.0,0.0
2026-08-17 13:20:00+05:30,77868.7734375,77877.453125,77843.609375,77862.3984375,0,0.0,0.0
2026-08-17 13:25:00+05:30,77863.4375,77889.09375,77846.2265625,77884.6796875,0,0.0,0.0
2026-08-17 13:30:00+05:30,77884.5078125,77893.0703125,77859.8828125,77874.9765625,0,0.0,0.0
2026-08-17 13:35:00+05:30,77871.1171875,77878.5234375,77843.8828125,77861.9296875,0,0.0,0.0
2026-08-17 13:40:00+05:30,77861.7265625,77895.46875,77851.6171875,77888.9765625,0,0.0,0.0
2026-08-17 13:45:00+05:30,77889.546875,77902.59375,77840.5390625,77849.34375,0,0.0,0.0
2026-08-17 13:50:00+05:30,77848.640625,77855.359375,77828.359375,77840.390625,0,0.0,0.0
2026-08-17 13:55:00+05:30,77839.3984375,77851.34375,77813.421875,77839.4375,0,0.0,0.0
2026-08-17 14:00:00+05:30,77840.21875,77866.796875,77827.046875,77850.8125,0,0.0,0.0
2026-08-17 14:05:00+05:30,77850.46875,77863.421875,77837.5234375,77847.9921875,0,0.0,0.0
2026-08-17 14:10:00+05:30,77847.578125,77847.578125,77799.96875,77806.40625,0,0.0,0.0
2026-08-17 14:15:00+05:30,77806.8515625,77847.4296875,77795.59375,77844.21875,0,0.0,0.0
2026-08-17 14:20:00+05:30,77842.4921875,77843.1171875,77788.078125,77790.0703125,0,0.0,0.0
2026-08-17 14:25:00+05:30,77790.0703125,77804.3203125,77778.578125,77788.15625,0,0.0,0.0
2026-08-17 14:30:00+05:30,77792.65625,77808.2109375,77789.921875,77803.078125,0,0.0,0.0
2026-08-17 14:35:00+05:30,77805.0625,77806.171875,77769.0390625,77799.0078125,0,0.0,0.0
2026-08-17 14:40:00+05:30,77801.4765625,77833.6796875,77790.703125,77820.546875,0,0.0,0.0
2026-08-17 14:45:00+05:30,77822.8125,77839.28125,77804.6875,77832.84375,0,0.0,0.0
2026-08-17 14:50:00+05:30,77832.3515625,77857.7734375,77819.0234375,77853.8984375,0,0.0,0.0
2026-08-17 14:55:00+05:30,77853.59375,77858.703125,77817.203125,77841.65625,0,0.0,0.0
2026-08-17 15:00:00+05:30,77841.4765625,77895.0625,77819.140625,77888.5625,0,0.0,0.0
2026-08-17 15:05:00+05:30,77888.5625,77889.2109375,77843.5703125,77871.796875,0,0.0,0.0
2026-08-17 15:10:00+05:30,77869.3828125,77916.8671875,77807.4609375,77844.4296875,0,0.0,0.0
2026-08-17 15:15:00+05:30,77844.4296875,77844.4296875,77839.5234375,77839.5234375,0,0.0,0.0
2026-08-17 15:20:00+05:30,77839.5234375,77927.0,77670.5625,77690.6015625,0,0.0,0.0
2026-08-17 15:25:00+05:30,77687.09375,77767.609375,77659.40625,77728.15625,0,0.0,0.0
2026-08-18 09:15:00+05:30,77409.4765625,77528.890625,77371.828125,77481.71875,0,0.0,0.0
2026-08-18 09:20:00+05:30,77490.5625,77505.671875,77439.0078125,77501.5703125,0,0.0,0.0
2026-08-18 09:25:00+05:30,77500.0703125,77574.0234375,77493.390625,77505.6171875,0,0.0,0.0
2026-08-18 09:30:00+05:30,77499.3203125,77500.5390625,77419.0625,77460.3671875,0,0.0,0.0
2026-08-18 09:35:00+05:30,77466.4296875,77514.078125,77453.859375,77512.2734375,0,0.0,0.0
2026-08-18 09:40:00+05:30,77512.9765625,77518.3125,77437.890625,77438.296875,0,0.0,0.0
2026-08-18 09:45:00+05:30,77435.9765625,77459.15625,77407.0234375,77451.921875,0,0.0,0.0
2026-08-18 09:50:00+05:30,77451.5234375,77479.640625,77436.0,77464.3984375,0,0.0,0.0
2026-08-18 09:55:00+05:30,77464.4921875,77464.4921875,77422.96875,77452.296875,0,0.0,0.0
2026-08-18 10:00:00+05:30,77455.4609375,77455.4609375,77382.8125,77419.8671875,0,0.0,0.0
2026-08-18 10:05:00+05:30,77416.453125,77427.21875,77405.2109375,77412.953125,0,0.0,0.0
2026-08-18 10:10:00+05:30,77412.828125,77423.9765625,77394.3203125,77408.328125,0,0.0,0.0
2026-08-18 10:15:00+05:30,77411.2421875,77411.2421875,77375.5078125,77394.7734375,0,0.0,0.0
2026-08-18 10:20:00+05:30,77399.9609375,77408.25,77372.3671875,77404.5390625,0,0.0,0.0
2026-08-18 10:25:00+05:30,77401.09375,77451.359375,77386.5703125,77444.4765625,0,0.0,0.0
2026-08-18 10:30:00+05:30,77444.9296875,77462.0390625,77430.8515625,77457.5234375,0,0.0,0.0
2026-08-18 10:35:00+05:30,77459.1171875,77463.8515625,77436.3828125,77441.34375,0,0.0,0.0
2026-08-18 10:40:00+05:30,77438.8515625,77440.609375,77385.6484375,77400.140625,0,0.0,0.0
2026-08-18 10:45:00+05:30,77399.5078125,77400.3125,77345.2421875,77364.5078125,0,0.0,0.0
2026-08-18 10:50:00+05:30,77364.5078125,77383.84375,77326.671875,77338.78125,0,0.0,0.0
2026-08-18 10:55:00+05:30,77336.9375,77363.3984375,77318.859375,77359.6875,0,0.0,0.0
2026-08-18 11:00:00+05:30,77357.1796875,77377.4609375,77343.3515625,77368.9296875,0,0.0,0.0
2026-08-18 11:05:00+05:30,77374.1796875,77398.59375,77364.0234375,77390.640625,0,0.0,0.0
2026-08-18 11:10:00+05:30,77391.6875,77391.6875,77351.703125,77371.046875,0,0.0,0.0
2026-08-18 11:15:00+05:30,77371.15625,77388.390625,77338.9765625,77347.15625,0,0.0,0.0
2026-08-18 11:20:00+05:30,77347.6875,77351.2265625,77321.1015625,77337.890625,0,0.0,0.0
2026-08-18 11:25:00+05:30,77338.796875,77341.9296875,77300.71875,77307.921875,0,0.0,0.0
2026-08-18 11:30:00+05:30,77307.1171875,77329.171875,77276.0703125,77322.828125,0,0.0,0.0
2026-08-18 11:35:00+05:30,77322.03125,77364.2578125,77320.953125,77348.8984375,0,0.0,0.0
2026-08-18 11:40:00+05:30,77345.3984375,77368.90625,77337.7578125,77353.5390625,0,0.0,0.0
2026-08-18 11:45:00+05:30,77353.53125,77370.7265625,77351.4296875,77366.1484375,0,0.0,0.0
2026-08-18 11:50:00+05:30,77361.3984375,77407.5234375,77361.03125,77364.203125,0,0.0,0.0
2026-08-18 11:55:00+05:30,77364.7734375,77384.3828125,77352.359375,77383.53125,0,0.0,0.0
2026-08-18 12:00:00+05:30,77380.9609375,77413.3203125,77373.6796875,77410.0390625,0,0.0,0.0
2026-08-18 12:05:00+05:30,77412.453125,77432.5625,77404.8828125,77424.90625,0,0.0,0.0
2026-08-18 12:10:00+05:30,77421.140625,77430.203125,77384.6875,77402.3515625,0,0.0,0.0
2026-08-18 12:15:00+05:30,77402.921875,77409.7109375,77374.21875,77386.359375,0,0.0,0.0
2026-08-18 12:20:00+05:30,77386.5390625,77401.53125,77366.703125,77372.6015625,0,0.0,0.0
2026-08-18 12:25:00+05:30,77372.7109375,77403.5390625,77372.1875,77390.4765625,0,0.0,0.0
2026-08-18 12:30:00+05:30,77390.546875,77414.9296875,77386.6875,77401.03125,0,0.0,0.0
2026-08-18 12:35:00+05:30,77404.890625,77411.6171875,77368.390625,77374.5234375,0,0.0,0.0
2026-08-18 12:40:00+05:30,77376.0390625,77379.3125,77336.1015625,77336.296875,0,0.0,0.0
2026-08-18 12:45:00+05:30,77335.6796875,77366.5625,77333.5,77365.90625,0,0.0,0.0
2026-08-18 12:50:00+05:30,77363.421875,77385.5,77360.96875,77366.390625,0,0.0,0.0
2026-08-18 12:55:00+05:30,77368.2734375,77380.1875,77352.5703125,77359.3125,0,0.0,0.0
2026-08-18 13:00:00+05:30,77358.4296875,77361.3671875,77321.5703125,77336.34375,0,0.0,0.0
2026-08-18 13:05:00+05:30,77331.3671875,77360.2109375,77314.8984375,77359.0234375,0,0.0,0.0
2026-08-18 13:10:00+05:30,77355.21875,77373.171875,77345.453125,77361.953125,0,0.0,0.0
2026-08-18 13:15:00+05:30,77367.6328125,77395.84375,77366.5390625,77384.3828125,0,0.0,0.0
2026-08-18 13:20:00+05:30,77382.9609375,77395.953125,77370.34375,77391.1875,0,0.0,0.0
2026-08-18 13:25:00+05:30,77390.859375,77390.859375,77368.46875,77384.4609375,0,0.0,0.0
2026-08-18 13:30:00+05:30,77386.5234375,77392.6328125,77367.8203125,77379.25,0,0.0,0.0
2026-08-18 13:35:00+05:30,77378.7109375,77381.6875,77334.2890625,77344.1796875,0,0.0,0.0
2026-08-18 13:40:00+05:30,77342.3984375,77379.8203125,77339.171875,77376.1328125,0,0.0,0.0
2026-08-18 13:45:00+05:30,77376.1328125,77388.6171875,77362.84375,77380.5078125,0,0.0,0.0
2026-08-18 13:50:00+05:30,77380.4375,77389.546875,77351.53125,77366.109375,0,0.0,0.0
2026-08-18 13:55:00+05:30,77364.890625,77369.4296875,77324.7578125,77346.46875,0,0.0,0.0
2026-08-18 14:00:00+05:30,77347.9375,77389.0625,77341.1796875,77389.0625,0,0.0,0.0
2026-08-18 14:05:00+05:30,77390.046875,77394.8515625,77354.171875,77354.8125,0,0.0,0.0
2026-08-18 14:10:00+05:30,77352.46875,77361.6875,77333.7109375,77355.4609375,0,0.0,0.0
2026-08-18 14:15:00+05:30,77359.921875,77365.53125,77337.5078125,77337.8828125,0,0.0,0.0
2026-08-18 14:20:00+05:30,77339.8203125,77358.6484375,77319.2421875,77351.5390625,0,0.0,0.0
2026-08-18 14:25:00+05:30,77357.421875,77376.140625,77312.078125,77365.0703125,0,0.0,0.0
2026-08-18 14:30:00+05:30,77361.328125,77386.8828125,77357.640625,77371.53125,0,0.0,0.0
2026-08-18 14:35:00+05:30,77370.2421875,77390.2421875,77355.2109375,77386.3671875,0,0.0,0.0
2026-08-18 14:40:00+05:30,77386.65625,77402.0,77376.7265625,77397.03125,0,0.0,0.0
2026-08-18 14:45:00+05:30,77400.8984375,77409.5,77379.890625,77400.0234375,0,0.0,0.0
2026-08-18 14:50:00+05:30,77400.7265625,77430.6875,77392.140625,77399.3125,0,0.0,0.0
2026-08-18 14:55:00+05:30,77397.578125,77445.8125,77392.4296875,77425.328125,0,0.0,0.0
2026-08-18 15:00:00+05:30,77422.859375,77472.796875,77400.109375,77401.296875,0,0.0,0.0
2026-08-18 15:05:00+05:30,77402.09375,77409.796875,77357.53125,77365.4296875,0,0.0,0.0
2026-08-18 15:10:00+05:30,77366.6875,77405.53125,77293.2578125,77293.2578125,0,0.0,0.0
2026-08-18 15:15:00+05:30,77313.0234375,77377.1015625,77313.0234375,77377.1015625,0,0.0,0.0
2026-08-18 15:20:00+05:30,77377.1015625,77388.6484375,77180.828125,77281.9609375,0,0.0,0.0
2026-08-18 15:25:00+05:30,77279.5390625,77293.0078125,77211.8125,77235.4609375,0,0.0,0.0
2026-08-19 09:15:00+05:30,77218.046875,77270.421875,77098.65625,77135.171875,0,0.0,0.0
2026-08-19 09:20:00+05:30,77137.09375,77149.8515625,77092.1875,77092.953125,0,0.0,0.0
2026-08-19 09:25:00+05:30,77098.2265625,77099.6875,77049.53125,77067.546875,0,0.0,0.0
2026-08-19 09:30:00+05:30,77069.4921875,77072.203125,76991.84375,76994.2421875,0,0.0,0.0
2026-08-19 09:35:00+05:30,76993.8203125,77021.46875,76971.59375,77018.6796875,0,0.0,0.0
2026-08-19 09:40:00+05:30,77018.84375,77050.046875,76991.3515625,77035.671875,0,0.0,0.0
2026-08-19 09:45:00+05:30,77034.8125,77067.65625,77012.59375,77061.3515625,0,0.0,0.0
2026-08-19 09:50:00+05:30,77061.3828125,77102.796875,77052.25,77070.109375,0,0.0,0.0
2026-08-19 09:55:00+05:30,77069.7578125,77071.2578125,77038.09375,77043.3671875,0,0.0,0.0
2026-08-19 10:00:00+05:30,77044.5234375,77069.6171875,77027.78125,77054.28125,0,0.0,0.0
2026-08-19 10:05:00+05:30,77057.6015625,77069.546875,77041.3515625,77045.84375,0,0.0,0.0
2026-08-19 10:10:00+05:30,77043.203125,77057.453125,77009.7109375,77025.7265625,0,0.0,0.0
2026-08-19 10:15:00+05:30,77029.6796875,77036.4765625,76961.25,76969.8984375,0,0.0,0.0
2026-08-19 10:20:00+05:30,76972.90625,76973.7109375,76924.921875,76932.7265625,0,0.0,0.0
2026-08-19 10:25:00+05:30,76932.7265625,76948.359375,76925.546875,76935.796875,0,0.0,0.0
2026-08-19 10:30:00+05:30,76935.5078125,76941.109375,76904.109375,76914.9765625,0,0.0,0.0
2026-08-19 10:35:00+05:30,76914.6015625,76929.390625,76894.109375,76903.078125,0,0.0,0.0
2026-08-19 10:40:00+05:30,76902.6796875,76940.609375,76888.9765625,76932.28125,0,0.0,0.0
2026-08-19 10:45:00+05:30,76932.796875,76938.5390625,76895.0390625,76919.5390625,0,0.0,0.0
2026-08-19 10:50:00+05:30,76917.953125,76941.3125,76905.1796875,76939.7109375,0,0.0,0.0
2026-08-19 10:55:00+05:30,76940.46875,76962.5234375,76930.8828125,76935.6796875,0,0.0,0.0
2026-08-19 11:00:00+05:30,76936.078125,76936.078125,76884.0234375,76893.6328125,0,0.0,0.0
2026-08-19 11:05:00+05:30,76892.8671875,76899.4296875,76823.90625,76857.828125,0,0.0,0.0
2026-08-19 11:10:00+05:30,76857.828125,76887.9375,76837.953125,76879.8515625,0,0.0,0.0
2026-08-19 11:15:00+05:30,76884.9765625,76893.7734375,76864.203125,76887.90625,0,0.0,0.0
2026-08-19 11:20:00+05:30,76886.3828125,76913.078125,76883.6875,76891.296875,0,0.0,0.0
2026-08-19 11:25:00+05:30,76891.296875,76906.2421875,76873.078125,76893.0,0,0.0,0.0
2026-08-19 11:30:00+05:30,76893.578125,76907.859375,76880.6796875,76902.359375,0,0.0,0.0
2026-08-19 11:35:00+05:30,76901.703125,76905.2890625,76851.796875,76869.2421875,0,0.0,0.0
2026-08-19 11:40:00+05:30,76869.9609375,76892.0390625,76864.7890625,76891.1796875,0,0.0,0.0
2026-08-19 11:45:00+05:30,76890.5390625,76963.9296875,76884.2421875,76963.2109375,0,0.0,0.0
2026-08-19 11:50:00+05:30,76961.4296875,76992.0390625,76953.828125,76988.1171875,0,0.0,0.0
2026-08-19 11:55:00+05:30,76988.6484375,76996.6015625,76970.609375,76990.8828125,0,0.0,0.0
2026-08-19 12:00:00+05:30,76993.859375,76993.859375,76907.2109375,76907.2109375,0,0.0,0.0
2026-08-19 12:05:00+05:30,76909.0390625,76935.2734375,76889.4921875,76897.203125,0,0.0,0.0
2026-08-19 12:10:00+05:30,76898.6328125,76908.0703125,76879.921875,76892.328125,0,0.0,0.0
2026-08-19 12:15:00+05:30,76891.71875,76925.59375,76883.7109375,76924.40625,0,0.0,0.0
2026-08-19 12:20:00+05:30,76925.28125,76933.75,76905.1015625,76933.75,0,0.0,0.0
2026-08-19 12:25:00+05:30,76934.359375,76936.4375,76898.953125,76923.203125,0,0.0,0.0
2026-08-19 12:30:00+05:30,76921.640625,76923.046875,76892.2578125,76902.9921875,0,0.0,0.0
2026-08-19 12:35:00+05:30,76903.1015625,76927.3828125,76889.59375,76905.6796875,0,0.0,0.0
2026-08-19 12:40:00+05:30,76908.1015625,76926.0625,76897.53125,76911.1484375,0,0.0,0.0
2026-08-19 12:45:00+05:30,76915.0,76916.6484375,76883.59375,76901.53125,0,0.0,0.0
2026-08-19 12:50:00+05:30,76903.3125,76921.2890625,76894.3203125,76911.15625,0,0.0,0.0
2026-08-19 12:55:00+05:30,76912.703125,76914.046875,76890.1875,76908.5234375,0,0.0,0.0
2026-08-19 13:00:00+05:30,76909.3984375,76937.7421875,76900.4609375,76923.84375,0,0.0,0.0
2026-08-19 13:05:00+05:30,76925.09375,76937.0625,76911.703125,76934.3203125,0,0.0,0.0
2026-08-19 13:10:00+05:30,76935.1015625,76937.2265625,76878.5078125,76879.0234375,0,0.0,0.0
2026-08-19 13:15:00+05:30,76880.0390625,76887.7109375,76850.3671875,76877.75,0,0.0,0.0
2026-08-19 13:20:00+05:30,76876.453125,76876.453125,76847.5,76856.828125,0,0.0,0.0
2026-08-19 13:25:00+05:30,76856.5234375,76868.0703125,76850.6796875,76857.921875,0,0.0,0.0
2026-08-19 13:30:00+05:30,76858.4609375,76868.2734375,76848.890625,76854.796875,0,0.0,0.0
2026-08-19 13:35:00+05:30,76855.40625,76882.140625,76851.828125,76871.03125,0,0.0,0.0
2026-08-19 13:40:00+05:30,76873.21875,76885.640625,76855.7109375,76864.953125,0,0.0,0.0
2026-08-19 13:45:00+05:30,76868.1015625,76882.5703125,76848.5078125,76866.7734375,0,0.0,0.0
2026-08-19 13:50:00+05:30,76865.40625,76869.6328125,76840.5078125,76854.0234375,0,0.0,0.0
2026-08-19 13:55:00+05:30,76853.609375,76885.1015625,76852.8671875,76874.8515625,0,0.0,0.0
2026-08-19 14:00:00+05:30,76877.0390625,76924.3984375,76869.3828125,76923.2734375,0,0.0,0.0
2026-08-19 14:05:00+05:30,76925.4296875,76938.4296875,76895.1328125,76919.9375,0,0.0,0.0
2026-08-19 14:10:00+05:30,76919.9375,76946.96875,76887.4296875,76901.203125,0,0.0,0.0
2026-08-19 14:15:00+05:30,76899.9765625,76903.53125,76864.8125,76866.1328125,0,0.0,0.0
2026-08-19 14:20:00+05:30,76864.8515625,76867.3515625,76823.3515625,76834.4375,0,0.0,0.0
2026-08-19 14:25:00+05:30,76839.578125,76860.2265625,76828.84375,76858.8203125,0,0.0,0.0
2026-08-19 14:30:00+05:30,76862.4375,76910.046875,76850.90625,76903.65625,0,0.0,0.0
2026-08-19 14:35:00+05:30,76906.28125,77010.2109375,76892.703125,76907.0078125,0,0.0,0.0
2026-08-19 14:40:00+05:30,76907.8203125,76921.9609375,76876.9296875,76911.2421875,0,0.0,0.0
2026-08-19 14:45:00+05:30,76912.46875,76923.1171875,76877.7421875,76881.953125,0,0.0,0.0
2026-08-19 14:50:00+05:30,76881.0625,76925.53125,76881.0625,76903.9296875,0,0.0,0.0
2026-08-19 14:55:00+05:30,76900.671875,76934.5703125,76878.6875,76922.1328125,0,0.0,0.0
2026-08-19 15:00:00+05:30,76919.703125,76951.171875,76906.1328125,76930.8828125,0,0.0,0.0
2026-08-19 15:05:00+05:30,76929.59375,76929.96875,76863.84375,76888.0078125,0,0.0,0.0
2026-08-19 15:10:00+05:30,76885.1171875,76941.1328125,76862.75,76908.6796875,0,0.0,0.0
2026-08-19 15:15:00+05:30,76908.046875,76908.046875,76898.359375,76902.5390625,0,0.0,0.0
2026-08-19 15:20:00+05:30,76904.3671875,76927.96875,76702.4765625,76896.3515625,0,0.0,0.0
2026-08-19 15:25:00+05:30,76896.3515625,76966.7734375,76856.4609375,76909.6796875,0,0.0,0.0
2026-08-20 09:15:00+05:30,77467.03125,77492.859375,77382.5390625,77398.640625,0,0.0,0.0
2026-08-20 09:20:00+05:30,77394.609375,77410.7265625,77382.0,77393.34375,0,0.0,0.0
2026-08-20 09:25:00+05:30,77393.1875,77429.4921875,77386.8671875,77405.84375,0,0.0,0.0
2026-08-20 09:30:00+05:30,77399.890625,77431.5703125,77390.9609375,77430.21875,0,0.0,0.0
2026-08-20 09:35:00+05:30,77428.3671875,77474.578125,77424.1328125,77450.1796875,0,0.0,0.0
2026-08-20 09:40:00+05:30,77450.5703125,77489.1796875,77444.1015625,77480.2578125,0,0.0,0.0
2026-08-20 09:45:00+05:30,77482.9375,77501.6015625,77457.8203125,77470.53125,0,0.0,0.0
2026-08-20 09:50:00+05:30,77466.953125,77466.953125,77426.5234375,77452.828125,0,0.0,0.0
2026-08-20 09:55:00+05:30,77449.21875,77492.1484375,77446.390625,77452.34375,0,0.0,0.0
2026-08-20 10:00:00+05:30,77452.34375,77466.4375,77427.3828125,77448.7421875,0,0.0,0.0
2026-08-20 10:05:00+05:30,77448.828125,77480.6484375,77432.0703125,77480.3984375,0,0.0,0.0
2026-08-20 10:10:00+05:30,77481.4765625,77509.3125,77445.328125,77492.3828125,0,0.0,0.0
2026-08-20 10:15:00+05:30,77493.6328125,77512.4375,77488.0,77492.8125,0,0.0,0.0
2026-08-20 10:20:00+05:30,77490.40625,77502.9609375,77474.2578125,77493.0078125,0,0.0,0.0
2026-08-20 10:25:00+05:30,77492.609375,77494.1328125,77442.03125,77446.6796875,0,0.0,0.0
2026-08-20 10:30:00+05:30,77445.9375,77470.7421875,77435.1015625,77441.2109375,0,0.0,0.0
2026-08-20 10:35:00+05:30,77438.9765625,77450.7578125,77406.0625,77421.8671875,0,0.0,0.0
2026-08-20 10:40:00+05:30,77421.2578125,77446.5078125,77413.2265625,77439.9921875,0,0.0,0.0
2026-08-20 10:45:00+05:30,77441.7578125,77451.578125,77408.3515625,77435.9921875,0,0.0,0.0
2026-08-20 10:50:00+05:30,77433.8125,77454.0703125,77415.921875,77421.6875,0,0.0,0.0
2026-08-20 10:55:00+05:30,77421.7265625,77457.3125,77420.5390625,77448.5234375,0,0.0,0.0
2026-08-20 11:00:00+05:30,77451.9375,77478.0625,77439.3984375,77452.3125,0,0.0,0.0
2026-08-20 11:05:00+05:30,77451.140625,77459.2109375,77434.7265625,77446.8203125,0,0.0,0.0
2026-08-20 11:10:00+05:30,77446.9375,77446.9375,77412.0078125,77424.6796875,0,0.0,0.0
2026-08-20 11:15:00+05:30,77428.828125,77430.1484375,77398.09375,77404.3203125,0,0.0,0.0
2026-08-20 11:20:00+05:30,77403.1015625,77407.71875,77381.359375,77385.953125,0,0.0,0.0
2026-08-20 11:25:00+05:30,77382.09375,77396.78125,77372.21875,77396.78125,0,0.0,0.0
2026-08-20 11:30:00+05:30,77394.28125,77450.3125,77394.28125,77428.7421875,0,0.0,0.0
2026-08-20 11:35:00+05:30,77435.21875,77438.6328125,77413.359375,77428.1484375,0,0.0,0.0
2026-08-20 11:40:00+05:30,77427.5078125,77435.2578125,77410.953125,77427.53125,0,0.0,0.0
2026-08-20 11:45:00+05:30,77426.84375,77459.1328125,77423.25,77433.203125,0,0.0,0.0
2026-08-20 11:50:00+05:30,77433.078125,77444.296875,77422.921875,77443.5078125,0,0.0,0.0
2026-08-20 11:55:00+05:30,77444.4296875,77454.609375,77431.6328125,77449.84375,0,0.0,0.0
2026-08-20 12:00:00+05:30,77451.7421875,77455.171875,77427.7734375,77428.4921875,0,0.0,0.0
2026-08-20 12:05:00+05:30,77427.25,77444.203125,77423.5703125,77440.71875,0,0.0,0.0
2026-08-20 12:10:00+05:30,77441.0234375,77460.96875,77436.3203125,77450.3203125,0,0.0,0.0
2026-08-20 12:15:00+05:30,77447.6875,77464.90625,77439.3203125,77452.5,0,0.0,0.0
2026-08-20 12:20:00+05:30,77448.0,77457.2109375,77429.9296875,77445.6015625,0,0.0,0.0
2026-08-20 12:25:00+05:30,77443.7421875,77444.453125,77425.0625,77433.0078125,0,0.0,0.0
2026-08-20 12:30:00+05:30,77433.828125,77445.3984375,77424.84375,77434.71875,0,0.0,0.0
2026-08-20 12:35:00+05:30,77437.9375,77443.34375,77422.5625,77443.34375,0,0.0,0.0
2026-08-20 12:40:00+05:30,77443.34375,77474.5625,77440.609375,77459.0390625,0,0.0,0.0
2026-08-20 12:45:00+05:30,77459.0390625,77553.2890625,77455.90625,77539.28125,0,0.0,0.0
2026-08-20 12:50:00+05:30,77543.34375,77609.5390625,77539.2890625,77555.796875,0,0.0,0.0
2026-08-20 12:55:00+05:30,77553.2265625,77599.1328125,77486.2265625,77574.359375,0,0.0,0.0
2026-08-20 13:00:00+05:30,77574.359375,77574.359375,77512.1328125,77550.546875,0,0.0,0.0
2026-08-20 13:05:00+05:30,77552.0234375,77570.2421875,77547.171875,77558.25,0,0.0,0.0
2026-08-20 13:10:00+05:30,77559.0703125,77577.1875,77546.828125,77576.1171875,0,0.0,0.0
2026-08-20 13:15:00+05:30,77576.640625,77588.28125,77519.28125,77552.5,0,0.0,0.0
2026-08-20 13:20:00+05:30,77552.8203125,77593.328125,77524.9609375,77593.328125,0,0.0,0.0
2026-08-20 13:25:00+05:30,77593.3125,77596.21875,77547.0390625,77556.6796875,0,0.0,0.0
2026-08-20 13:30:00+05:30,77556.53125,77597.3515625,77554.46875,77595.6796875,0,0.0,0.0
2026-08-20 13:35:00+05:30,77595.1484375,77599.9609375,77553.2578125,77556.84375,0,0.0,0.0
2026-08-20 13:40:00+05:30,77556.84375,77597.28125,77541.1875,77562.8203125,0,0.0,0.0
2026-08-20 13:45:00+05:30,77563.703125,77602.3203125,77554.28125,77586.84375,0,0.0,0.0
2026-08-20 13:50:00+05:30,77585.6875,77588.6484375,77538.0390625,77564.390625,0,0.0,0.0
2026-08-20 13:55:00+05:30,77567.4609375,77582.34375,77517.15625,77517.171875,0,0.0,0.0
2026-08-20 14:00:00+05:30,77525.703125,77557.6875,77506.5703125,77536.96875,0,0.0,0.0
2026-08-20 14:05:00+05:30,77536.96875,77550.7890625,77497.90625,77549.3828125,0,0.0,0.0
2026-08-20 14:10:00+05:30,77550.3984375,77569.7109375,77525.3984375,77560.828125,0,0.0,0.0
2026-08-20 14:15:00+05:30,77559.84375,77561.2421875,77489.8515625,77557.859375,0,0.0,0.0
2026-08-20 14:20:00+05:30,77555.6015625,77572.046875,77483.9296875,77572.046875,0,0.0,0.0
2026-08-20 14:25:00+05:30,77573.9765625,77596.640625,77524.671875,77583.78125,0,0.0,0.0
2026-08-20 14:30:00+05:30,77581.65625,77596.203125,77548.0625,77596.203125,0,0.0,0.0
2026-08-20 14:35:00+05:30,77603.78125,77610.4921875,77530.78125,77584.28125,0,0.0,0.0
2026-08-20 14:40:00+05:30,77583.9375,77594.46875,77561.3515625,77564.671875,0,0.0,0.0
2026-08-20 14:45:00+05:30,77566.21875,77571.0625,77544.9765625,77556.0,0,0.0,0.0
2026-08-20 14:50:00+05:30,77556.0,77570.90625,77527.34375,77565.921875,0,0.0,0.0
2026-08-20 14:55:00+05:30,77564.7734375,77584.5390625,77531.296875,77553.859375,0,0.0,0.0
2026-08-20 15:00:00+05:30,77554.15625,77581.9921875,77489.203125,77581.0,0,0.0,0.0
2026-08-20 15:05:00+05:30,77580.8515625,77580.8515625,77473.03125,77476.59375,0,0.0,0.0
2026-08-20 15:10:00+05:30,77478.6796875,77526.421875,77439.6015625,77488.1875,0,0.0,0.0
2026-08-20 15:15:00+05:30,77485.2890625,77519.109375,77485.2890625,77519.109375,0,0.0,0.0
2026-08-20 15:20:00+05:30,77507.9765625,77507.9765625,77410.296875,77438.8984375,0,0.0,0.0
2026-08-20 15:25:00+05:30,77438.8984375,77542.421875,77437.78125,77537.71875,0,0.0,0.0
2026-08-21 09:15:00+05:30,77701.0703125,77701.0703125,77538.8984375,77539.578125,0,0.0,0.0
2026-08-21 09:20:00+05:30,77540.53125,77540.53125,77448.7578125,77481.71875,0,0.0,0.0
2026-08-21 09:25:00+05:30,77491.3828125,77525.2578125,77475.2734375,77511.921875,0,0.0,0.0
2026-08-21 09:30:00+05:30,77507.859375,77513.640625,77448.90625,77451.78125,0,0.0,0.0
2026-08-21 09:35:00+05:30,77449.1484375,77500.0078125,77446.0078125,77490.640625,0,0.0,0.0
2026-08-21 09:40:00+05:30,77494.109375,77584.203125,77491.890625,77579.1328125,0,0.0,0.0
2026-08-21 09:45:00+05:30,77579.796875,77608.296875,77574.3203125,77590.6484375,0,0.0,0.0
2026-08-21 09:50:00+05:30,77590.9296875,77628.359375,77587.96875,77621.1171875,0,0.0,0.0
2026-08-21 09:55:00+05:30,77621.859375,77622.7421875,77584.3203125,77598.9296875,0,0.0,0.0
2026-08-21 10:00:00+05:30,77600.3515625,77609.96875,77562.7109375,77567.6875,0,0.0,0.0
2026-08-21 10:05:00+05:30,77569.921875,77573.640625,77529.8125,77533.796875,0,0.0,0.0
2026-08-21 10:10:00+05:30,77534.203125,77566.453125,77521.7734375,77563.46875,0,0.0,0.0
2026-08-21 10:15:00+05:30,77563.65625,77563.65625,77541.7265625,77546.828125,0,0.0,0.0
2026-08-21 10:20:00+05:30,77543.1328125,77594.25,77536.671875,77594.25,0,0.0,0.0
2026-08-21 10:25:00+05:30,77594.5703125,77627.7265625,77578.1796875,77627.15625,0,0.0,0.0
2026-08-21 10:30:00+05:30,77627.7265625,77632.8125,77608.359375,77615.1328125,0,0.0,0.0
2026-08-21 10:35:00+05:30,77615.1328125,77622.9921875,77601.4296875,77617.0703125,0,0.0,0.0
2026-08-21 10:40:00+05:30,77616.421875,77634.15625,77609.890625,77627.0625,0,0.0,0.0
2026-08-21 10:45:00+05:30,77631.140625,77640.28125,77601.71875,77617.46875,0,0.0,0.0
2026-08-21 10:50:00+05:30,77616.5625,77666.7890625,77609.28125,77661.859375,0,0.0,0.0
2026-08-21 10:55:00+05:30,77661.140625,77665.90625,77621.6328125,77642.796875,0,0.0,0.0
2026-08-21 11:00:00+05:30,77644.9375,77666.921875,77640.4609375,77657.4375,0,0.0,0.0
2026-08-21 11:05:00+05:30,77654.8671875,77672.5390625,77639.03125,77643.6875,0,0.0,0.0
2026-08-21 11:10:00+05:30,77643.5,77655.1875,77629.6484375,77653.03125,0,0.0,0.0
2026-08-21 11:15:00+05:30,77654.3828125,77664.3984375,77617.9765625,77627.65625,0,0.0,0.0
2026-08-21 11:20:00+05:30,77628.6171875,77633.1328125,77605.40625,77624.9375,0,0.0,0.0
2026-08-21 11:25:00+05:30,77627.5078125,77639.7734375,77618.3203125,77623.9609375,0,0.0,0.0
2026-08-21 11:30:00+05:30,77624.25,77654.21875,77619.9921875,77632.1484375,0,0.0,0.0
2026-08-21 11:35:00+05:30,77633.6328125,77642.609375,77620.5078125,77629.2734375,0,0.0,0.0
2026-08-21 11:40:00+05:30,77629.2578125,77634.140625,77598.140625,77610.9609375,0,0.0,0.0
2026-08-21 11:45:00+05:30,77611.6484375,77630.390625,77601.4296875,77622.1015625,0,0.0,0.0
2026-08-21 11:50:00+05:30,77622.1015625,77646.7109375,77608.203125,77608.203125,0,0.0,0.0
2026-08-21 11:55:00+05:30,77608.328125,77609.203125,77571.46875,77584.7109375,0,0.0,0.0
2026-08-21 12:00:00+05:30,77579.671875,77600.2734375,77572.359375,77583.90625,0,0.0,0.0
2026-08-21 12:05:00+05:30,77583.90625,77592.203125,77568.6015625,77573.171875,0,0.0,0.0
2026-08-21 12:10:00+05:30,77571.9296875,77585.53125,77557.796875,77557.796875,0,0.0,0.0
2026-08-21 12:15:00+05:30,77558.09375,77573.34375,77537.8125,77566.046875,0,0.0,0.0
2026-08-21 12:20:00+05:30,77566.046875,77587.3984375,77566.046875,77581.9765625,0,0.0,0.0
2026-08-21 12:25:00+05:30,77581.9765625,77588.4609375,77561.046875,77575.453125,0,0.0,0.0
2026-08-21 12:30:00+05:30,77573.5234375,77595.5234375,77573.5234375,77581.3515625,0,0.0,0.0
2026-08-21 12:35:00+05:30,77581.3515625,77596.1015625,77561.109375,77561.109375,0,0.0,0.0
2026-08-21 12:40:00+05:30,77565.796875,77571.1171875,77531.8671875,77539.453125,0,0.0,0.0
2026-08-21 12:45:00+05:30,77540.1328125,77566.109375,77532.953125,77539.6796875,0,0.0,0.0
2026-08-21 12:50:00+05:30,77540.1328125,77555.5390625,77537.859375,77545.8515625,0,0.0,0.0
2026-08-21 12:55:00+05:30,77553.03125,77559.7578125,77532.609375,77541.5234375,0,0.0,0.0
2026-08-21 13:00:00+05:30,77542.5703125,77570.8828125,77536.921875,77568.0234375,0,0.0,0.0
2026-08-21 13:05:00+05:30,77565.7421875,77608.8828125,77565.7109375,77598.7578125,0,0.0,0.0
2026-08-21 13:10:00+05:30,77600.0234375,77602.0234375,77576.7265625,77579.578125,0,0.0,0.0
2026-08-21 13:15:00+05:30,77581.0703125,77593.078125,77557.0078125,77584.0,0,0.0,0.0
2026-08-21 13:20:00+05:30,77583.953125,77587.0234375,77539.3515625,77556.03125,0,0.0,0.0
2026-08-21 13:25:00+05:30,77557.8671875,77574.796875,77543.609375,77574.796875,0,0.0,0.0
2026-08-21 13:30:00+05:30,77575.328125,77588.8515625,77548.171875,77558.3515625,0,0.0,0.0
2026-08-21 13:35:00+05:30,77555.15625,77564.421875,77521.3125,77538.90625,0,0.0,0.0
2026-08-21 13:40:00+05:30,77539.109375,77550.9921875,77524.171875,77546.0,0,0.0,0.0
2026-08-21 13:45:00+05:30,77546.9375,77554.9609375,77525.71875,77530.8984375,0,0.0,0.0
2026-08-21 13:50:00+05:30,77526.8203125,77558.8984375,77517.90625,77542.71875,0,0.0,0.0
2026-08-21 13:55:00+05:30,77542.71875,77568.921875,77537.9296875,77548.4375,0,0.0,0.0
2026-08-21 14:00:00+05:30,77548.4375,77551.5,77516.296875,77530.46875,0,0.0,0.0
2026-08-21 14:05:00+05:30,77530.46875,77533.5703125,77501.65625,77506.9921875,0,0.0,0.0
2026-08-21 14:10:00+05:30,77506.90625,77535.5390625,77497.5078125,77529.84375,0,0.0,0.0
2026-08-21 14:15:00+05:30,77529.84375,77557.203125,77521.140625,77544.6484375,0,0.0,0.0
2026-08-21 14:20:00+05:30,77544.6796875,77564.21875,77533.4375,77559.96875,0,0.0,0.0
2026-08-21 14:25:00+05:30,77559.96875,77563.796875,77537.296875,77560.2890625,0,0.0,0.0
2026-08-21 14:30:00+05:30,77560.75,77576.25,77538.9296875,77548.25,0,0.0,0.0
2026-08-21 14:35:00+05:30,77546.3203125,77549.09375,77531.3203125,77538.2421875,0,0.0,0.0
2026-08-21 14:40:00+05:30,77536.8828125,77545.0625,77527.59375,77536.921875,0,0.0,0.0
2026-08-21 14:45:00+05:30,77535.609375,77560.5234375,77531.9921875,77549.4921875,0,0.0,0.0
2026-08-21 14:50:00+05:30,77551.5,77564.0625,77540.421875,77548.8515625,0,0.0,0.0
2026-08-21 14:55:00+05:30,77546.0390625,77559.390625,77521.296875,77534.15625,0,0.0,0.0
2026-08-21 15:00:00+05:30,77530.2265625,77556.1015625,77527.5234375,77538.8828125,0,0.0,0.0
2026-08-21 15:05:00+05:30,77538.5390625,77553.9765625,77516.40625,77527.921875,0,0.0,0.0
2026-08-21 15:10:00+05:30,77528.0390625,77529.0078125,77478.2734375,77518.890625,0,0.0,0.0
2026-08-21 15:15:00+05:30,77522.46875,77522.46875,77515.4609375,77519.84375,0,0.0,0.0
2026-08-21 15:20:00+05:30,77519.84375,77537.84375,77386.296875,77418.1796875,0,0.0,0.0
2026-08-21 15:25:00+05:30,77418.3203125,77549.9765625,77418.3203125,77540.828125,0,0.0,0.0
2026-08-24 09:15:00+05:30,77681.40625,77785.546875,77644.140625,77745.359375,0,0.0,0.0
2026-08-24 09:20:00+05:30,77744.359375,77776.1796875,77733.59375,77740.2578125,0,0.0,0.0
2026-08-24 09:25:00+05:30,77748.1171875,77757.75,77696.640625,77701.6015625,0,0.0,0.0
2026-08-24 09:30:00+05:30,77702.0390625,77707.4375,77644.2734375,77649.640625,0,0.0,0.0
2026-08-24 09:35:00+05:30,77650.546875,77702.0,77649.359375,77684.09375,0,0.0,0.0
2026-08-24 09:40:00+05:30,77683.1328125,77685.34375,77649.5390625,77676.7734375,0,0.0,0.0
2026-08-24 09:45:00+05:30,77675.4765625,77684.21875,77646.2734375,77646.2734375,0,0.0,0.0
2026-08-24 09:50:00+05:30,77646.890625,77666.90625,77626.390625,77628.09375,0,0.0,0.0
2026-08-24 09:55:00+05:30,77631.7734375,77647.6875,77601.40625,77609.1875,0,0.0,0.0
2026-08-24 10:00:00+05:30,77609.890625,77635.65625,77609.4921875,77622.0078125,0,0.0,0.0
2026-08-24 10:05:00+05:30,77622.1875,77626.3671875,77601.8671875,77617.2578125,0,0.0,0.0
2026-08-24 10:10:00+05:30,77615.5078125,77632.4921875,77610.2265625,77631.25,0,0.0,0.0
2026-08-24 10:15:00+05:30,77631.03125,77646.2890625,77618.9765625,77627.2265625,0,0.0,0.0
2026-08-24 10:20:00+05:30,77629.2265625,77651.9765625,77626.2578125,77633.578125,0,0.0,0.0
2026-08-24 10:25:00+05:30,77636.4765625,77643.640625,77619.609375,77629.3203125,0,0.0,0.0
2026-08-24 10:30:00+05:30,77626.75,77644.7578125,77618.7421875,77636.546875,0,0.0,0.0
2026-08-24 10:35:00+05:30,77636.546875,77661.859375,77625.953125,77647.15625,0,0.0,0.0
2026-08-24 10:40:00+05:30,77646.609375,77646.609375,77624.1171875,77640.59375,0,0.0,0.0
2026-08-24 10:45:00+05:30,77637.1015625,77639.6796875,77595.78125,77601.1328125,0,0.0,0.0
2026-08-24 10:50:00+05:30,77597.078125,77608.3203125,77577.140625,77602.3828125,0,0.0,0.0
2026-08-24 10:55:00+05:30,77602.3828125,77610.6171875,77527.65625,77527.65625,0,0.0,0.0
2026-08-24 11:00:00+05:30,77527.09375,77542.71875,77467.15625,77472.6015625,0,0.0,0.0
2026-08-24 11:05:00+05:30,77471.8125,77480.25,77436.3828125,77438.7578125,0,0.0,0.0
2026-08-24 11:10:00+05:30,77438.7578125,77455.8125,77408.296875,77410.0078125,0,0.0,0.0
2026-08-24 11:15:00+05:30,77415.421875,77440.359375,77398.7578125,77436.84375,0,0.0,0.0
2026-08-24 11:20:00+05:30,77436.828125,77446.3671875,77385.8125,77398.4375,0,0.0,0.0
2026-08-24 11:25:00+05:30,77389.0078125,77400.3125,77366.859375,77399.8984375,0,0.0,0.0
2026-08-24 11:30:00+05:30,77399.359375,77399.53125,77311.6171875,77320.8671875,0,0.0,0.0
2026-08-24 11:35:00+05:30,77321.4765625,77333.6171875,77305.5625,77330.78125,0,0.0,0.0
2026-08-24 11:40:00+05:30,77330.78125,77361.1796875,77318.5390625,77337.46875,0,0.0,0.0
2026-08-24 11:45:00+05:30,77338.21875,77375.046875,77337.7578125,77358.53125,0,0.0,0.0
2026-08-24 11:50:00+05:30,77359.140625,77371.046875,77336.2109375,77345.25,0,0.0,0.0
2026-08-24 11:55:00+05:30,77346.453125,77359.0390625,77313.578125,77314.09375,0,0.0,0.0
2026-08-24 12:00:00+05:30,77317.40625,77343.109375,77311.0234375,77336.921875,0,0.0,0.0
2026-08-24 12:05:00+05:30,77337.078125,77353.1484375,77318.6328125,77349.9609375,0,0.0,0.0
2026-08-24 12:10:00+05:30,77351.3515625,77367.15625,77336.5625,77352.5,0,0.0,0.0
2026-08-24 12:15:00+05:30,77352.4765625,77359.921875,77327.7734375,77339.421875,0,0.0,0.0
2026-08-24 12:20:00+05:30,77341.109375,77356.25,77332.75,77352.1875,0,0.0,0.0
2026-08-24 12:25:00+05:30,77350.828125,77361.328125,77318.171875,77318.171875,0,0.0,0.0
2026-08-24 12:30:00+05:30,77316.8828125,77330.8984375,77307.1796875,77312.0234375,0,0.0,0.0
2026-08-24 12:35:00+05:30,77312.0234375,77327.453125,77291.2578125,77299.6328125,0,0.0,0.0
2026-08-24 12:40:00+05:30,77294.2578125,77298.8515625,77278.0625,77287.9296875,0,0.0,0.0
2026-08-24 12:45:00+05:30,77285.6015625,77313.0625,77284.921875,77305.359375,0,0.0,0.0
2026-08-24 12:50:00+05:30,77305.359375,77312.1796875,77287.0234375,77299.5703125,0,0.0,0.0
2026-08-24 12:55:00+05:30,77299.609375,77318.8515625,77293.40625,77300.9921875,0,0.0,0.0
2026-08-24 13:00:00+05:30,77299.65625,77306.7734375,77231.03125,77254.0234375,0,0.0,0.0
2026-08-24 13:05:00+05:30,77256.9375,77256.9375,77201.65625,77230.796875,0,0.0,0.0
2026-08-24 13:10:00+05:30,77230.796875,77255.1796875,77219.2265625,77252.3828125,0,0.0,0.0
2026-08-24 13:15:00+05:30,77252.859375,77276.0625,77235.109375,77270.453125,0,0.0,0.0
2026-08-24 13:20:00+05:30,77270.453125,77295.203125,77270.453125,77288.046875,0,0.0,0.0
2026-08-24 13:25:00+05:30,77288.2578125,77312.390625,77276.9296875,77303.3125,0,0.0,0.0
2026-08-24 13:30:00+05:30,77304.4375,77312.5234375,77255.1015625,77261.2734375,0,0.0,0.0
2026-08-24 13:35:00+05:30,77267.6875,77286.453125,77259.28125,77279.6171875,0,0.0,0.0
2026-08-24 13:40:00+05:30,77280.1484375,77285.78125,77258.9609375,77265.78125,0,0.0,0.0
2026-08-24 13:45:00+05:30,77265.1328125,77278.0625,77256.421875,77266.203125,0,0.0,0.0
2026-08-24 13:50:00+05:30,77261.6015625,77281.84375,77243.5390625,77243.59375,0,0.0,0.0
2026-08-24 13:55:00+05:30,77239.8515625,77255.2265625,77234.7578125,77250.7109375,0,0.0,0.0
2026-08-24 14:00:00+05:30,77250.4765625,77272.1328125,77239.8125,77263.4375,0,0.0,0.0
2026-08-24 14:05:00+05:30,77262.21875,77269.109375,77249.8828125,77257.3984375,0,0.0,0.0
2026-08-24 14:10:00+05:30,77256.796875,77259.9296875,77218.4296875,77220.90625,0,0.0,0.0
2026-08-24 14:15:00+05:30,77220.90625,77229.90625,77209.828125,77221.9375,0,0.0,0.0
2026-08-24 14:20:00+05:30,77222.9921875,77243.6796875,77209.5234375,77215.390625,0,0.0,0.0
2026-08-24 14:25:00+05:30,77217.5703125,77261.2734375,77217.5703125,77240.8984375,0,0.0,0.0
2026-08-24 14:30:00+05:30,77239.6796875,77296.859375,77239.6796875,77290.453125,0,0.0,0.0
2026-08-24 14:35:00+05:30,77290.5,77300.421875,77269.9765625,77272.328125,0,0.0,0.0
2026-08-24 14:40:00+05:30,77275.4765625,77279.9375,77241.40625,77269.90625,0,0.0,0.0
2026-08-24 14:45:00+05:30,77269.546875,77276.46875,77246.1484375,77247.6796875,0,0.0,0.0
2026-08-24 14:50:00+05:30,77252.28125,77290.5625,77245.3671875,77282.4921875,0,0.0,0.0
2026-08-24 14:55:00+05:30,77285.5,77295.796875,77271.609375,77287.1328125,0,0.0,0.0
2026-08-24 15:00:00+05:30,77289.2890625,77322.0234375,77289.2890625,77305.5234375,0,0.0,0.0
2026-08-24 15:05:00+05:30,77306.953125,77317.8125,77258.0078125,77316.84375,0,0.0,0.0
2026-08-24 15:10:00+05:30,77317.0390625,77331.84375,77282.4296875,77328.1015625,0,0.0,0.0
2026-08-24 15:15:00+05:30,77328.1015625,77328.1015625,77303.9921875,77303.9921875,0,0.0,0.0
2026-08-24 15:20:00+05:30,77303.9921875,77354.8203125,77273.0078125,77349.6171875,0,0.0,0.0
2026-08-24 15:25:00+05:30,77349.6171875,77376.296875,77297.5703125,77369.109375,0,0.0,0.0
2026-08-25 09:15:00+05:30,77282.421875,77325.4609375,77152.21875,77325.4609375,0,0.0,0.0
2026-08-25 09:20:00+05:30,77327.1171875,77378.40625,77309.328125,77311.6875,0,0.0,0.0
2026-08-25 09:25:00+05:30,77311.7421875,77356.3984375,77299.2734375,77338.609375,0,0.0,0.0
2026-08-25 09:30:00+05:30,77337.8203125,77390.71875,77333.921875,77371.359375,0,0.0,0.0
2026-08-25 09:35:00+05:30,77373.796875,77380.5,77296.203125,77310.828125,0,0.0,0.0
2026-08-25 09:40:00+05:30,77309.7890625,77309.7890625,77242.75,77245.921875,0,0.0,0.0
2026-08-25 09:45:00+05:30,77244.921875,77273.9765625,77220.578125,77233.46875,0,0.0,0.0
2026-08-25 09:50:00+05:30,77233.46875,77242.96875,77165.7890625,77185.1328125,0,0.0,0.0
2026-08-25 09:55:00+05:30,77185.703125,77211.2890625,77172.78125,77192.46875,0,0.0,0.0
2026-08-25 10:00:00+05:30,77193.171875,77207.8125,77169.796875,77207.8125,0,0.0,0.0
2026-08-25 10:05:00+05:30,77207.8125,77225.09375,77183.140625,77183.140625,0,0.0,0.0
2026-08-25 10:10:00+05:30,77184.7421875,77210.421875,77183.34375,77202.703125,0,0.0,0.0
2026-08-25 10:15:00+05:30,77203.3984375,77206.96875,77165.796875,77168.9375,0,0.0,0.0
2026-08-25 10:20:00+05:30,77174.09375,77178.8203125,77131.859375,77138.8515625,0,0.0,0.0
2026-08-25 10:25:00+05:30,77138.03125,77158.109375,77126.40625,77149.7109375,0,0.0,0.0
2026-08-25 10:30:00+05:30,77148.8515625,77180.9609375,77145.7734375,77178.15625,0,0.0,0.0
2026-08-25 10:35:00+05:30,77177.140625,77182.1328125,77156.921875,77181.3203125,0,0.0,0.0
2026-08-25 10:40:00+05:30,77181.3203125,77201.328125,77162.25,77198.46875,0,0.0,0.0
2026-08-25 10:45:00+05:30,77200.03125,77261.9296875,77193.53125,77259.796875,0,0.0,0.0
2026-08-25 10:50:00+05:30,77259.953125,77295.0078125,77243.6796875,77252.890625,0,0.0,0.0
2026-08-25 10:55:00+05:30,77252.59375,77264.3671875,77207.578125,77218.1328125,0,0.0,0.0
2026-08-25 11:00:00+05:30,77216.4296875,77231.8515625,77192.171875,77193.46875,0,0.0,0.0
2026-08-25 11:05:00+05:30,77193.96875,77222.203125,77192.6796875,77198.6015625,0,0.0,0.0
2026-08-25 11:10:00+05:30,77199.5078125,77207.65625,77170.15625,77202.9609375,0,0.0,0.0
2026-08-25 11:15:00+05:30,77202.65625,77225.7265625,77202.65625,77212.4765625,0,0.0,0.0
2026-08-25 11:20:00+05:30,77212.34375,77252.9609375,77207.3125,77238.203125,0,0.0,0.0
2026-08-25 11:25:00+05:30,77238.953125,77247.78125,77223.9296875,77228.046875,0,0.0,0.0
2026-08-25 11:30:00+05:30,77228.4765625,77261.2578125,77222.9375,77238.2890625,0,0.0,0.0
2026-08-25 11:35:00+05:30,77237.640625,77237.921875,77203.96875,77233.6015625,0,0.0,0.0
2026-08-25 11:40:00+05:30,77233.6015625,77243.7421875,77225.2890625,77238.578125,0,0.0,0.0
2026-08-25 11:45:00+05:30,77234.6796875,77245.921875,77186.96875,77211.328125,0,0.0,0.0
2026-08-25 11:50:00+05:30,77211.328125,77267.8984375,77194.671875,77267.8984375,0,0.0,0.0
2026-08-25 11:55:00+05:30,77267.8984375,77361.546875,77259.7578125,77346.5390625,0,0.0,0.0
2026-08-25 12:00:00+05:30,77337.5703125,77352.671875,77286.65625,77343.34375,0,0.0,0.0
2026-08-25 12:05:00+05:30,77343.703125,77343.703125,77307.1171875,77309.1015625,0,0.0,0.0
2026-08-25 12:10:00+05:30,77309.1015625,77321.34375,77294.4609375,77317.046875,0,0.0,0.0
2026-08-25 12:15:00+05:30,77317.15625,77342.5625,77317.15625,77332.75,0,0.0,0.0
2026-08-25 12:20:00+05:30,77332.75,77340.7734375,77299.421875,77304.6171875,0,0.0,0.0
2026-08-25 12:25:00+05:30,77304.1875,77328.1171875,77287.4296875,77308.84375,0,0.0,0.0
2026-08-25 12:30:00+05:30,77308.0390625,77311.6875,77281.21875,77307.6875,0,0.0,0.0
2026-08-25 12:35:00+05:30,77307.6875,77307.6875,77263.6328125,77278.1484375,0,0.0,0.0
2026-08-25 12:40:00+05:30,77276.2109375,77280.1015625,77252.28125,77267.453125,0,0.0,0.0
2026-08-25 12:45:00+05:30,77267.453125,77279.8828125,77245.390625,77267.2109375,0,0.0,0.0
2026-08-25 12:50:00+05:30,77271.7109375,77281.1171875,77253.9296875,77262.453125,0,0.0,0.0
2026-08-25 12:55:00+05:30,77259.1875,77276.703125,77247.28125,77267.3984375,0,0.0,0.0
2026-08-25 13:00:00+05:30,77267.859375,77269.46875,77206.078125,77216.078125,0,0.0,0.0
2026-08-25 13:05:00+05:30,77217.5390625,77223.40625,77198.1015625,77203.53125,0,0.0,0.0
2026-08-25 13:10:00+05:30,77204.578125,77218.3671875,77170.953125,77171.78125,0,0.0,0.0
2026-08-25 13:15:00+05:30,77171.328125,77183.9296875,77156.8671875,77165.8515625,0,0.0,0.0
2026-08-25 13:20:00+05:30,77165.8515625,77176.15625,77142.1875,77142.6796875,0,0.0,0.0
2026-08-25 13:25:00+05:30,77141.796875,77168.40625,77134.8515625,77163.046875,0,0.0,0.0
2026-08-25 13:30:00+05:30,77163.1171875,77174.8203125,77157.8984375,77168.7265625,0,0.0,0.0
2026-08-25 13:35:00+05:30,77168.7265625,77186.8203125,77155.1171875,77186.46875,0,0.0,0.0
2026-08-25 13:40:00+05:30,77186.46875,77210.0078125,77180.3828125,77193.7109375,0,0.0,0.0
2026-08-25 13:45:00+05:30,77193.7109375,77198.25,77171.890625,77178.046875,0,0.0,0.0
2026-08-25 13:50:00+05:30,77177.796875,77298.1015625,77166.0703125,77298.1015625,0,0.0,0.0
2026-08-25 13:55:00+05:30,77301.96875,77308.53125,77238.8828125,77248.171875,0,0.0,0.0
2026-08-25 14:00:00+05:30,77247.0,77252.9921875,77194.7578125,77245.7734375,0,0.0,0.0
2026-08-25 14:05:00+05:30,77247.7265625,77265.2734375,77234.9375,77241.4765625,0,0.0,0.0
2026-08-25 14:10:00+05:30,77241.4765625,77265.2890625,77238.4296875,77248.2265625,0,0.0,0.0
2026-08-25 14:15:00+05:30,77247.0,77258.703125,77237.828125,77255.2265625,0,0.0,0.0
2026-08-25 14:20:00+05:30,77255.2265625,77284.359375,77244.3125,77257.546875,0,0.0,0.0
2026-08-25 14:25:00+05:30,77252.640625,77331.703125,77252.046875,77327.328125,0,0.0,0.0
2026-08-25 14:30:00+05:30,77327.0234375,77424.84375,77312.0390625,77381.5625,0,0.0,0.0
2026-08-25 14:35:00+05:30,77380.3203125,77421.2109375,77353.90625,77377.09375,0,0.0,0.0
2026-08-25 14:40:00+05:30,77375.28125,77417.28125,77371.296875,77399.4609375,0,0.0,0.0
2026-08-25 14:45:00+05:30,77400.640625,77459.5390625,77400.640625,77456.4296875,0,0.0,0.0
2026-08-25 14:50:00+05:30,77456.2109375,77529.0078125,77439.9609375,77501.8984375,0,0.0,0.0
2026-08-25 14:55:00+05:30,77501.5703125,77544.3984375,77494.6015625,77539.7421875,0,0.0,0.0
2026-08-25 15:00:00+05:30,77536.046875,77547.9375,77500.2734375,77545.109375,0,0.0,0.0
2026-08-25 15:05:00+05:30,77545.109375,77545.109375,77502.7734375,77517.671875,0,0.0,0.0
2026-08-25 15:10:00+05:30,77520.5390625,77585.0234375,77512.8125,77526.75,0,0.0,0.0
2026-08-25 15:15:00+05:30,77529.9375,77533.7890625,77529.7890625,77529.7890625,0,0.0,0.0
2026-08-25 15:20:00+05:30,77529.7890625,77614.0234375,77361.8125,77464.90625,0,0.0,0.0
2026-08-25 15:25:00+05:30,77463.7109375,77676.8984375,77463.7109375,77656.09375,0,0.0,0.0
2026-08-26 09:15:00+05:30,77837.609375,77929.640625,77805.6171875,77827.421875,0,0.0,0.0
2026-08-26 09:20:00+05:30,77824.828125,77934.703125,77818.203125,77934.703125,0,0.0,0.0
2026-08-26 09:25:00+05:30,77935.1015625,77948.34375,77900.90625,77906.71875,0,0.0,0.0
2026-08-26 09:30:00+05:30,77907.6875,77928.6484375,77879.7734375,77895.6484375,0,0.0,0.0
2026-08-26 09:35:00+05:30,77891.34375,77915.7578125,77864.1171875,77910.3125,0,0.0,0.0
2026-08-26 09:40:00+05:30,77907.34375,77969.9921875,77907.34375,77960.8984375,0,0.0,0.0
2026-08-26 09:45:00+05:30,77960.5703125,77986.84375,77956.1015625,77961.96875,0,0.0,0.0
2026-08-26 09:50:00+05:30,77964.7734375,77965.390625,77929.2421875,77934.6328125,0,0.0,0.0
2026-08-26 09:55:00+05:30,77934.7421875,77972.4609375,77931.71875,77955.1171875,0,0.0,0.0
2026-08-26 10:00:00+05:30,77955.1015625,77956.0703125,77911.421875,77919.40625,0,0.0,0.0
2026-08-26 10:05:00+05:30,77921.890625,77932.1328125,77871.9296875,77877.0078125,0,0.0,0.0
2026-08-26 10:10:00+05:30,77876.40625,77882.0625,77830.78125,77859.609375,0,0.0,0.0
2026-08-26 10:15:00+05:30,77862.03125,77869.53125,77773.4609375,77779.7890625,0,0.0,0.0
2026-08-26 10:20:00+05:30,77778.96875,77789.3828125,77712.1484375,77729.953125,0,0.0,0.0
2026-08-26 10:25:00+05:30,77729.5,77736.8515625,77702.109375,77730.390625,0,0.0,0.0
2026-08-26 10:30:00+05:30,77730.5625,77798.4609375,77730.5625,77786.3984375,0,0.0,0.0
2026-08-26 10:35:00+05:30,77786.09375,77801.6796875,77774.578125,77790.2109375,0,0.0,0.0
2026-08-26 10:40:00+05:30,77790.9375,77825.6796875,77777.2421875,77810.953125,0,0.0,0.0
2026-08-26 10:45:00+05:30,77810.609375,77814.1484375,77768.46875,77784.0,0,0.0,0.0
2026-08-26 10:50:00+05:30,77782.796875,77791.4765625,77759.390625,77787.7109375,0,0.0,0.0
2026-08-26 10:55:00+05:30,77788.7265625,77812.953125,77775.21875,77787.421875,0,0.0,0.0
2026-08-26 11:00:00+05:30,77787.1015625,77790.1171875,77752.609375,77758.6171875,0,0.0,0.0
2026-08-26 11:05:00+05:30,77760.7421875,77777.8984375,77742.4609375,77776.6015625,0,0.0,0.0
2026-08-26 11:10:00+05:30,77780.546875,77812.890625,77777.25,77812.578125,0,0.0,0.0
2026-08-26 11:15:00+05:30,77813.7890625,77826.4375,77731.6328125,77755.15625,0,0.0,0.0
2026-08-26 11:20:00+05:30,77755.15625,77765.7265625,77709.71875,77720.046875,0,0.0,0.0
2026-08-26 11:25:00+05:30,77720.046875,77747.28125,77720.046875,77737.203125,0,0.0,0.0
2026-08-26 11:30:00+05:30,77732.65625,77742.28125,77704.1015625,77717.5703125,0,0.0,0.0
2026-08-26 11:35:00+05:30,77718.3828125,77768.640625,77718.3828125,77750.390625,0,0.0,0.0
2026-08-26 11:40:00+05:30,77750.390625,77760.0078125,77742.4921875,77750.203125,0,0.0,0.0
2026-08-26 11:45:00+05:30,77750.203125,77756.328125,77717.5078125,77724.25,0,0.0,0.0
2026-08-26 11:50:00+05:30,77723.3515625,77730.8828125,77670.34375,77678.8671875,0,0.0,0.0
2026-08-26 11:55:00+05:30,77682.078125,77710.59375,77674.0390625,77691.359375,0,0.0,0.0
2026-08-26 12:00:00+05:30,77692.8984375,77698.75,77636.9296875,77648.578125,0,0.0,0.0
2026-08-26 12:05:00+05:30,77650.0703125,77677.609375,77638.40625,77638.40625,0,0.0,0.0
2026-08-26 12:10:00+05:30,77638.109375,77671.3203125,77625.7265625,77671.3203125,0,0.0,0.0
2026-08-26 12:15:00+05:30,77670.4765625,77701.9609375,77659.4375,77692.109375,0,0.0,0.0
2026-08-26 12:20:00+05:30,77692.109375,77712.53125,77674.2734375,77705.53125,0,0.0,0.0
2026-08-26 12:25:00+05:30,77705.53125,77711.3671875,77661.0234375,77679.0234375,0,0.0,0.0
2026-08-26 12:30:00+05:30,77679.640625,77679.640625,77646.3515625,77675.40625,0,0.0,0.0
2026-08-26 12:35:00+05:30,77675.59375,77693.1015625,77668.78125,77674.8984375,0,0.0,0.0
2026-08-26 12:40:00+05:30,77675.2109375,77687.4375,77647.7578125,77679.4296875,0,0.0,0.0
2026-08-26 12:45:00+05:30,77683.109375,77687.3671875,77651.4375,77669.8125,0,0.0,0.0
2026-08-26 12:50:00+05:30,77669.8125,77669.8125,77638.7421875,77649.609375,0,0.0,0.0
2026-08-26 12:55:00+05:30,77652.4609375,77672.703125,77651.6484375,77669.15625,0,0.0,0.0
2026-08-26 13:00:00+05:30,77669.21875,77669.9921875,77621.5625,77649.8671875,0,0.0,0.0
2026-08-26 13:05:00+05:30,77649.8671875,77668.9921875,77641.03125,77642.5078125,0,0.0,0.0
2026-08-26 13:10:00+05:30,77640.8828125,77645.5234375,77621.1171875,77626.140625,0,0.0,0.0
2026-08-26 13:15:00+05:30,77627.859375,77627.859375,77581.2109375,77604.9765625,0,0.0,0.0
2026-08-26 13:20:00+05:30,77604.953125,77607.0703125,77570.328125,77583.9921875,0,0.0,0.0
2026-08-26 13:25:00+05:30,77584.3984375,77605.09375,77567.078125,77586.703125,0,0.0,0.0
2026-08-26 13:30:00+05:30,77587.1796875,77602.046875,77579.3671875,77590.28125,0,0.0,0.0
2026-08-26 13:35:00+05:30,77590.28125,77603.921875,77581.171875,77603.921875,0,0.0,0.0
2026-08-26 13:40:00+05:30,77603.40625,77627.96875,77577.9921875,77584.71875,0,0.0,0.0
2026-08-26 13:45:00+05:30,77584.71875,77585.84375,77565.6484375,77575.890625,0,0.0,0.0
2026-08-26 13:50:00+05:30,77578.7109375,77618.046875,77569.1875,77585.4921875,0,0.0,0.0
2026-08-26 13:55:00+05:30,77587.28125,77607.046875,77566.0625,77594.28125,0,0.0,0.0
2026-08-26 14:00:00+05:30,77595.046875,77632.2734375,77547.3828125,77612.7265625,0,0.0,0.0
2026-08-26 14:05:00+05:30,77610.296875,77620.4375,77569.828125,77609.7578125,0,0.0,0.0
2026-08-26 14:10:00+05:30,77611.4609375,77653.1484375,77574.390625,77614.25,0,0.0,0.0
2026-08-26 14:15:00+05:30,77614.390625,77638.9375,77607.9609375,77633.5078125,0,0.0,0.0
2026-08-26 14:20:00+05:30,77634.2109375,77639.46875,77611.859375,77615.078125,0,0.0,0.0
2026-08-26 14:25:00+05:30,77615.078125,77619.3125,77589.0078125,77605.2734375,0,0.0,0.0
2026-08-26 14:30:00+05:30,77604.6328125,77655.7109375,77585.09375,77637.0625,0,0.0,0.0
2026-08-26 14:35:00+05:30,77633.703125,77640.0625,77614.46875,77628.6875,0,0.0,0.0
2026-08-26 14:40:00+05:30,77627.1796875,77642.640625,77619.40625,77626.1796875,0,0.0,0.0
2026-08-26 14:45:00+05:30,77626.2265625,77673.4921875,77617.7421875,77666.8671875,0,0.0,0.0
2026-08-26 14:50:00+05:30,77667.453125,77677.078125,77649.3203125,77668.8515625,0,0.0,0.0
2026-08-26 14:55:00+05:30,77668.7265625,77691.7890625,77625.7578125,77656.5625,0,0.0,0.0
2026-08-26 15:00:00+05:30,77665.53125,77665.53125,77607.171875,77652.7734375,0,0.0,0.0
2026-08-26 15:05:00+05:30,77658.421875,77658.421875,77590.53125,77611.359375,0,0.0,0.0
2026-08-26 15:10:00+05:30,77618.296875,77645.703125,77593.5234375,77604.3828125,0,0.0,0.0
2026-08-26 15:15:00+05:30,77614.3125,77615.4609375,77614.3125,77615.4609375,0,0.0,0.0
2026-08-26 15:20:00+05:30,77615.4609375,77739.09375,77504.6796875,77521.921875,0,0.0,0.0
2026-08-26 15:25:00+05:30,77524.3125,77562.1328125,77422.25,77472.9375,0,0.0,0.0
2026-08-27 09:15:00+05:30,77574.6171875,77692.4296875,77484.8125,77515.1328125,0,0.0,0.0
2026-08-27 09:20:00+05:30,77516.34375,77538.6171875,77453.7578125,77483.7109375,0,0.0,0.0
2026-08-27 09:25:00+05:30,77484.6015625,77504.0078125,77385.4609375,77392.34375,0,0.0,0.0
2026-08-27 09:30:00+05:30,77397.03125,77425.9296875,77341.15625,77421.640625,0,0.0,0.0
2026-08-27 09:35:00+05:30,77420.65625,77452.890625,77365.4375,77389.84375,0,0.0,0.0
2026-08-27 09:40:00+05:30,77396.7109375,77466.546875,77386.34375,77446.09375,0,0.0,0.0
2026-08-27 09:45:00+05:30,77442.609375,77515.890625,77442.609375,77506.40625,0,0.0,0.0
2026-08-27 09:50:00+05:30,77508.5078125,77510.09375,77431.171875,77459.3515625,0,0.0,0.0
2026-08-27 09:55:00+05:30,77459.109375,77461.21875,77364.1796875,77411.453125,0,0.0,0.0
2026-08-27 10:00:00+05:30,77408.8125,77410.5703125,77341.2109375,77389.6875,0,0.0,0.0
2026-08-27 10:05:00+05:30,77389.3671875,77395.8984375,77360.890625,77395.8984375,0,0.0,0.0
2026-08-27 10:10:00+05:30,77398.859375,77407.0703125,77330.5703125,77360.578125,0,0.0,0.0
2026-08-27 10:15:00+05:30,77359.140625,77381.7421875,77339.6796875,77366.1171875,0,0.0,0.0
2026-08-27 10:20:00+05:30,77366.9375,77372.921875,77325.78125,77332.3984375,0,0.0,0.0
2026-08-27 10:25:00+05:30,77330.8671875,77371.703125,77320.1328125,77335.890625,0,0.0,0.0
2026-08-27 10:30:00+05:30,77336.09375,77370.671875,77314.171875,77364.15625,0,0.0,0.0
2026-08-27 10:35:00+05:30,77363.4609375,77376.5625,77334.9375,77334.9375,0,0.0,0.0
2026-08-27 10:40:00+05:30,77336.6171875,77364.03125,77300.03125,77304.671875,0,0.0,0.0
2026-08-27 10:45:00+05:30,77303.3515625,77342.9296875,77294.0078125,77321.2421875,0,0.0,0.0
2026-08-27 10:50:00+05:30,77321.9921875,77324.3515625,77266.65625,77285.890625,0,0.0,0.0
2026-08-27 10:55:00+05:30,77285.3515625,77295.21875,77266.4609375,77272.8671875,0,0.0,0.0
2026-08-27 11:00:00+05:30,77274.3984375,77287.5234375,77243.25,77287.5234375,0,0.0,0.0
2026-08-27 11:05:00+05:30,77286.46875,77293.671875,77262.6484375,77277.9609375,0,0.0,0.0
2026-08-27 11:10:00+05:30,77278.203125,77284.1171875,77253.7421875,77257.71875,0,0.0,0.0
2026-08-27 11:15:00+05:30,77257.8203125,77259.1875,77213.6796875,77215.421875,0,0.0,0.0
2026-08-27 11:20:00+05:30,77216.71875,77219.609375,77180.8515625,77188.21875,0,0.0,0.0
2026-08-27 11:25:00+05:30,77190.578125,77206.75,77182.7421875,77182.7421875,0,0.0,0.0
2026-08-27 11:30:00+05:30,77183.921875,77253.0625,77175.5,77253.0625,0,0.0,0.0
2026-08-27 11:35:00+05:30,77251.0078125,77274.421875,77232.3984375,77251.5703125,0,0.0,0.0
2026-08-27 11:40:00+05:30,77251.5703125,77275.2734375,77213.5,77231.8515625,0,0.0,0.0
2026-08-27 11:45:00+05:30,77232.6015625,77248.2890625,77209.6875,77218.9609375,0,0.0,0.0
2026-08-27 11:50:00+05:30,77222.6484375,77250.4765625,77204.421875,77239.1328125,0,0.0,0.0
2026-08-27 11:55:00+05:30,77240.2265625,77268.109375,77240.2265625,77258.84375,0,0.0,0.0
2026-08-27 12:00:00+05:30,77258.09375,77262.3203125,77210.703125,77229.671875,0,0.0,0.0
2026-08-27 12:05:00+05:30,77232.1015625,77236.328125,77176.546875,77208.578125,0,0.0,0.0
2026-08-27 12:10:00+05:30,77210.3515625,77259.2890625,77186.578125,77254.96875,0,0.0,0.0
2026-08-27 12:15:00+05:30,77256.5234375,77272.1875,77219.0390625,77222.6875,0,0.0,0.0
2026-08-27 12:20:00+05:30,77222.578125,77230.8125,77200.8828125,77203.9765625,0,0.0,0.0
2026-08-27 12:25:00+05:30,77204.6171875,77272.859375,77202.96875,77252.953125,0,0.0,0.0
2026-08-27 12:30:00+05:30,77252.703125,77258.4375,77225.7109375,77252.078125,0,0.0,0.0
2026-08-27 12:35:00+05:30,77250.796875,77314.609375,77234.8203125,77310.6171875,0,0.0,0.0
2026-08-27 12:40:00+05:30,77311.453125,77322.0390625,77283.5,77304.21875,0,0.0,0.0
2026-08-27 12:45:00+05:30,77300.359375,77319.3828125,77278.6171875,77316.9921875,0,0.0,0.0
2026-08-27 12:50:00+05:30,77316.296875,77374.15625,77306.03125,77360.1015625,0,0.0,0.0
2026-08-27 12:55:00+05:30,77361.6484375,77371.2421875,77342.0234375,77348.203125,0,0.0,0.0
2026-08-27 13:00:00+05:30,77348.203125,77369.2890625,77333.859375,77350.4375,0,0.0,0.0
2026-08-27 13:05:00+05:30,77352.0,77358.8671875,77319.3828125,77347.9296875,0,0.0,0.0
2026-08-27 13:10:00+05:30,77347.8984375,77399.578125,77333.078125,77379.8984375,0,0.0,0.0
2026-08-27 13:15:00+05:30,77380.109375,77415.7734375,77330.0625,77360.6484375,0,0.0,0.0
2026-08-27 13:20:00+05:30,77365.2109375,77385.453125,77328.4296875,77385.453125,0,0.0,0.0
2026-08-27 13:25:00+05:30,77385.453125,77387.7734375,77332.8828125,77353.8125,0,0.0,0.0
2026-08-27 13:30:00+05:30,77354.40625,77368.5390625,77289.90625,77334.859375,0,0.0,0.0
2026-08-27 13:35:00+05:30,77334.859375,77358.7734375,77313.7265625,77347.59375,0,0.0,0.0
2026-08-27 13:40:00+05:30,77347.59375,77351.5390625,77293.2578125,77297.0234375,0,0.0,0.0
2026-08-27 13:45:00+05:30,77297.5390625,77298.7578125,77196.5234375,77233.2578125,0,0.0,0.0
2026-08-27 13:50:00+05:30,77231.40625,77236.4375,77193.1796875,77211.609375,0,0.0,0.0
2026-08-27 13:55:00+05:30,77212.9765625,77214.9921875,77167.25,77185.9296875,0,0.0,0.0
2026-08-27 14:00:00+05:30,77183.2109375,77191.1015625,77156.6015625,77169.4375,0,0.0,0.0
2026-08-27 14:05:00+05:30,77169.75,77182.2421875,77131.78125,77150.84375,0,0.0,0.0
2026-08-27 14:10:00+05:30,77148.2421875,77214.5390625,77137.3125,77179.9296875,0,0.0,0.0
2026-08-27 14:15:00+05:30,77179.9296875,77219.328125,77151.671875,77216.46875,0,0.0,0.0
2026-08-27 14:20:00+05:30,77215.6015625,77241.4375,77192.3828125,77241.4375,0,0.0,0.0
2026-08-27 14:25:00+05:30,77240.7578125,77269.3515625,77216.0234375,77261.15625,0,0.0,0.0
2026-08-27 14:30:00+05:30,77264.8515625,77301.890625,77203.96875,77257.3203125,0,0.0,0.0
2026-08-27 14:35:00+05:30,77257.34375,77258.84375,77192.3203125,77254.8203125,0,0.0,0.0
2026-08-27 14:40:00+05:30,77256.5,77259.296875,77174.0703125,77200.25,0,0.0,0.0
2026-08-27 14:45:00+05:30,77203.6875,77243.4375,77197.9609375,77235.671875,0,0.0,0.0
2026-08-27 14:50:00+05:30,77235.859375,77269.0625,77197.9609375,77197.9609375,0,0.0,0.0
2026-08-27 14:55:00+05:30,77196.8671875,77250.84375,77189.671875,77245.5390625,0,0.0,0.0
2026-08-27 15:00:00+05:30,77246.9296875,77274.1171875,77206.046875,77213.1796875,0,0.0,0.0
2026-08-27 15:05:00+05:30,77221.9765625,77249.109375,77180.0625,77208.078125,0,0.0,0.0
2026-08-27 15:10:00+05:30,77208.1328125,77231.1875,77168.5625,77181.609375,0,0.0,0.0
2026-08-27 15:15:00+05:30,77182.90625,77213.8671875,77182.90625,77213.8671875,0,0.0,0.0
2026-08-27 15:20:00+05:30,77213.8671875,77213.8671875,74964.0703125,76664.296875,0,0.0,0.0
2026-08-27 15:25:00+05:30,76496.1484375,76956.5625,76363.6796875,76933.59375,0,0.0,0.0
2026-08-28 09:15:00+05:30,77128.046875,77185.5390625,77063.2109375,77093.6484375,0,0.0,0.0
2026-08-28 09:20:00+05:30,77091.1484375,77165.1015625,77066.296875,77162.7421875,0,0.0,0.0
2026-08-28 09:25:00+05:30,77164.3515625,77252.046875,77161.0,77232.1484375,0,0.0,0.0
2026-08-28 09:30:00+05:30,77229.546875,77242.9375,77204.3515625,77227.546875,0,0.0,0.0
2026-08-28 09:35:00+05:30,77228.09375,77229.640625,77168.7890625,77211.1328125,0,0.0,0.0
2026-08-28 09:40:00+05:30,77208.578125,77291.453125,77199.171875,77267.640625,0,0.0,0.0
2026-08-28 09:45:00+05:30,77267.640625,77272.3203125,77209.6171875,77215.7265625,0,0.0,0.0
2026-08-28 09:50:00+05:30,77217.0078125,77245.3125,77187.7109375,77244.859375,0,0.0,0.0
2026-08-28 09:55:00+05:30,77242.9296875,77275.8984375,77236.4609375,77258.25,0,0.0,0.0
2026-08-28 10:00:00+05:30,77261.453125,77270.1796875,77219.9765625,77228.34375,0,0.0,0.0
2026-08-28 10:05:00+05:30,77228.03125,77271.3671875,77212.453125,77252.4296875,0,0.0,0.0
2026-08-28 10:10:00+05:30,77250.78125,77287.4609375,77233.7578125,77285.453125,0,0.0,0.0
2026-08-28 10:15:00+05:30,77286.6875,77357.4375,77285.5625,77291.9765625,0,0.0,0.0
2026-08-28 10:20:00+05:30,77290.21875,77308.5625,77280.28125,77299.640625,0,0.0,0.0
2026-08-28 10:25:00+05:30,77304.5625,77310.0,77274.1015625,77299.2421875,0,0.0,0.0
2026-08-28 10:30:00+05:30,77300.203125,77304.3125,77266.3203125,77275.609375,0,0.0,0.0
2026-08-28 10:35:00+05:30,77277.1875,77277.1875,77257.421875,77267.6484375,0,0.0,0.0
2026-08-28 10:40:00+05:30,77268.2421875,77290.3828125,77250.09375,77250.09375,0,0.0,0.0
2026-08-28 10:45:00+05:30,77250.09375,77277.8203125,77234.4375,77273.8984375,0,0.0,0.0
2026-08-28 10:50:00+05:30,77273.8984375,77295.578125,77248.4296875,77248.4296875,0,0.0,0.0
2026-08-28 10:55:00+05:30,77249.03125,77265.5625,77227.859375,77252.3828125,0,0.0,0.0
2026-08-28 11:00:00+05:30,77254.8515625,77267.96875,77238.75,77254.84375,0,0.0,0.0
2026-08-28 11:05:00+05:30,77257.5703125,77267.046875,77199.3671875,77201.8515625,0,0.0,0.0
2026-08-28 11:10:00+05:30,77198.5,77263.0,77195.7578125,77250.3125,0,0.0,0.0
2026-08-28 11:15:00+05:30,77250.3125,77250.4296875,77211.6875,77222.890625,0,0.0,0.0
2026-08-28 11:20:00+05:30,77221.2109375,77225.2265625,77184.1796875,77189.4609375,0,0.0,0.0
2026-08-28 11:25:00+05:30,77189.4609375,77192.78125,77112.5625,77115.703125,0,0.0,0.0
2026-08-28 11:30:00+05:30,77112.7890625,77134.6796875,77071.46875,77079.8671875,0,0.0,0.0
2026-08-28 11:35:00+05:30,77079.8671875,77090.203125,77029.25,77059.7265625,0,0.0,0.0
2026-08-28 11:40:00+05:30,77059.65625,77090.5390625,77056.7109375,77085.671875,0,0.0,0.0
2026-08-28 11:45:00+05:30,77086.546875,77095.0625,77059.8125,77081.3515625,0,0.0,0.0
2026-08-28 11:50:00+05:30,77081.3515625,77098.6484375,77059.4375,77065.2734375,0,0.0,0.0
2026-08-28 11:55:00+05:30,77066.4921875,77066.4921875,76990.6171875,77009.703125,0,0.0,0.0
2026-08-28 12:00:00+05:30,77005.203125,77031.7890625,76999.8125,77029.0703125,0,0.0,0.0
2026-08-28 12:05:00+05:30,77029.2109375,77057.390625,77006.578125,77022.9375,0,0.0,0.0
2026-08-28 12:10:00+05:30,77022.9375,77029.0234375,76995.21875,77028.109375,0,0.0,0.0
2026-08-28 12:15:00+05:30,77027.6875,77040.25,77017.5625,77026.421875,0,0.0,0.0
2026-08-28 12:20:00+05:30,77025.3515625,77057.1328125,77023.6015625,77031.15625,0,0.0,0.0
2026-08-28 12:25:00+05:30,77031.15625,77056.3515625,77025.53125,77052.8984375,0,0.0,0.0
2026-08-28 12:30:00+05:30,77057.03125,77084.5703125,77053.3671875,77075.0703125,0,0.0,0.0
2026-08-28 12:35:00+05:30,77075.0703125,77099.328125,77073.8671875,77095.84375,0,0.0,0.0
2026-08-28 12:40:00+05:30,77093.609375,77100.5234375,77079.40625,77089.828125,0,0.0,0.0
2026-08-28 12:45:00+05:30,77085.6015625,77099.03125,77075.7578125,77098.359375,0,0.0,0.0
2026-08-28 12:50:00+05:30,77098.359375,77106.828125,77082.3203125,77084.6171875,0,0.0,0.0
2026-08-28 12:55:00+05:30,77083.4765625,77084.3828125,77053.1484375,77057.140625,0,0.0,0.0
2026-08-28 13:00:00+05:30,77057.140625,77059.9609375,77031.953125,77031.953125,0,0.0,0.0
2026-08-28 13:05:00+05:30,77032.171875,77065.28125,77016.7421875,77063.28125,0,0.0,0.0
2026-08-28 13:10:00+05:30,77062.9296875,77088.390625,77056.796875,77069.2890625,0,0.0,0.0
2026-08-28 13:15:00+05:30,77067.8671875,77084.21875,77053.5078125,77071.671875,0,0.0,0.0
2026-08-28 13:20:00+05:30,77076.171875,77087.1171875,77064.7734375,77078.65625,0,0.0,0.0
2026-08-28 13:25:00+05:30,77078.0390625,77100.78125,77043.0078125,77043.0078125,0,0.0,0.0
2026-08-28 13:30:00+05:30,77040.8671875,77084.2890625,77036.3515625,77077.3203125,0,0.0,0.0
2026-08-28 13:35:00+05:30,77077.3203125,77100.8515625,77068.03125,77094.046875,0,0.0,0.0
2026-08-28 13:40:00+05:30,77094.75,77110.8515625,77082.6171875,77097.5078125,0,0.0,0.0
2026-08-28 13:45:00+05:30,77097.5078125,77097.5078125,77055.296875,77063.859375,0,0.0,0.0
2026-08-28 13:50:00+05:30,77064.5,77074.5,77042.9765625,77057.7734375,0,0.0,0.0
2026-08-28 13:55:00+05:30,77058.3984375,77095.2265625,77048.671875,77087.5,0,0.0,0.0
2026-08-28 14:00:00+05:30,77086.359375,77093.9765625,77066.421875,77067.8984375,0,0.0,0.0
2026-08-28 14:05:00+05:30,77066.2890625,77071.03125,77047.09375,77067.7734375,0,0.0,0.0
2026-08-28 14:10:00+05:30,77066.1015625,77101.9375,77063.53125,77101.9375,0,0.0,0.0
2026-08-28 14:15:00+05:30,77096.828125,77121.828125,77089.5234375,77092.90625,0,0.0,0.0
2026-08-28 14:20:00+05:30,77092.90625,77113.6171875,77089.0078125,77110.859375,0,0.0,0.0
2026-08-28 14:25:00+05:30,77111.171875,77128.5,77100.078125,77127.828125,0,0.0,0.0
2026-08-28 14:30:00+05:30,77126.6328125,77143.65625,77113.53125,77139.8984375,0,0.0,0.0
2026-08-28 14:35:00+05:30,77139.8984375,77139.90625,77114.0625,77123.1328125,0,0.0,0.0
2026-08-28 14:40:00+05:30,77123.203125,77136.1875,77110.6328125,77122.28125,0,0.0,0.0
2026-08-28 14:45:00+05:30,77121.703125,77148.59375,77104.3125,77148.59375,0,0.0,0.0
2026-08-28 14:50:00+05:30,77151.28125,77182.8671875,77138.78125,77181.421875,0,0.0,0.0
2026-08-28 14:55:00+05:30,77181.71875,77188.5078125,77152.5078125,77157.7109375,0,0.0,0.0
2026-08-28 15:00:00+05:30,77158.5,77158.5,77076.0390625,77085.7109375,0,0.0,0.0
2026-08-28 15:05:00+05:30,77087.5078125,77141.7265625,77078.328125,77136.9921875,0,0.0,0.0
2026-08-28 15:10:00+05:30,77137.390625,77248.6171875,77127.953125,77194.59375,0,0.0,0.0
2026-08-28 15:15:00+05:30,77194.59375,77194.59375,77126.03125,77126.03125,0,0.0,0.0
2026-08-28 15:20:00+05:30,77126.03125,77226.40625,77126.03125,77201.2890625,0,0.0,0.0
2026-08-28 15:25:00+05:30,77201.2890625,77274.25,77201.2890625,77264.5078125,0,0.0,0.0
2026-08-31 09:15:00+05:30,77130.7265625,77147.453125,76898.0625,77005.2109375,0,0.0,0.0
2026-08-31 09:20:00+05:30,77003.46875,77076.203125,76996.9296875,77036.65625,0,0.0,0.0
2026-08-31 09:25:00+05:30,77030.7734375,77046.6015625,76927.5078125,76952.9765625,0,0.0,0.0
2026-08-31 09:30:00+05:30,76955.703125,77029.6484375,76941.84375,76991.359375,0,0.0,0.0
2026-08-31 09:35:00+05:30,76991.0234375,77006.9765625,76951.1328125,76959.8125,0,0.0,0.0
2026-08-31 09:40:00+05:30,76954.65625,76968.3984375,76872.2265625,76876.703125,0,0.0,0.0
2026-08-31 09:45:00+05:30,76883.703125,76924.1484375,76869.59375,76891.21875,0,0.0,0.0
2026-08-31 09:50:00+05:30,76896.546875,76917.9375,76863.7265625,76876.6171875,0,0.0,0.0
2026-08-31 09:55:00+05:30,76879.953125,76883.7890625,76842.2890625,76874.109375,0,0.0,0.0
2026-08-31 10:00:00+05:30,76877.96875,76901.7109375,76864.8515625,76900.953125,0,0.0,0.0
2026-08-31 10:05:00+05:30,76892.2890625,76935.71875,76879.671875,76887.609375,0,0.0,0.0
2026-08-31 10:10:00+05:30,76883.75,76894.2109375,76814.2421875,76841.1015625,0,0.0,0.0
2026-08-31 10:15:00+05:30,76840.5703125,76845.7265625,76805.703125,76816.5625,0,0.0,0.0
2026-08-31 10:20:00+05:30,76818.25,76818.4765625,76789.8515625,76798.7265625,0,0.0,0.0
2026-08-31 10:25:00+05:30,76799.328125,76872.140625,76787.2890625,76856.4375,0,0.0,0.0
2026-08-31 10:30:00+05:30,76856.8828125,76869.53125,76794.8125,76795.4296875,0,0.0,0.0
2026-08-31 10:35:00+05:30,76792.9296875,76804.078125,76751.3203125,76775.6328125,0,0.0,0.0
2026-08-31 10:40:00+05:30,76774.5078125,76807.90625,76763.84375,76799.671875,0,0.0,0.0
2026-08-31 10:45:00+05:30,76802.6328125,76812.4375,76776.2109375,76783.65625,0,0.0,0.0
2026-08-31 10:50:00+05:30,76785.1171875,76795.4765625,76760.03125,76788.8515625,0,0.0,0.0
2026-08-31 10:55:00+05:30,76788.4765625,76824.5390625,76770.140625,76809.1015625,0,0.0,0.0
2026-08-31 11:00:00+05:30,76813.3671875,76836.6328125,76803.296875,76815.0234375,0,0.0,0.0
2026-08-31 11:05:00+05:30,76820.640625,76823.203125,76775.171875,76778.4296875,0,0.0,0.0
2026-08-31 11:10:00+05:30,76778.25,76789.9375,76757.390625,76789.546875,0,0.0,0.0
2026-08-31 11:15:00+05:30,76787.65625,76812.9375,76781.7109375,76799.0703125,0,0.0,0.0
2026-08-31 11:20:00+05:30,76798.9296875,76824.890625,76784.7890625,76790.6796875,0,0.0,0.0
2026-08-31 11:25:00+05:30,76792.6015625,76820.9609375,76786.171875,76814.8203125,0,0.0,0.0
2026-08-31 11:30:00+05:30,76815.859375,76845.7265625,76812.890625,76843.03125,0,0.0,0.0
2026-08-31 11:35:00+05:30,76839.28125,76878.4921875,76832.546875,76842.3984375,0,0.0,0.0
2026-08-31 11:40:00+05:30,76843.3671875,76884.1875,76840.9921875,76865.3984375,0,0.0,0.0
2026-08-31 11:45:00+05:30,76865.3984375,76883.5078125,76837.2265625,76879.578125,0,0.0,0.0
2026-08-31 11:50:00+05:30,76882.71875,76996.7109375,76865.640625,76988.6484375,0,0.0,0.0
2026-08-31 11:55:00+05:30,76989.5390625,77049.9765625,76979.1875,76987.5703125,0,0.0,0.0
2026-08-31 12:00:00+05:30,76986.2265625,77009.203125,76963.1796875,77008.328125,0,0.0,0.0
2026-08-31 12:05:00+05:30,77008.96875,77012.6328125,76962.2890625,76967.3671875,0,0.0,0.0
2026-08-31 12:10:00+05:30,76964.921875,76984.3671875,76942.609375,76946.5234375,0,0.0,0.0
2026-08-31 12:15:00+05:30,76945.4765625,76991.9296875,76937.140625,76986.71875,0,0.0,0.0
2026-08-31 12:20:00+05:30,76986.5,77017.609375,76977.8984375,76980.1796875,0,0.0,0.0
2026-08-31 12:25:00+05:30,76980.4296875,76982.9921875,76962.359375,76974.09375,0,0.0,0.0
2026-08-31 12:30:00+05:30,76974.2421875,76974.2421875,76939.09375,76945.828125,0,0.0,0.0
2026-08-31 12:35:00+05:30,76944.8125,76987.171875,76940.7265625,76984.65625,0,0.0,0.0
2026-08-31 12:40:00+05:30,76984.28125,77008.578125,76973.1796875,76991.078125,0,0.0,0.0
2026-08-31 12:45:00+05:30,76991.078125,76996.6015625,76951.140625,76975.3203125,0,0.0,0.0
2026-08-31 12:50:00+05:30,76975.15625,77011.6875,76964.2734375,77008.90625,0,0.0,0.0
2026-08-31 12:55:00+05:30,77008.90625,77014.8984375,76990.5078125,76993.2109375,0,0.0,0.0
2026-08-31 13:00:00+05:30,76991.359375,77006.2578125,76971.859375,76996.28125,0,0.0,0.0
2026-08-31 13:05:00+05:30,76997.046875,77000.703125,76973.796875,76977.0078125,0,0.0,0.0
2026-08-31 13:10:00+05:30,76976.6875,77014.578125,76963.546875,77010.171875,0,0.0,0.0
2026-08-31 13:15:00+05:30,77009.9609375,77013.4765625,76986.8671875,76988.0390625,0,0.0,0.0
2026-08-31 13:20:00+05:30,76987.90625,76996.7421875,76977.78125,76988.4296875,0,0.0,0.0
2026-08-31 13:25:00+05:30,76988.7421875,77022.4375,76978.78125,76992.6796875,0,0.0,0.0
2026-08-31 13:30:00+05:30,76992.4296875,77005.546875,76978.890625,76995.921875,0,0.0,0.0
2026-08-31 13:35:00+05:30,76995.28125,77004.2734375,76967.0625,76970.953125,0,0.0,0.0
2026-08-31 13:40:00+05:30,76972.609375,76982.203125,76943.453125,76951.0234375,0,0.0,0.0
2026-08-31 13:45:00+05:30,76950.7578125,76976.859375,76937.0625,76963.4765625,0,0.0,0.0
2026-08-31 13:50:00+05:30,76964.5234375,76979.5625,76942.6171875,76953.859375,0,0.0,0.0
2026-08-31 13:55:00+05:30,76952.4296875,76956.5234375,76914.078125,76920.640625,0,0.0,0.0
2026-08-31 14:00:00+05:30,76919.4765625,76924.8125,76869.71875,76871.8828125,0,0.0,0.0
2026-08-31 14:05:00+05:30,76873.171875,76898.7421875,76842.390625,76859.7421875,0,0.0,0.0
2026-08-31 14:10:00+05:30,76859.7421875,76878.75,76857.0234375,76862.4765625,0,0.0,0.0
2026-08-31 14:15:00+05:30,76857.7265625,76888.0703125,76848.5078125,76867.921875,0,0.0,0.0
2026-08-31 14:20:00+05:30,76868.8515625,76872.2421875,76817.5234375,76829.640625,0,0.0,0.0
2026-08-31 14:25:00+05:30,76828.9609375,76853.8515625,76814.2265625,76821.2109375,0,0.0,0.0
2026-08-31 14:30:00+05:30,76824.4296875,76872.1328125,76820.46875,76867.4921875,0,0.0,0.0
2026-08-31 14:35:00+05:30,76867.421875,76905.9609375,76860.8828125,76903.0390625,0,0.0,0.0
2026-08-31 14:40:00+05:30,76905.3984375,76967.1875,76904.828125,76935.453125,0,0.0,0.0
2026-08-31 14:45:00+05:30,76936.78125,77116.1875,76936.78125,76998.53125,0,0.0,0.0
2026-08-31 14:50:00+05:30,77000.203125,77076.671875,76995.09375,77067.703125,0,0.0,0.0
2026-08-31 14:55:00+05:30,77070.5390625,77071.9921875,76994.2265625,77001.53125,0,0.0,0.0
2026-08-31 15:00:00+05:30,76993.3515625,77001.1171875,76942.2265625,76950.4609375,0,0.0,0.0
2026-08-31 15:05:00+05:30,76942.96875,76993.8125,76919.359375,76993.8125,0,0.0,0.0
2026-08-31 15:10:00+05:30,76988.03125,76993.171875,76924.8203125,76930.28125,0,0.0,0.0
2026-08-31 15:15:00+05:30,76924.9296875,76963.25,76924.9296875,76963.25,0,0.0,0.0
2026-08-31 15:20:00+05:30,76945.3515625,76976.578125,76803.78125,76824.9921875,0,0.0,0.0
2026-08-31 15:25:00+05:30,76825.296875,77042.359375,76825.296875,76957.2734375,0,0.0,0.0
2026-09-01 09:15:00+05:30,77029.296875,77029.296875,76837.5703125,76878.59375,0,0.0,0.0
2026-09-01 09:20:00+05:30,76868.15625,76923.328125,76851.109375,76871.046875,0,0.0,0.0
2026-09-01 09:25:00+05:30,76866.640625,76952.6796875,76852.46875,76943.40625,0,0.0,0.0
2026-09-01 09:30:00+05:30,76939.078125,76987.5234375,76930.1796875,76958.6171875,0,0.0,0.0
2026-09-01 09:35:00+05:30,76949.8671875,76959.8203125,76861.203125,76865.3828125,0,0.0,0.0
2026-09-01 09:40:00+05:30,76866.109375,76893.4296875,76818.9921875,76831.3828125,0,0.0,0.0
2026-09-01 09:45:00+05:30,76829.171875,76835.046875,76766.5703125,76805.7109375,0,0.0,0.0
2026-09-01 09:50:00+05:30,76809.9375,76844.84375,76793.1796875,76807.90625,0,0.0,0.0
2026-09-01 09:55:00+05:30,76805.34375,76833.390625,76781.2890625,76800.7890625,0,0.0,0.0
2026-09-01 10:00:00+05:30,76804.2578125,76856.53125,76792.0703125,76848.7578125,0,0.0,0.0
2026-09-01 10:05:00+05:30,76853.578125,76859.46875,76817.0390625,76851.703125,0,0.0,0.0
2026-09-01 10:10:00+05:30,76851.2109375,76883.609375,76843.2578125,76878.40625,0,0.0,0.0
2026-09-01 10:15:00+05:30,76873.6484375,76937.6484375,76870.6171875,76929.546875,0,0.0,0.0
2026-09-01 10:20:00+05:30,76923.1484375,76969.7578125,76904.5078125,76965.03125,0,0.0,0.0
2026-09-01 10:25:00+05:30,76966.2421875,76971.8125,76936.1875,76962.34375,0,0.0,0.0
2026-09-01 10:30:00+05:30,76958.109375,77001.90625,76958.109375,76984.859375,0,0.0,0.0
2026-09-01 10:35:00+05:30,76983.03125,77002.2265625,76952.640625,76994.7421875,0,0.0,0.0
2026-09-01 10:40:00+05:30,76996.4921875,76996.9609375,76958.890625,76973.4296875,0,0.0,0.0
2026-09-01 10:45:00+05:30,76963.6171875,76984.171875,76962.421875,76979.65625,0,0.0,0.0
2026-09-01 10:50:00+05:30,76976.4375,77066.609375,76967.8671875,77038.65625,0,0.0,0.0
2026-09-01 10:55:00+05:30,77038.15625,77052.3203125,76991.65625,77026.1015625,0,0.0,0.0
2026-09-01 11:00:00+05:30,77030.03125,77051.9609375,77005.8671875,77033.53125,0,0.0,0.0
2026-09-01 11:05:00+05:30,77034.5625,77087.0234375,77003.6875,77071.7109375,0,0.0,0.0
2026-09-01 11:10:00+05:30,77066.3984375,77132.859375,77066.3984375,77114.9765625,0,0.0,0.0
2026-09-01 11:15:00+05:30,77113.8984375,77170.5078125,77112.859375,77166.6484375,0,0.0,0.0
2026-09-01 11:20:00+05:30,77167.703125,77193.8984375,77162.96875,77179.2265625,0,0.0,0.0
2026-09-01 11:25:00+05:30,77180.6015625,77213.2578125,77162.28125,77198.65625,0,0.0,0.0
2026-09-01 11:30:00+05:30,77196.296875,77231.5703125,77190.28125,77190.28125,0,0.0,0.0
2026-09-01 11:35:00+05:30,77193.9921875,77197.1328125,77149.09375,77156.25,0,0.0,0.0
2026-09-01 11:40:00+05:30,77154.7890625,77173.25,77112.6328125,77169.2265625,0,0.0,0.0
2026-09-01 11:45:00+05:30,77169.2265625,77183.3515625,77137.6484375,77137.6484375,0,0.0,0.0
2026-09-01 11:50:00+05:30,77135.6875,77186.3125,77135.6875,77172.2890625,0,0.0,0.0
2026-09-01 11:55:00+05:30,77172.09375,77206.578125,77172.09375,77175.0078125,0,0.0,0.0
2026-09-01 12:00:00+05:30,77173.6484375,77201.2578125,77156.25,77201.140625,0,0.0,0.0
2026-09-01 12:05:00+05:30,77198.0078125,77228.171875,77196.1015625,77221.9375,0,0.0,0.0
2026-09-01 12:10:00+05:30,77225.6171875,77231.8671875,77187.4609375,77192.671875,0,0.0,0.0
2026-09-01 12:15:00+05:30,77192.671875,77195.1171875,77159.4296875,77173.46875,0,0.0,0.0
2026-09-01 12:20:00+05:30,77174.046875,77182.9765625,77132.421875,77134.859375,0,0.0,0.0
2026-09-01 12:25:00+05:30,77136.859375,77174.3828125,77127.1328125,77170.3828125,0,0.0,0.0
2026-09-01 12:30:00+05:30,77171.75,77187.671875,77145.8984375,77158.5078125,0,0.0,0.0
2026-09-01 12:35:00+05:30,77160.609375,77172.3515625,77144.84375,77156.9296875,0,0.0,0.0
2026-09-01 12:40:00+05:30,77157.9609375,77183.7890625,77154.90625,77175.78125,0,0.0,0.0
2026-09-01 12:45:00+05:30,77178.5390625,77191.140625,77156.6015625,77158.3984375,0,0.0,0.0
2026-09-01 12:50:00+05:30,77157.21875,77161.1875,77100.921875,77100.921875,0,0.0,0.0
2026-09-01 12:55:00+05:30,77098.9921875,77106.8125,77080.078125,77099.46875,0,0.0,0.0
2026-09-01 13:00:00+05:30,77099.90625,77105.0,77062.7578125,77076.84375,0,0.0,0.0
2026-09-01 13:05:00+05:30,77076.84375,77076.84375,77017.46875,77036.2890625,0,0.0,0.0
2026-09-01 13:10:00+05:30,77034.6171875,77036.921875,76955.671875,76955.671875,0,0.0,0.0
2026-09-01 13:15:00+05:30,76955.8671875,76956.5,76925.6484375,76950.3984375,0,0.0,0.0
2026-09-01 13:20:00+05:30,76948.8828125,76985.5,76941.296875,76975.5234375,0,0.0,0.0
2026-09-01 13:25:00+05:30,76974.90625,76986.34375,76942.1484375,76953.421875,0,0.0,0.0
2026-09-01 13:30:00+05:30,76953.6484375,77005.8671875,76952.5078125,76988.8125,0,0.0,0.0
2026-09-01 13:35:00+05:30,76992.6484375,77008.8515625,76914.6328125,76928.78125,0,0.0,0.0
2026-09-01 13:40:00+05:30,76927.5390625,76927.5390625,76880.390625,76914.5703125,0,0.0,0.0
2026-09-01 13:45:00+05:30,76916.09375,76916.8203125,76861.3828125,76875.3203125,0,0.0,0.0
2026-09-01 13:50:00+05:30,76873.0625,76873.0625,76766.8203125,76785.7578125,0,0.0,0.0
2026-09-01 13:55:00+05:30,76787.8515625,76841.703125,76768.5703125,76810.921875,0,0.0,0.0
2026-09-01 14:00:00+05:30,76811.7734375,76815.8828125,76730.9375,76756.8125,0,0.0,0.0
2026-09-01 14:05:00+05:30,76753.9609375,76757.3671875,76663.78125,76667.65625,0,0.0,0.0
2026-09-01 14:10:00+05:30,76669.0234375,76718.609375,76669.0234375,76696.71875,0,0.0,0.0
2026-09-01 14:15:00+05:30,76698.953125,76707.3515625,76668.8515625,76691.171875,0,0.0,0.0
2026-09-01 14:20:00+05:30,76691.171875,76702.0390625,76656.3984375,76672.5703125,0,0.0,0.0
2026-09-01 14:25:00+05:30,76672.6328125,76740.25,76659.1484375,76740.25,0,0.0,0.0
2026-09-01 14:30:00+05:30,76742.359375,76765.421875,76705.6328125,76748.2109375,0,0.0,0.0
2026-09-01 14:35:00+05:30,76749.078125,76765.3671875,76706.140625,76707.7109375,0,0.0,0.0
2026-09-01 14:40:00+05:30,76704.34375,76717.8203125,76675.4375,76696.71875,0,0.0,0.0
2026-09-01 14:45:00+05:30,76693.3125,76729.546875,76680.421875,76700.203125,0,0.0,0.0
2026-09-01 14:50:00+05:30,76704.9765625,76757.1328125,76704.0078125,76743.703125,0,0.0,0.0
2026-09-01 14:55:00+05:30,76744.75,76782.8828125,76734.4765625,76751.75,0,0.0,0.0
2026-09-01 15:00:00+05:30,76747.8671875,76747.8671875,76705.0,76725.203125,0,0.0,0.0
2026-09-01 15:05:00+05:30,76728.671875,76755.4921875,76703.7421875,76711.671875,0,0.0,0.0
2026-09-01 15:10:00+05:30,76712.2578125,76755.09375,76681.5390625,76718.6796875,0,0.0,0.0
2026-09-01 15:15:00+05:30,76725.1796875,76725.1796875,76721.4765625,76721.4765625,0,0.0,0.0
2026-09-01 15:20:00+05:30,76729.1015625,76871.046875,76729.1015625,76863.1484375,0,0.0,0.0
2026-09-01 15:25:00+05:30,76868.296875,76978.25,76839.5625,76944.28125,0,0.0,0.0
2026-09-02 09:15:00+05:30,76471.3203125,76494.359375,76196.2578125,76225.078125,0,0.0,0.0
2026-09-02 09:20:00+05:30,76224.4296875,76254.5078125,76135.71875,76181.1015625,0,0.0,0.0
2026-09-02 09:25:00+05:30,76185.3828125,76282.96875,76183.3828125,76261.546875,0,0.0,0.0
2026-09-02 09:30:00+05:30,76258.1015625,76341.9375,76235.03125,76341.9375,0,0.0,0.0
2026-09-02 09:35:00+05:30,76340.03125,76356.0390625,76286.4765625,76295.171875,0,0.0,0.0
2026-09-02 09:40:00+05:30,76290.328125,76365.5234375,76281.328125,76341.453125,0,0.0,0.0
2026-09-02 09:45:00+05:30,76337.03125,76344.5390625,76283.15625,76320.7109375,0,0.0,0.0
2026-09-02 09:50:00+05:30,76319.3671875,76361.796875,76298.0390625,76303.4296875,0,0.0,0.0
2026-09-02 09:55:00+05:30,76303.4296875,76396.890625,76300.90625,76382.5,0,0.0,0.0
2026-09-02 10:00:00+05:30,76383.296875,76395.140625,76356.171875,76373.640625,0,0.0,0.0
2026-09-02 10:05:00+05:30,76376.7734375,76392.140625,76326.6328125,76344.0,0,0.0,0.0
2026-09-02 10:10:00+05:30,76344.2421875,76380.3984375,76337.703125,76345.671875,0,0.0,0.0
2026-09-02 10:15:00+05:30,76344.6875,76401.1875,76336.8984375,76396.7734375,0,0.0,0.0
2026-09-02 10:20:00+05:30,76396.2109375,76465.6015625,76396.2109375,76448.3671875,0,0.0,0.0
2026-09-02 10:25:00+05:30,76447.359375,76483.140625,76441.421875,76478.359375,0,0.0,0.0
2026-09-02 10:30:00+05:30,76475.1015625,76532.9296875,76473.46875,76476.609375,0,0.0,0.0
2026-09-02 10:35:00+05:30,76478.328125,76483.796875,76408.0703125,76410.140625,0,0.0,0.0
2026-09-02 10:40:00+05:30,76409.296875,76433.34375,76401.4609375,76404.25,0,0.0,0.0
2026-09-02 10:45:00+05:30,76404.25,76421.40625,76381.5234375,76406.828125,0,0.0,0.0
2026-09-02 10:50:00+05:30,76407.671875,76431.5390625,76338.6015625,76381.4375,0,0.0,0.0
2026-09-02 10:55:00+05:30,76380.03125,76422.390625,76379.609375,76394.7109375,0,0.0,0.0
2026-09-02 11:00:00+05:30,76395.15625,76411.0625,76318.859375,76330.28125,0,0.0,0.0
2026-09-02 11:05:00+05:30,76327.40625,76342.3984375,76304.1875,76311.203125,0,0.0,0.0
2026-09-02 11:10:00+05:30,76310.84375,76321.84375,76301.5078125,76309.203125,0,0.0,0.0
2026-09-02 11:15:00+05:30,76309.796875,76334.140625,76296.3515625,76320.59375,0,0.0,0.0
2026-09-02 11:20:00+05:30,76319.53125,76334.1875,76281.5390625,76283.8828125,0,0.0,0.0
2026-09-02 11:25:00+05:30,76283.2421875,76301.203125,76270.65625,76273.1328125,0,0.0,0.0
2026-09-02 11:30:00+05:30,76273.90625,76282.2265625,76243.1171875,76255.5,0,0.0,0.0
2026-09-02 11:35:00+05:30,76259.2109375,76279.3671875,76245.7421875,76279.3671875,0,0.0,0.0
2026-09-02 11:40:00+05:30,76278.5703125,76286.53125,76250.6015625,76255.8515625,0,0.0,0.0
2026-09-02 11:45:00+05:30,76256.203125,76263.8828125,76234.59375,76249.2109375,0,0.0,0.0
2026-09-02 11:50:00+05:30,76247.7890625,76295.46875,76247.046875,76294.328125,0,0.0,0.0
2026-09-02 11:55:00+05:30,76295.859375,76304.59375,76248.0390625,76263.828125,0,0.0,0.0
2026-09-02 12:00:00+05:30,76263.671875,76285.6484375,76234.9765625,76238.859375,0,0.0,0.0
2026-09-02 12:05:00+05:30,76242.3203125,76272.828125,76237.6875,76264.6875,0,0.0,0.0
2026-09-02 12:10:00+05:30,76265.71875,76345.0390625,76264.21875,76339.5234375,0,0.0,0.0
2026-09-02 12:15:00+05:30,76340.328125,76357.65625,76305.328125,76314.40625,0,0.0,0.0
2026-09-02 12:20:00+05:30,76313.4375,76315.5625,76270.859375,76292.4296875,0,0.0,0.0
2026-09-02 12:25:00+05:30,76292.4296875,76336.546875,76292.4296875,76330.1875,0,0.0,0.0
2026-09-02 12:30:00+05:30,76330.1875,76392.0390625,76318.75,76374.9296875,0,0.0,0.0
2026-09-02 12:35:00+05:30,76374.9296875,76407.4921875,76351.7109375,76377.2578125,0,0.0,0.0
2026-09-02 12:40:00+05:30,76377.84375,76427.4921875,76370.3984375,76417.3828125,0,0.0,0.0
2026-09-02 12:45:00+05:30,76416.7109375,76417.1328125,76378.7890625,76401.796875,0,0.0,0.0
2026-09-02 12:50:00+05:30,76398.5703125,76418.3671875,76396.7734375,76417.7265625,0,0.0,0.0
2026-09-02 12:55:00+05:30,76417.7265625,76430.859375,76399.953125,76427.0390625,0,0.0,0.0
2026-09-02 13:00:00+05:30,76427.0390625,76457.59375,76425.890625,76429.71875,0,0.0,0.0
2026-09-02 13:05:00+05:30,76428.65625,76439.6796875,76389.671875,76389.9921875,0,0.0,0.0
2026-09-02 13:10:00+05:30,76387.09375,76454.0078125,76385.9375,76448.0078125,0,0.0,0.0
2026-09-02 13:15:00+05:30,76447.390625,76456.75,76425.03125,76438.140625,0,0.0,0.0
2026-09-02 13:20:00+05:30,76438.5,76453.25,76430.7578125,76448.6875,0,0.0,0.0
2026-09-02 13:25:00+05:30,76448.6875,76476.5234375,76438.34375,76443.6484375,0,0.0,0.0
2026-09-02 13:30:00+05:30,76443.4296875,76448.8125,76419.7265625,76448.8125,0,0.0,0.0
2026-09-02 13:35:00+05:30,76444.5078125,76493.703125,76417.71875,76419.7890625,0,0.0,0.0
2026-09-02 13:40:00+05:30,76419.4765625,76431.03125,76399.296875,76425.1875,0,0.0,0.0
2026-09-02 13:45:00+05:30,76419.84375,76457.3671875,76418.90625,76423.453125,0,0.0,0.0
2026-09-02 13:50:00+05:30,76423.453125,76428.1875,76380.3203125,76419.3671875,0,0.0,0.0
2026-09-02 13:55:00+05:30,76420.2734375,76443.2578125,76413.4765625,76439.828125,0,0.0,0.0
2026-09-02 14:00:00+05:30,76439.640625,76486.59375,76439.640625,76463.7265625,0,0.0,0.0
2026-09-02 14:05:00+05:30,76462.9296875,76527.8515625,76452.0703125,76517.9296875,0,0.0,0.0
2026-09-02 14:10:00+05:30,76516.78125,76521.9765625,76482.6171875,76495.5625,0,0.0,0.0
2026-09-02 14:15:00+05:30,76494.1171875,76498.09375,76469.21875,76481.15625,0,0.0,0.0
2026-09-02 14:20:00+05:30,76481.15625,76491.4296875,76457.609375,76459.203125,0,0.0,0.0
2026-09-02 14:25:00+05:30,76457.671875,76487.703125,76439.140625,76487.703125,0,0.0,0.0
2026-09-02 14:30:00+05:30,76487.703125,76536.640625,76485.75,76531.171875,0,0.0,0.0
2026-09-02 14:35:00+05:30,76529.2421875,76566.5390625,76505.859375,76521.2421875,0,0.0,0.0
2026-09-02 14:40:00+05:30,76523.7890625,76544.4921875,76471.9765625,76473.140625,0,0.0,0.0
2026-09-02 14:45:00+05:30,76472.0078125,76533.0625,76466.6171875,76515.6875,0,0.0,0.0
2026-09-02 14:50:00+05:30,76515.5390625,76515.6484375,76457.34375,76463.71875,0,0.0,0.0
2026-09-02 14:55:00+05:30,76463.84375,76465.578125,76410.921875,76426.5234375,0,0.0,0.0
2026-09-02 15:00:00+05:30,76425.7109375,76425.7109375,76372.6875,76381.703125,0,0.0,0.0
2026-09-02 15:05:00+05:30,76380.828125,76392.5,76362.46875,76379.578125,0,0.0,0.0
2026-09-02 15:10:00+05:30,76386.5390625,76490.8125,76386.5390625,76470.703125,0,0.0,0.0
2026-09-02 15:15:00+05:30,76469.921875,76469.921875,76395.7734375,76395.7734375,0,0.0,0.0
2026-09-02 15:20:00+05:30,76395.7734375,76556.640625,76381.4765625,76464.9765625,0,0.0,0.0
2026-09-02 15:25:00+05:30,76465.2890625,76572.421875,76464.7109375,76570.3515625,0,0.0,0.0
2026-09-03 09:15:00+05:30,76906.1171875,76918.703125,76736.4609375,76757.078125,0,0.0,0.0
2026-09-03 09:20:00+05:30,76755.0,76820.1328125,76718.46875,76721.6171875,0,0.0,0.0
2026-09-03 09:25:00+05:30,76726.3671875,76777.4375,76706.6875,76777.0625,0,0.0,0.0
2026-09-03 09:30:00+05:30,76777.2109375,76832.9375,76777.0390625,76814.84375,0,0.0,0.0
2026-09-03 09:35:00+05:30,76820.4921875,76864.0703125,76806.859375,76854.28125,0,0.0,0.0
2026-09-03 09:40:00+05:30,76859.2734375,76912.9765625,76857.84375,76891.7265625,0,0.0,0.0
2026-09-03 09:45:00+05:30,76890.34375,76924.046875,76876.21875,76895.46875,0,0.0,0.0
2026-09-03 09:50:00+05:30,76897.25,76904.4609375,76852.46875,76852.46875,0,0.0,0.0
2026-09-03 09:55:00+05:30,76858.1171875,76884.9765625,76846.1484375,76880.6171875,0,0.0,0.0
2026-09-03 10:00:00+05:30,76880.546875,76880.546875,76821.9375,76874.1015625,0,0.0,0.0
2026-09-03 10:05:00+05:30,76874.3203125,76880.4765625,76808.40625,76860.09375,0,0.0,0.0
2026-09-03 10:10:00+05:30,76856.828125,76878.90625,76805.7890625,76805.7890625,0,0.0,0.0
2026-09-03 10:15:00+05:30,76804.7421875,76851.1796875,76799.4609375,76847.40625,0,0.0,0.0
2026-09-03 10:20:00+05:30,76847.40625,76875.0390625,76823.6171875,76861.9296875,0,0.0,0.0
2026-09-03 10:25:00+05:30,76852.34375,76858.1875,76784.546875,76789.2734375,0,0.0,0.0
2026-09-03 10:30:00+05:30,76813.5078125,76815.6875,76755.6171875,76792.828125,0,0.0,0.0
2026-09-03 10:35:00+05:30,76791.390625,76792.421875,76719.890625,76757.296875,0,0.0,0.0
2026-09-03 10:40:00+05:30,76760.3984375,76760.3984375,76691.5,76755.25,0,0.0,0.0
2026-09-03 10:45:00+05:30,76768.84375,76782.0390625,76735.84375,76761.40625,0,0.0,0.0
2026-09-03 10:50:00+05:30,76757.0390625,76764.6484375,76721.609375,76724.859375,0,0.0,0.0
2026-09-03 10:55:00+05:30,76722.828125,76759.5703125,76707.578125,76748.46875,0,0.0,0.0
2026-09-03 11:00:00+05:30,76748.1796875,76763.1171875,76717.4375,76721.4609375,0,0.0,0.0
2026-09-03 11:05:00+05:30,76720.8203125,76723.296875,76640.703125,76640.703125,0,0.0,0.0
2026-09-03 11:10:00+05:30,76641.34375,76668.796875,76622.2421875,76628.0,0,0.0,0.0
2026-09-03 11:15:00+05:30,76633.65625,76714.171875,76599.78125,76713.1328125,0,0.0,0.0
2026-09-03 11:20:00+05:30,76687.078125,76738.90625,76687.078125,76712.09375,0,0.0,0.0
2026-09-03 11:25:00+05:30,76713.8203125,76763.6328125,76708.4765625,76745.6875,0,0.0,0.0
2026-09-03 11:30:00+05:30,76748.3203125,76781.15625,76748.171875,76764.0,0,0.0,0.0
2026-09-03 11:35:00+05:30,76764.0,76797.0234375,76760.5234375,76775.359375,0,0.0,0.0
2026-09-03 11:40:00+05:30,76774.1328125,76786.640625,76750.9765625,76768.296875,0,0.0,0.0
2026-09-03 11:45:00+05:30,76770.1171875,76794.1015625,76743.40625,76762.2421875,0,0.0,0.0
2026-09-03 11:50:00+05:30,76766.0625,76781.921875,76731.296875,76749.1796875,0,0.0,0.0
2026-09-03 11:55:00+05:30,76749.4765625,76751.4296875,76717.5078125,76747.171875,0,0.0,0.0
2026-09-03 12:00:00+05:30,76743.1171875,76749.7265625,76630.4375,76657.8828125,0,0.0,0.0
2026-09-03 12:05:00+05:30,76658.640625,76678.859375,76632.921875,76639.640625,0,0.0,0.0
2026-09-03 12:10:00+05:30,76639.5625,76686.7578125,76625.2578125,76677.5390625,0,0.0,0.0
2026-09-03 12:15:00+05:30,76677.859375,76677.859375,76592.0,76600.296875,0,0.0,0.0
2026-09-03 12:20:00+05:30,76602.3125,76640.5078125,76571.8984375,76583.3671875,0,0.0,0.0
2026-09-03 12:25:00+05:30,76581.84375,76619.2890625,76564.46875,76578.7578125,0,0.0,0.0
2026-09-03 12:30:00+05:30,76577.9609375,76613.703125,76577.9609375,76595.078125,0,0.0,0.0
2026-09-03 12:35:00+05:30,76596.2734375,76634.5703125,76555.8203125,76615.703125,0,0.0,0.0
2026-09-03 12:40:00+05:30,76613.578125,76636.2109375,76577.953125,76592.6796875,0,0.0,0.0
2026-09-03 12:45:00+05:30,76591.1171875,76627.6015625,76589.03125,76596.609375,0,0.0,0.0
2026-09-03 12:50:00+05:30,76593.8984375,76684.6328125,76591.671875,76654.34375,0,0.0,0.0
2026-09-03 12:55:00+05:30,76655.5078125,76671.6875,76602.7265625,76638.8203125,0,0.0,0.0
2026-09-03 13:00:00+05:30,76638.8203125,76648.0625,76598.59375,76644.828125,0,0.0,0.0
2026-09-03 13:05:00+05:30,76644.578125,76662.7109375,76618.328125,76655.46875,0,0.0,0.0
2026-09-03 13:10:00+05:30,76656.3984375,76688.3125,76628.7109375,76661.2578125,0,0.0,0.0
2026-09-03 13:15:00+05:30,76661.0703125,76688.6015625,76638.46875,76661.3828125,0,0.0,0.0
2026-09-03 13:20:00+05:30,76661.5078125,76683.3984375,76600.4609375,76600.4609375,0,0.0,0.0
2026-09-03 13:25:00+05:30,76599.2890625,76626.5234375,76556.109375,76591.921875,0,0.0,0.0
2026-09-03 13:30:00+05:30,76587.0703125,76694.2578125,76587.0703125,76671.6875,0,0.0,0.0
2026-09-03 13:35:00+05:30,76671.578125,76676.4609375,76580.90625,76602.0703125,0,0.0,0.0
2026-09-03 13:40:00+05:30,76607.2421875,76640.109375,76557.828125,76587.8203125,0,0.0,0.0
2026-09-03 13:45:00+05:30,76585.3671875,76602.9609375,76553.0,76602.9609375,0,0.0,0.0
2026-09-03 13:50:00+05:30,76604.3828125,76617.5703125,76566.546875,76589.390625,0,0.0,0.0
2026-09-03 13:55:00+05:30,76589.3203125,76645.3515625,76551.9765625,76621.8984375,0,0.0,0.0
2026-09-03 14:00:00+05:30,76615.890625,76652.953125,76572.796875,76591.640625,0,0.0,0.0
2026-09-03 14:05:00+05:30,76593.1015625,76622.9375,76579.4921875,76595.609375,0,0.0,0.0
2026-09-03 14:10:00+05:30,76595.609375,76614.15625,76595.609375,76602.3203125,0,0.0,0.0
2026-09-03 14:15:00+05:30,76604.1796875,76614.3984375,76568.328125,76603.703125,0,0.0,0.0
2026-09-03 14:20:00+05:30,76603.2890625,76635.4375,76577.953125,76595.6015625,0,0.0,0.0
2026-09-03 14:25:00+05:30,76599.0703125,76669.8828125,76585.4375,76649.8828125,0,0.0,0.0
2026-09-03 14:30:00+05:30,76643.9921875,76647.96875,76591.5,76622.828125,0,0.0,0.0
2026-09-03 14:35:00+05:30,76623.34375,76634.21875,76562.1796875,76619.5234375,0,0.0,0.0
2026-09-03 14:40:00+05:30,76619.453125,76622.8125,76564.7890625,76584.5625,0,0.0,0.0
2026-09-03 14:45:00+05:30,76583.6875,76597.3671875,76554.609375,76593.3515625,0,0.0,0.0
2026-09-03 14:50:00+05:30,76595.28125,76609.1796875,76575.390625,76590.5625,0,0.0,0.0
2026-09-03 14:55:00+05:30,76588.703125,76588.8828125,76519.34375,76558.1484375,0,0.0,0.0
2026-09-03 15:00:00+05:30,76559.46875,76563.1328125,76509.9921875,76514.8203125,0,0.0,0.0
2026-09-03 15:05:00+05:30,76513.390625,76515.7109375,76463.8828125,76492.953125,0,0.0,0.0
2026-09-03 15:10:00+05:30,76497.6015625,76581.21875,76492.421875,76551.453125,0,0.0,0.0
2026-09-03 15:15:00+05:30,76554.203125,76554.203125,76510.3203125,76510.3203125,0,0.0,0.0
2026-09-03 15:20:00+05:30,76510.3203125,76598.2734375,74268.46875,75879.359375,0,0.0,0.0
2026-09-03 15:25:00+05:30,75879.3828125,76169.2890625,75775.5234375,76152.859375,0,0.0,0.0
2026-09-04 09:15:00+05:30,76601.2265625,76732.3671875,76590.03125,76660.96875,0,0.0,0.0
2026-09-04 09:20:00+05:30,76657.109375,76672.7265625,76586.828125,76607.0234375,0,0.0,0.0
2026-09-04 09:25:00+05:30,76607.3125,76632.46875,76552.2578125,76590.109375,0,0.0,0.0
2026-09-04 09:30:00+05:30,76585.6796875,76604.5703125,76550.3515625,76579.421875,0,0.0,0.0
2026-09-04 09:35:00+05:30,76579.1171875,76583.8671875,76530.1015625,76549.3984375,0,0.0,0.0
2026-09-04 09:40:00+05:30,76551.2890625,76582.171875,76551.2890625,76579.2109375,0,0.0,0.0
2026-09-04 09:45:00+05:30,76577.953125,76642.0625,76576.828125,76628.796875,0,0.0,0.0
2026-09-04 09:50:00+05:30,76631.6875,76702.6875,76626.1171875,76697.609375,0,0.0,0.0
2026-09-04 09:55:00+05:30,76701.25,76722.2578125,76684.75,76688.8984375,0,0.0,0.0
2026-09-04 10:00:00+05:30,76688.25,76742.75,76688.25,76728.4921875,0,0.0,0.0
2026-09-04 10:05:00+05:30,76729.421875,76729.421875,76675.1875,76678.109375,0,0.0,0.0
2026-09-04 10:10:00+05:30,76676.890625,76684.0234375,76641.140625,76646.3671875,0,0.0,0.0
2026-09-04 10:15:00+05:30,76646.3671875,76681.7578125,76641.8671875,76663.7734375,0,0.0,0.0
2026-09-04 10:20:00+05:30,76662.3671875,76700.953125,76662.3671875,76688.453125,0,0.0,0.0
2026-09-04 10:25:00+05:30,76686.0078125,76721.109375,76686.0078125,76718.5703125,0,0.0,0.0
2026-09-04 10:30:00+05:30,76720.4296875,76755.546875,76720.4296875,76723.6875,0,0.0,0.0
2026-09-04 10:35:00+05:30,76724.6796875,76733.4921875,76698.28125,76724.796875,0,0.0,0.0
2026-09-04 10:40:00+05:30,76724.796875,76732.28125,76696.90625,76706.328125,0,0.0,0.0
2026-09-04 10:45:00+05:30,76706.328125,76723.4609375,76701.2421875,76713.1484375,0,0.0,0.0
2026-09-04 10:50:00+05:30,76715.3671875,76730.578125,76698.640625,76728.359375,0,0.0,0.0
2026-09-04 10:55:00+05:30,76726.078125,76754.3515625,76720.3515625,76752.78125,0,0.0,0.0
2026-09-04 11:00:00+05:30,76749.2265625,76770.6328125,76731.3828125,76747.390625,0,0.0,0.0
2026-09-04 11:05:00+05:30,76746.0078125,76781.703125,76739.0390625,76774.84375,0,0.0,0.0
2026-09-04 11:10:00+05:30,76778.0625,76791.453125,76740.4609375,76748.3125,0,0.0,0.0
2026-09-04 11:15:00+05:30,76748.3125,76784.421875,76736.390625,76782.8515625,0,0.0,0.0
2026-09-04 11:20:00+05:30,76783.671875,76832.703125,76776.359375,76812.2734375,0,0.0,0.0
2026-09-04 11:25:00+05:30,76811.5390625,76838.5390625,76797.4375,76818.21875,0,0.0,0.0
2026-09-04 11:30:00+05:30,76819.3203125,76830.5625,76807.59375,76827.453125,0,0.0,0.0
2026-09-04 11:35:00+05:30,76826.7265625,76882.0625,76809.1171875,76867.1015625,0,0.0,0.0
2026-09-04 11:40:00+05:30,76870.3203125,76872.640625,76795.296875,76798.5078125,0,0.0,0.0
2026-09-04 11:45:00+05:30,76802.8984375,76821.53125,76794.171875,76812.7578125,0,0.0,0.0
2026-09-04 11:50:00+05:30,76814.34375,76842.3671875,76810.328125,76824.296875,0,0.0,0.0
2026-09-04 11:55:00+05:30,76824.03125,76830.828125,76792.7734375,76792.7734375,0,0.0,0.0
2026-09-04 12:00:00+05:30,76791.9609375,76798.8515625,76739.65625,76741.53125,0,0.0,0.0
2026-09-04 12:05:00+05:30,76740.3125,76774.34375,76729.7265625,76766.671875,0,0.0,0.0
2026-09-04 12:10:00+05:30,76766.1796875,76772.1015625,76712.703125,76729.3828125,0,0.0,0.0
2026-09-04 12:15:00+05:30,76727.4609375,76731.0234375,76701.15625,76717.8671875,0,0.0,0.0
2026-09-04 12:20:00+05:30,76716.578125,76716.578125,76693.84375,76706.9609375,0,0.0,0.0
2026-09-04 12:25:00+05:30,76699.53125,76732.7421875,76681.1484375,76725.7734375,0,0.0,0.0
2026-09-04 12:30:00+05:30,76726.2421875,76727.671875,76707.2578125,76715.8203125,0,0.0,0.0
2026-09-04 12:35:00+05:30,76715.2265625,76717.859375,76683.7890625,76700.21875,0,0.0,0.0
2026-09-04 12:40:00+05:30,76705.4296875,76710.6328125,76681.2890625,76682.640625,0,0.0,0.0
2026-09-04 12:45:00+05:30,76682.640625,76693.078125,76674.4296875,76691.0390625,0,0.0,0.0
2026-09-04 12:50:00+05:30,76690.6875,76707.7265625,76686.109375,76702.1015625,0,0.0,0.0
2026-09-04 12:55:00+05:30,76699.90625,76704.0078125,76648.921875,76665.4296875,0,0.0,0.0
2026-09-04 13:00:00+05:30,76665.4296875,76693.9765625,76664.1171875,76667.671875,0,0.0,0.0
2026-09-04 13:05:00+05:30,76667.671875,76695.4765625,76666.0078125,76693.5390625,0,0.0,0.0
2026-09-04 13:10:00+05:30,76693.890625,76721.390625,76693.890625,76699.2109375,0,0.0,0.0
2026-09-04 13:15:00+05:30,76699.2109375,76735.90625,76695.796875,76716.78125,0,0.0,0.0
2026-09-04 13:20:00+05:30,76713.328125,76733.640625,76707.75,76721.2734375,0,0.0,0.0
2026-09-04 13:25:00+05:30,76723.3671875,76723.3671875,76671.4375,76674.8203125,0,0.0,0.0
2026-09-04 13:30:00+05:30,76674.8203125,76685.15625,76649.0078125,76655.78125,0,0.0,0.0
2026-09-04 13:35:00+05:30,76659.640625,76686.34375,76659.3515625,76684.4296875,0,0.0,0.0
2026-09-04 13:40:00+05:30,76685.6484375,76710.703125,76665.3671875,76694.0,0,0.0,0.0
2026-09-04 13:45:00+05:30,76696.78125,76718.140625,76696.78125,76707.3984375,0,0.0,0.0
2026-09-04 13:50:00+05:30,76708.6171875,76708.6171875,76668.359375,76684.8984375,0,0.0,0.0
2026-09-04 13:55:00+05:30,76685.65625,76691.203125,76668.1015625,76672.40625,0,0.0,0.0
2026-09-04 14:00:00+05:30,76675.5078125,76687.0390625,76667.109375,76683.828125,0,0.0,0.0
2026-09-04 14:05:00+05:30,76683.828125,76702.4765625,76680.4765625,76683.0703125,0,0.0,0.0
2026-09-04 14:10:00+05:30,76683.1171875,76712.390625,76682.7734375,76701.078125,0,0.0,0.0
2026-09-04 14:15:00+05:30,76701.078125,76706.078125,76676.59375,76692.5078125,0,0.0,0.0
2026-09-04 14:20:00+05:30,76690.828125,76706.2578125,76687.0,76697.3984375,0,0.0,0.0
2026-09-04 14:25:00+05:30,76696.3515625,76734.328125,76688.6875,76726.3671875,0,0.0,0.0
2026-09-04 14:30:00+05:30,76723.8828125,76746.8203125,76720.03125,76727.40625,0,0.0,0.0
2026-09-04 14:35:00+05:30,76728.1171875,76728.671875,76664.203125,76665.0625,0,0.0,0.0
2026-09-04 14:40:00+05:30,76665.0625,76688.4921875,76657.0234375,76659.953125,0,0.0,0.0
2026-09-04 14:45:00+05:30,76660.546875,76669.0703125,76646.3515625,76656.5625,0,0.0,0.0
2026-09-04 14:50:00+05:30,76656.453125,76675.421875,76645.7265625,76657.53125,0,0.0,0.0
2026-09-04 14:55:00+05:30,76658.2578125,76663.5625,76638.3671875,76647.3515625,0,0.0,0.0
2026-09-04 15:00:00+05:30,76650.546875,76669.15625,76632.8671875,76632.8671875,0,0.0,0.0
2026-09-04 15:05:00+05:30,76636.3203125,76665.40625,76623.0,76654.640625,0,0.0,0.0
2026-09-04 15:10:00+05:30,76658.90625,76675.828125,76620.7421875,76647.90625,0,0.0,0.0
2026-09-04 15:15:00+05:30,76645.8828125,76645.8828125,76644.5703125,76644.5703125,0,0.0,0.0
2026-09-04 15:20:00+05:30,76644.5703125,76659.9765625,76548.546875,76548.6484375,0,0.0,0.0
2026-09-04 15:25:00+05:30,76548.6484375,76582.75,76489.3515625,76515.4296875,0,0.0,0.0
2026-09-07 09:15:00+05:30,76446.046875,76456.546875,76252.703125,76412.578125,0,0.0,0.0
2026-09-07 09:20:00+05:30,76416.1015625,76416.1015625,76359.6328125,76359.6328125,0,0.0,0.0
2026-09-07 09:25:00+05:30,76361.7421875,76361.7421875,76301.9375,76315.3203125,0,0.0,0.0
2026-09-07 09:30:00+05:30,76310.6796875,76341.2421875,76301.390625,76328.4375,0,0.0,0.0
2026-09-07 09:35:00+05:30,76328.34375,76352.4921875,76311.9765625,76331.4296875,0,0.0,0.0
2026-09-07 09:40:00+05:30,76336.171875,76356.390625,76313.6015625,76321.3984375,0,0.0,0.0
2026-09-07 09:45:00+05:30,76321.5234375,76348.328125,76291.2265625,76300.1171875,0,0.0,0.0
2026-09-07 09:50:00+05:30,76301.2421875,76303.7734375,76260.453125,76265.140625,0,0.0,0.0
2026-09-07 09:55:00+05:30,76266.6875,76292.9296875,76248.7734375,76255.7265625,0,0.0,0.0
2026-09-07 10:00:00+05:30,76254.828125,76275.0703125,76241.6015625,76259.921875,0,0.0,0.0
2026-09-07 10:05:00+05:30,76257.953125,76274.640625,76243.953125,76261.65625,0,0.0,0.0
2026-09-07 10:10:00+05:30,76256.40625,76267.65625,76216.6171875,76216.6171875,0,0.0,0.0
2026-09-07 10:15:00+05:30,76221.5234375,76233.3203125,76164.703125,76182.28125,0,0.0,0.0
2026-09-07 10:20:00+05:30,76182.3828125,76222.90625,76180.90625,76201.703125,0,0.0,0.0
2026-09-07 10:25:00+05:30,76196.953125,76218.6875,76196.953125,76203.3515625,0,0.0,0.0
2026-09-07 10:30:00+05:30,76206.5703125,76221.140625,76192.5390625,76204.4765625,0,0.0,0.0
2026-09-07 10:35:00+05:30,76200.140625,76229.140625,76194.3828125,76209.2421875,0,0.0,0.0
2026-09-07 10:40:00+05:30,76209.1484375,76216.6015625,76193.6796875,76210.46875,0,0.0,0.0
2026-09-07 10:45:00+05:30,76212.1015625,76221.6484375,76179.1171875,76180.1796875,0,0.0,0.0
2026-09-07 10:50:00+05:30,76183.3203125,76197.1015625,76160.8515625,76166.4375,0,0.0,0.0
2026-09-07 10:55:00+05:30,76163.5078125,76187.1796875,76149.4296875,76160.7890625,0,0.0,0.0
2026-09-07 11:00:00+05:30,76161.578125,76164.078125,76123.5703125,76131.453125,0,0.0,0.0
2026-09-07 11:05:00+05:30,76133.640625,76137.109375,76105.859375,76113.640625,0,0.0,0.0
2026-09-07 11:10:00+05:30,76114.046875,76119.359375,76077.3125,76098.609375,0,0.0,0.0
2026-09-07 11:15:00+05:30,76104.140625,76110.1796875,76075.96875,76097.046875,0,0.0,0.0
2026-09-07 11:20:00+05:30,76097.90625,76129.75,76093.1015625,76109.0078125,0,0.0,0.0
2026-09-07 11:25:00+05:30,76105.7734375,76108.7109375,76083.140625,76086.7890625,0,0.0,0.0
2026-09-07 11:30:00+05:30,76088.140625,76101.8671875,76079.84375,76094.7109375,0,0.0,0.0
2026-09-07 11:35:00+05:30,76094.7109375,76100.578125,76078.2109375,76084.78125,0,0.0,0.0
2026-09-07 11:40:00+05:30,76088.1328125,76111.9765625,76070.5078125,76111.828125,0,0.0,0.0
2026-09-07 11:45:00+05:30,76114.3671875,76118.3125,76083.34375,76098.71875,0,0.0,0.0
2026-09-07 11:50:00+05:30,76101.359375,76119.65625,76081.578125,76108.5703125,0,0.0,0.0
2026-09-07 11:55:00+05:30,76109.96875,76117.90625,76084.34375,76107.203125,0,0.0,0.0
2026-09-07 12:00:00+05:30,76106.2578125,76113.7265625,76087.2265625,76100.7421875,0,0.0,0.0
2026-09-07 12:05:00+05:30,76100.7421875,76138.7421875,76085.9765625,76133.8984375,0,0.0,0.0
2026-09-07 12:10:00+05:30,76129.9375,76135.59375,76105.640625,76134.5625,0,0.0,0.0
2026-09-07 12:15:00+05:30,76134.15625,76134.15625,76081.21875,76082.8671875,0,0.0,0.0
2026-09-07 12:20:00+05:30,76082.8671875,76090.2421875,76054.96875,76066.5078125,0,0.0,0.0
2026-09-07 12:25:00+05:30,76067.1015625,76077.9609375,76042.2890625,76042.2890625,0,0.0,0.0
2026-09-07 12:30:00+05:30,76047.6015625,76062.1875,76028.890625,76049.5703125,0,0.0,0.0
2026-09-07 12:35:00+05:30,76053.4609375,76082.3984375,76023.5390625,76055.9609375,0,0.0,0.0
2026-09-07 12:40:00+05:30,76056.7578125,76069.6171875,76041.890625,76049.796875,0,0.0,0.0
2026-09-07 12:45:00+05:30,76050.109375,76050.109375,76020.1875,76028.15625,0,0.0,0.0
2026-09-07 12:50:00+05:30,76028.796875,76031.0234375,75984.0703125,75990.546875,0,0.0,0.0
2026-09-07 12:55:00+05:30,75990.6484375,76006.078125,75980.6875,76002.03125,0,0.0,0.0
2026-09-07 13:00:00+05:30,76002.03125,76021.7734375,75989.96875,76003.328125,0,0.0,0.0
2026-09-07 13:05:00+05:30,76003.328125,76035.5390625,75999.7109375,76025.4765625,0,0.0,0.0
2026-09-07 13:10:00+05:30,76025.4765625,76039.4609375,76016.671875,76028.2265625,0,0.0,0.0
2026-09-07 13:15:00+05:30,76027.1171875,76035.9296875,76014.0390625,76035.9296875,0,0.0,0.0
2026-09-07 13:20:00+05:30,76036.4609375,76052.96875,76023.9765625,76042.953125,0,0.0,0.0
2026-09-07 13:25:00+05:30,76047.71875,76056.0703125,76030.1171875,76033.6484375,0,0.0,0.0
2026-09-07 13:30:00+05:30,76035.03125,76039.40625,76013.65625,76031.2109375,0,0.0,0.0
2026-09-07 13:35:00+05:30,76031.75,76058.546875,76019.40625,76051.421875,0,0.0,0.0
2026-09-07 13:40:00+05:30,76050.4609375,76058.3984375,76034.9765625,76050.359375,0,0.0,0.0
2026-09-07 13:45:00+05:30,76049.71875,76073.890625,76041.1328125,76058.8828125,0,0.0,0.0
2026-09-07 13:50:00+05:30,76060.9296875,76117.1796875,76057.7578125,76106.609375,0,0.0,0.0
2026-09-07 13:55:00+05:30,76108.5390625,76113.1875,76099.171875,76105.4921875,0,0.0,0.0
2026-09-07 14:00:00+05:30,76106.2578125,76129.9296875,76103.453125,76113.4609375,0,0.0,0.0
2026-09-07 14:05:00+05:30,76113.3984375,76118.1875,76069.0703125,76081.2578125,0,0.0,0.0
2026-09-07 14:10:00+05:30,76082.9765625,76095.9609375,76080.28125,76084.921875,0,0.0,0.0
2026-09-07 14:15:00+05:30,76087.171875,76096.890625,76073.5390625,76082.4921875,0,0.0,0.0
2026-09-07 14:20:00+05:30,76082.4921875,76117.2265625,76080.609375,76109.609375,0,0.0,0.0
2026-09-07 14:25:00+05:30,76109.1484375,76132.3984375,76106.953125,76125.828125,0,0.0,0.0
2026-09-07 14:30:00+05:30,76124.7265625,76133.6875,76091.2109375,76095.5,0,0.0,0.0
2026-09-07 14:35:00+05:30,76094.9921875,76104.953125,76065.6328125,76067.8203125,0,0.0,0.0
2026-09-07 14:40:00+05:30,76064.2109375,76066.6328125,76037.0703125,76050.1328125,0,0.0,0.0
2026-09-07 14:45:00+05:30,76048.7578125,76049.2578125,76017.1796875,76030.28125,0,0.0,0.0
2026-09-07 14:50:00+05:30,76029.7734375,76057.28125,75994.5703125,76006.9296875,0,0.0,0.0
2026-09-07 14:55:00+05:30,76006.2265625,76025.7109375,75987.6015625,75991.5625,0,0.0,0.0
2026-09-07 15:00:00+05:30,75998.6796875,76027.84375,75981.8515625,76014.6875,0,0.0,0.0
2026-09-07 15:05:00+05:30,76011.5703125,76019.296875,75973.0390625,75979.6875,0,0.0,0.0
2026-09-07 15:10:00+05:30,75979.640625,76058.1875,75971.28125,76042.1875,0,0.0,0.0
2026-09-07 15:15:00+05:30,76051.421875,76051.421875,75988.4765625,75988.4765625,0,0.0,0.0
2026-09-07 15:20:00+05:30,75988.4765625,76239.6875,75988.4765625,76166.6484375,0,0.0,0.0
2026-09-07 15:25:00+05:30,76166.6484375,76166.6484375,76120.4921875,76132.8125,0,0.0,0.0
2026-09-08 09:15:00+05:30,75972.296875,75988.2109375,75775.90625,75807.7578125,0,0.0,0.0
2026-09-08 09:20:00+05:30,75803.3984375,75811.359375,75750.8984375,75755.4296875,0,0.0,0.0
2026-09-08 09:25:00+05:30,75753.796875,75771.34375,75722.171875,75725.96875,0,0.0,0.0
2026-09-08 09:30:00+05:30,75728.46875,75744.390625,75714.609375,75728.4765625,0,0.0,0.0
2026-09-08 09:35:00+05:30,75730.4921875,75790.3203125,75727.1171875,75779.8984375,0,0.0,0.0
2026-09-08 09:40:00+05:30,75779.9375,75781.2890625,75723.3984375,75739.71875,0,0.0,0.0
2026-09-08 09:45:00+05:30,75735.4609375,75790.9921875,75735.4609375,75790.5390625,0,0.0,0.0
2026-09-08 09:50:00+05:30,75787.0234375,75800.7421875,75747.0,75754.25,0,0.0,0.0
2026-09-08 09:55:00+05:30,75756.828125,75757.6484375,75721.140625,75731.421875,0,0.0,0.0
2026-09-08 10:00:00+05:30,75729.7421875,75748.28125,75697.0390625,75705.921875,0,0.0,0.0
2026-09-08 10:05:00+05:30,75707.8125,75772.6015625,75698.953125,75768.4375,0,0.0,0.0
2026-09-08 10:10:00+05:30,75768.140625,75841.40625,75760.890625,75841.40625,0,0.0,0.0
2026-09-08 10:15:00+05:30,75843.46875,75876.890625,75815.9609375,75839.2421875,0,0.0,0.0
2026-09-08 10:20:00+05:30,75839.2265625,75843.640625,75811.9375,75813.7421875,0,0.0,0.0
2026-09-08 10:25:00+05:30,75810.8828125,75812.4375,75781.546875,75796.2109375,0,0.0,0.0
2026-09-08 10:30:00+05:30,75794.0703125,75820.90625,75773.546875,75783.5703125,0,0.0,0.0
2026-09-08 10:35:00+05:30,75784.4765625,75786.859375,75711.828125,75719.8984375,0,0.0,0.0
2026-09-08 10:40:00+05:30,75722.25,75732.5703125,75710.546875,75719.71875,0,0.0,0.0
2026-09-08 10:45:00+05:30,75718.6484375,75785.03125,75710.0234375,75782.3828125,0,0.0,0.0
2026-09-08 10:50:00+05:30,75782.96875,75807.7890625,75752.78125,75754.0390625,0,0.0,0.0
2026-09-08 10:55:00+05:30,75756.140625,75761.90625,75705.1171875,75710.40625,0,0.0,0.0
2026-09-08 11:00:00+05:30,75710.078125,75716.640625,75687.4921875,75688.1875,0,0.0,0.0
2026-09-08 11:05:00+05:30,75688.34375,75731.40625,75679.96875,75723.421875,0,0.0,0.0
2026-09-08 11:10:00+05:30,75721.71875,75731.84375,75701.1875,75723.828125,0,0.0,0.0
2026-09-08 11:15:00+05:30,75723.6796875,75748.953125,75709.7890625,75744.40625,0,0.0,0.0
2026-09-08 11:20:00+05:30,75744.71875,75751.1796875,75705.2734375,75708.859375,0,0.0,0.0
2026-09-08 11:25:00+05:30,75712.5703125,75750.3984375,75695.3203125,75702.15625,0,0.0,0.0
2026-09-08 11:30:00+05:30,75701.0390625,75717.2578125,75668.8515625,75672.6171875,0,0.0,0.0
2026-09-08 11:35:00+05:30,75674.7421875,75706.203125,75672.3203125,75693.4609375,0,0.0,0.0
2026-09-08 11:40:00+05:30,75694.0703125,75718.2734375,75689.421875,75701.453125,0,0.0,0.0
2026-09-08 11:45:00+05:30,75703.5703125,75724.2265625,75677.1328125,75680.4765625,0,0.0,0.0
2026-09-08 11:50:00+05:30,75675.9921875,75699.3515625,75657.96875,75689.8671875,0,0.0,0.0
2026-09-08 11:55:00+05:30,75690.4609375,75700.0078125,75649.390625,75651.328125,0,0.0,0.0
2026-09-08 12:00:00+05:30,75651.4296875,75657.0,75627.171875,75629.359375,0,0.0,0.0
2026-09-08 12:05:00+05:30,75626.9765625,75629.7265625,75594.9765625,75609.2578125,0,0.0,0.0
2026-09-08 12:10:00+05:30,75610.109375,75644.25,75610.109375,75639.53125,0,0.0,0.0
2026-09-08 12:15:00+05:30,75638.6796875,75647.609375,75616.9765625,75639.859375,0,0.0,0.0
2026-09-08 12:20:00+05:30,75640.4296875,75665.8515625,75630.921875,75665.8515625,0,0.0,0.0
2026-09-08 12:25:00+05:30,75664.5625,75679.9921875,75650.34375,75668.71875,0,0.0,0.0
2026-09-08 12:30:00+05:30,75672.65625,75699.6484375,75663.140625,75694.2890625,0,0.0,0.0
2026-09-08 12:35:00+05:30,75693.078125,75719.1484375,75690.0390625,75694.796875,0,0.0,0.0
2026-09-08 12:40:00+05:30,75695.0,75704.7890625,75669.25,75669.25,0,0.0,0.0
2026-09-08 12:45:00+05:30,75666.8515625,75668.1796875,75634.1484375,75653.09375,0,0.0,0.0
2026-09-08 12:50:00+05:30,75653.8515625,75660.09375,75635.8125,75649.0,0,0.0,0.0
2026-09-08 12:55:00+05:30,75647.7890625,75670.78125,75647.7890625,75654.078125,0,0.0,0.0
2026-09-08 13:00:00+05:30,75654.078125,75663.8671875,75631.640625,75632.328125,0,0.0,0.0
2026-09-08 13:05:00+05:30,75628.546875,75648.3203125,75625.4375,75643.4375,0,0.0,0.0
2026-09-08 13:10:00+05:30,75643.0078125,75658.4921875,75634.9921875,75657.75,0,0.0,0.0
2026-09-08 13:15:00+05:30,75667.6171875,75667.6875,75636.4921875,75641.15625,0,0.0,0.0
2026-09-08 13:20:00+05:30,75641.3515625,75655.7109375,75630.046875,75634.6796875,0,0.0,0.0
2026-09-08 13:25:00+05:30,75635.9296875,75639.84375,75609.2578125,75618.1015625,0,0.0,0.0
2026-09-08 13:30:00+05:30,75620.6171875,75633.75,75600.546875,75603.7578125,0,0.0,0.0
2026-09-08 13:35:00+05:30,75610.9921875,75640.2734375,75604.2578125,75617.40625,0,0.0,0.0
2026-09-08 13:40:00+05:30,75617.8125,75624.6796875,75602.0234375,75602.0234375,0,0.0,0.0
2026-09-08 13:45:00+05:30,75603.34375,75621.09375,75594.109375,75598.0625,0,0.0,0.0
2026-09-08 13:50:00+05:30,75599.796875,75607.296875,75553.7578125,75572.7890625,0,0.0,0.0
2026-09-08 13:55:00+05:30,75574.40625,75597.2890625,75570.8671875,75589.0078125,0,0.0,0.0
2026-09-08 14:00:00+05:30,75589.2109375,75622.71875,75580.3203125,75621.171875,0,0.0,0.0
2026-09-08 14:05:00+05:30,75618.0,75649.109375,75612.7734375,75632.0390625,0,0.0,0.0
2026-09-08 14:10:00+05:30,75629.703125,75654.7890625,75621.9609375,75638.7734375,0,0.0,0.0
2026-09-08 14:15:00+05:30,75638.96875,75667.0703125,75628.15625,75644.8984375,0,0.0,0.0
2026-09-08 14:20:00+05:30,75645.546875,75654.0078125,75628.40625,75632.96875,0,0.0,0.0
2026-09-08 14:25:00+05:30,75629.828125,75650.890625,75608.84375,75641.8515625,0,0.0,0.0
2026-09-08 14:30:00+05:30,75642.6328125,75653.890625,75626.75,75644.5234375,0,0.0,0.0
2026-09-08 14:35:00+05:30,75648.3125,75654.1015625,75613.046875,75622.890625,0,0.0,0.0
2026-09-08 14:40:00+05:30,75625.3671875,75641.5625,75616.6875,75621.96875,0,0.0,0.0
2026-09-08 14:45:00+05:30,75624.6015625,75632.203125,75594.2265625,75596.9765625,0,0.0,0.0
2026-09-08 14:50:00+05:30,75598.3984375,75609.359375,75578.796875,75600.9765625,0,0.0,0.0
2026-09-08 14:55:00+05:30,75603.2421875,75612.6015625,75589.7265625,75606.078125,0,0.0,0.0
2026-09-08 15:00:00+05:30,75601.8125,75610.0390625,75583.640625,75586.46875,0,0.0,0.0
2026-09-08 15:05:00+05:30,75585.7890625,75611.3125,75576.1484375,75605.9296875,0,0.0,0.0
2026-09-08 15:10:00+05:30,75604.46875,75655.7578125,75578.9765625,75593.8984375,0,0.0,0.0
2026-09-08 15:15:00+05:30,75594.7265625,75599.0390625,75588.546875,75599.0390625,0,0.0,0.0
2026-09-08 15:20:00+05:30,75599.0390625,75669.2890625,75589.4765625,75624.3828125,0,0.0,0.0
2026-09-08 15:25:00+05:30,75621.59375,75637.4296875,75540.828125,75577.578125,0,0.0,0.0
2026-09-09 09:15:00+05:30,75179.3515625,75179.3515625,74970.6484375,75053.421875,0,0.0,0.0
2026-09-09 09:20:00+05:30,75053.4296875,75092.96875,75017.6328125,75066.6171875,0,0.0,0.0
2026-09-09 09:25:00+05:30,75065.8984375,75092.3515625,75033.5625,75050.0390625,0,0.0,0.0
2026-09-09 09:30:00+05:30,75046.28125,75094.15625,75046.28125,75076.7734375,0,0.0,0.0
2026-09-09 09:35:00+05:30,75078.4921875,75136.0078125,75055.1171875,75126.921875,0,0.0,0.0
2026-09-09 09:40:00+05:30,75126.46875,75148.7890625,75113.921875,75124.65625,0,0.0,0.0
2026-09-09 09:45:00+05:30,75122.9296875,75125.7890625,75022.84375,75024.7265625,0,0.0,0.0
2026-09-09 09:50:00+05:30,75025.71875,75037.2109375,74997.6015625,75015.0078125,0,0.0,0.0
2026-09-09 09:55:00+05:30,75016.546875,75022.5390625,74981.9921875,75003.671875,0,0.0,0.0
2026-09-09 10:00:00+05:30,75006.2734375,75006.2734375,74938.03125,74957.53125,0,0.0,0.0
2026-09-09 10:05:00+05:30,74958.46875,74969.1328125,74934.03125,74954.6171875,0,0.0,0.0
2026-09-09 10:10:00+05:30,74948.7734375,74987.3125,74923.2890625,74967.28125,0,0.0,0.0
2026-09-09 10:15:00+05:30,74970.109375,75073.078125,74965.71875,75069.2734375,0,0.0,0.0
2026-09-09 10:20:00+05:30,75067.9765625,75155.4921875,75061.796875,75132.46875,0,0.0,0.0
2026-09-09 10:25:00+05:30,75128.8828125,75135.96875,75111.203125,75130.8984375,0,0.0,0.0
2026-09-09 10:30:00+05:30,75129.546875,75143.3671875,75083.890625,75083.890625,0,0.0,0.0
2026-09-09 10:35:00+05:30,75083.578125,75086.453125,75019.1875,75037.609375,0,0.0,0.0
2026-09-09 10:40:00+05:30,75038.5625,75039.4609375,75005.1171875,75028.2578125,0,0.0,0.0
2026-09-09 10:45:00+05:30,75028.2578125,75078.4921875,75022.453125,75068.3828125,0,0.0,0.0
2026-09-09 10:50:00+05:30,75068.90625,75072.4765625,75045.7421875,75068.5625,0,0.0,0.0
2026-09-09 10:55:00+05:30,75070.78125,75113.8125,75068.40625,75111.8203125,0,0.0,0.0
2026-09-09 11:00:00+05:30,75111.40625,75141.5234375,75101.90625,75118.1484375,0,0.0,0.0
2026-09-09 11:05:00+05:30,75117.8671875,75121.3515625,75095.453125,75100.7265625,0,0.0,0.0
2026-09-09 11:10:00+05:30,75100.28125,75110.1875,75081.9765625,75089.2890625,0,0.0,0.0
2026-09-09 11:15:00+05:30,75089.15625,75104.578125,75062.09375,75093.4921875,0,0.0,0.0
2026-09-09 11:20:00+05:30,75097.3828125,75112.2578125,75058.0234375,75070.609375,0,0.0,0.0
2026-09-09 11:25:00+05:30,75072.421875,75087.078125,75051.3828125,75065.109375,0,0.0,0.0
2026-09-09 11:30:00+05:30,75065.109375,75077.296875,75053.4921875,75061.2890625,0,0.0,0.0
2026-09-09 11:35:00+05:30,75060.1015625,75073.4375,75042.3828125,75068.40625,0,0.0,0.0
2026-09-09 11:40:00+05:30,75069.3984375,75115.6796875,75064.84375,75099.8984375,0,0.0,0.0
2026-09-09 11:45:00+05:30,75100.2890625,75115.8828125,75055.109375,75056.59375,0,0.0,0.0
2026-09-09 11:50:00+05:30,75056.7109375,75058.7421875,75011.6015625,75015.03125,0,0.0,0.0
2026-09-09 11:55:00+05:30,75017.3203125,75017.4921875,74969.640625,74973.78125,0,0.0,0.0
2026-09-09 12:00:00+05:30,74975.0,74985.8515625,74936.9765625,74952.3125,0,0.0,0.0
2026-09-09 12:05:00+05:30,74951.4375,74956.4765625,74915.4296875,74933.609375,0,0.0,0.0
2026-09-09 12:10:00+05:30,74931.7578125,74966.2578125,74924.6171875,74947.953125,0,0.0,0.0
2026-09-09 12:15:00+05:30,74955.9296875,74978.3515625,74930.25,74944.2578125,0,0.0,0.0
2026-09-09 12:20:00+05:30,74943.7109375,74958.7421875,74922.828125,74953.2890625,0,0.0,0.0
2026-09-09 12:25:00+05:30,74957.90625,75025.7421875,74952.7109375,75025.046875,0,0.0,0.0
2026-09-09 12:30:00+05:30,75025.7734375,75176.6328125,75025.7734375,75168.1171875,0,0.0,0.0
2026-09-09 12:35:00+05:30,75165.8984375,75209.40625,75161.703125,75182.5234375,0,0.0,0.0
2026-09-09 12:40:00+05:30,75182.328125,75249.2734375,75173.921875,75207.8125,0,0.0,0.0
2026-09-09 12:45:00+05:30,75208.0703125,75226.203125,75187.6796875,75202.59375,0,0.0,0.0
2026-09-09 12:50:00+05:30,75203.09375,75207.8828125,75151.7890625,75151.7890625,0,0.0,0.0
2026-09-09 12:55:00+05:30,75154.3203125,75210.84375,75142.2734375,75208.1171875,0,0.0,0.0
2026-09-09 13:00:00+05:30,75208.1796875,75222.5390625,75150.0078125,75157.0078125,0,0.0,0.0
2026-09-09 13:05:00+05:30,75155.796875,75205.9765625,75155.796875,75167.671875,0,0.0,0.0
2026-09-09 13:10:00+05:30,75167.421875,75170.3515625,75129.6875,75144.1171875,0,0.0,0.0
2026-09-09 13:15:00+05:30,75145.546875,75150.140625,75128.5078125,75140.84375,0,0.0,0.0
2026-09-09 13:20:00+05:30,75142.6484375,75184.3515625,75123.6171875,75157.5390625,0,0.0,0.0
2026-09-09 13:25:00+05:30,75157.7109375,75201.796875,75154.0234375,75192.671875,0,0.0,0.0
2026-09-09 13:30:00+05:30,75192.0390625,75219.28125,75143.109375,75150.5234375,0,0.0,0.0
2026-09-09 13:35:00+05:30,75162.4375,75190.0078125,75138.546875,75183.359375,0,0.0,0.0
2026-09-09 13:40:00+05:30,75183.8671875,75200.21875,75172.171875,75179.03125,0,0.0,0.0
2026-09-09 13:45:00+05:30,75179.03125,75185.3984375,75163.9921875,75173.3515625,0,0.0,0.0
2026-09-09 13:50:00+05:30,75175.03125,75199.2421875,75153.65625,75153.65625,0,0.0,0.0
2026-09-09 13:55:00+05:30,75151.0234375,75166.4375,75118.3984375,75164.6171875,0,0.0,0.0
2026-09-09 14:00:00+05:30,75164.890625,75204.4765625,75164.890625,75174.2265625,0,0.0,0.0
2026-09-09 14:05:00+05:30,75175.1875,75219.5,75172.59375,75190.21875,0,0.0,0.0
2026-09-09 14:10:00+05:30,75190.1171875,75191.15625,75121.046875,75144.0625,0,0.0,0.0
2026-09-09 14:15:00+05:30,75142.890625,75151.0625,75122.0078125,75137.4609375,0,0.0,0.0
2026-09-09 14:20:00+05:30,75137.4609375,75150.9609375,75124.78125,75126.15625,0,0.0,0.0
2026-09-09 14:25:00+05:30,75127.9375,75139.5703125,75101.421875,75105.328125,0,0.0,0.0
2026-09-09 14:30:00+05:30,75105.890625,75111.328125,75021.1328125,75025.609375,0,0.0,0.0
2026-09-09 14:35:00+05:30,75028.921875,75035.6015625,74962.1875,74971.671875,0,0.0,0.0
2026-09-09 14:40:00+05:30,74972.1875,74977.09375,74948.09375,74961.46875,0,0.0,0.0
2026-09-09 14:45:00+05:30,74962.6171875,74962.6171875,74913.34375,74939.0703125,0,0.0,0.0
2026-09-09 14:50:00+05:30,74940.1875,74963.5,74931.25,74943.78125,0,0.0,0.0
2026-09-09 14:55:00+05:30,74948.53125,74956.9765625,74926.2578125,74936.71875,0,0.0,0.0
2026-09-09 15:00:00+05:30,74938.453125,74949.1875,74871.4921875,74871.8515625,0,0.0,0.0
2026-09-09 15:05:00+05:30,74871.0625,74903.0,74831.5,74902.34375,0,0.0,0.0
2026-09-09 15:10:00+05:30,74900.7890625,74912.4921875,74845.1171875,74891.5390625,0,0.0,0.0
2026-09-09 15:15:00+05:30,74895.359375,74895.359375,74870.6171875,74870.6171875,0,0.0,0.0
2026-09-09 15:20:00+05:30,74870.6171875,74960.46875,74832.6875,74842.7578125,0,0.0,0.0
2026-09-09 15:25:00+05:30,74842.90625,74846.75,74745.328125,74764.2265625,0,0.0,0.0
2026-09-10 09:15:00+05:30,74784.96875,74909.6796875,74764.6796875,74864.7734375,0,0.0,0.0
2026-09-10 09:20:00+05:30,74858.1796875,74868.59375,74711.2109375,74754.828125,0,0.0,0.0
2026-09-10 09:25:00+05:30,74753.8125,74815.6796875,74722.3203125,74783.3515625,0,0.0,0.0
2026-09-10 09:30:00+05:30,74783.09375,74797.0,74702.3671875,74766.5703125,0,0.0,0.0
2026-09-10 09:35:00+05:30,74769.53125,74779.171875,74721.84375,74734.28125,0,0.0,0.0
2026-09-10 09:40:00+05:30,74734.75,74774.5390625,74726.90625,74747.7421875,0,0.0,0.0
2026-09-10 09:45:00+05:30,74743.3515625,74794.5703125,74738.15625,74792.5,0,0.0,0.0
2026-09-10 09:50:00+05:30,74792.328125,74843.8828125,74791.8828125,74825.5625,0,0.0,0.0
2026-09-10 09:55:00+05:30,74823.9921875,74830.359375,74775.0078125,74781.828125,0,0.0,0.0
2026-09-10 10:00:00+05:30,74780.8828125,74789.5234375,74741.9375,74765.28125,0,0.0,0.0
2026-09-10 10:05:00+05:30,74765.09375,74779.9296875,74670.5703125,74716.421875,0,0.0,0.0
2026-09-10 10:10:00+05:30,74716.421875,74717.203125,74666.1015625,74687.84375,0,0.0,0.0
2026-09-10 10:15:00+05:30,74688.71875,74768.53125,74688.078125,74756.921875,0,0.0,0.0
2026-09-10 10:20:00+05:30,74756.2109375,74762.3828125,74709.5,74738.0,0,0.0,0.0
2026-09-10 10:25:00+05:30,74738.0390625,74752.7890625,74722.4375,74739.2734375,0,0.0,0.0
2026-09-10 10:30:00+05:30,74739.1328125,74765.4375,74736.59375,74761.5078125,0,0.0,0.0
2026-09-10 10:35:00+05:30,74759.46875,74781.3671875,74744.703125,74780.921875,0,0.0,0.0
2026-09-10 10:40:00+05:30,74781.8515625,74813.9765625,74771.5625,74812.1875,0,0.0,0.0
2026-09-10 10:45:00+05:30,74814.5,74826.03125,74738.421875,74742.8828125,0,0.0,0.0
2026-09-10 10:50:00+05:30,74742.8828125,74743.15625,74708.6484375,74710.53125,0,0.0,0.0
2026-09-10 10:55:00+05:30,74709.890625,74712.171875,74673.15625,74694.703125,0,0.0,0.0
2026-09-10 11:00:00+05:30,74694.0390625,74734.1171875,74689.46875,74727.71875,0,0.0,0.0
2026-09-10 11:05:00+05:30,74724.40625,74739.8671875,74696.3203125,74724.8125,0,0.0,0.0
2026-09-10 11:10:00+05:30,74722.3671875,74786.6796875,74715.7265625,74784.203125,0,0.0,0.0
2026-09-10 11:15:00+05:30,74784.203125,74820.2109375,74782.5703125,74800.03125,0,0.0,0.0
2026-09-10 11:20:00+05:30,74799.1484375,74800.1796875,74743.4375,74782.078125,0,0.0,0.0
2026-09-10 11:25:00+05:30,74782.2265625,74787.5234375,74752.3984375,74757.2578125,0,0.0,0.0
2026-09-10 11:30:00+05:30,74765.3125,74798.7734375,74730.21875,74730.5234375,0,0.0,0.0
2026-09-10 11:35:00+05:30,74730.5234375,74758.9921875,74717.4296875,74723.0,0,0.0,0.0
2026-09-10 11:40:00+05:30,74719.46875,74742.1875,74685.8515625,74741.4921875,0,0.0,0.0
2026-09-10 11:45:00+05:30,74744.1328125,74783.0078125,74739.40625,74779.3984375,0,0.0,0.0
2026-09-10 11:50:00+05:30,74777.9765625,74789.8984375,74757.2578125,74769.2578125,0,0.0,0.0
2026-09-10 11:55:00+05:30,74768.4921875,74807.28125,74742.7890625,74799.8125,0,0.0,0.0
2026-09-10 12:00:00+05:30,74801.921875,74821.546875,74799.4765625,74819.7265625,0,0.0,0.0
2026-09-10 12:05:00+05:30,74820.46875,74826.90625,74782.6484375,74782.6484375,0,0.0,0.0
2026-09-10 12:10:00+05:30,74784.171875,74863.3984375,74779.90625,74856.4921875,0,0.0,0.0
2026-09-10 12:15:00+05:30,74859.5078125,74872.2109375,74844.4765625,74865.3671875,0,0.0,0.0
2026-09-10 12:20:00+05:30,74862.5703125,74901.390625,74844.5234375,74847.5,0,0.0,0.0
2026-09-10 12:25:00+05:30,74848.25,74876.09375,74841.03125,74856.9765625,0,0.0,0.0
2026-09-10 12:30:00+05:30,74856.5078125,74859.546875,74801.0703125,74814.2421875,0,0.0,0.0
2026-09-10 12:35:00+05:30,74814.6328125,74845.2421875,74792.25,74809.359375,0,0.0,0.0
2026-09-10 12:40:00+05:30,74809.359375,74872.7421875,74808.75,74866.5234375,0,0.0,0.0
2026-09-10 12:45:00+05:30,74868.640625,74874.59375,74835.203125,74858.5625,0,0.0,0.0
2026-09-10 12:50:00+05:30,74849.890625,74871.0703125,74831.7265625,74834.109375,0,0.0,0.0
2026-09-10 12:55:00+05:30,74834.109375,74847.6328125,74801.40625,74801.40625,0,0.0,0.0
2026-09-10 13:00:00+05:30,74802.109375,74806.8984375,74770.421875,74787.75,0,0.0,0.0
2026-09-10 13:05:00+05:30,74788.1484375,74792.65625,74740.3515625,74773.671875,0,0.0,0.0
2026-09-10 13:10:00+05:30,74771.453125,74820.2734375,74768.2265625,74815.9921875,0,0.0,0.0
2026-09-10 13:15:00+05:30,74817.2421875,74823.75,74788.8203125,74798.4609375,0,0.0,0.0
2026-09-10 13:20:00+05:30,74797.2734375,74804.1015625,74779.3515625,74790.03125,0,0.0,0.0
2026-09-10 13:25:00+05:30,74791.6484375,74804.9921875,74747.5,74779.1796875,0,0.0,0.0
2026-09-10 13:30:00+05:30,74780.7890625,74786.8125,74757.5234375,74765.078125,0,0.0,0.0
2026-09-10 13:35:00+05:30,74761.2421875,74782.7578125,74752.9765625,74782.7578125,0,0.0,0.0
2026-09-10 13:40:00+05:30,74787.296875,74819.2265625,74785.6484375,74799.5390625,0,0.0,0.0
2026-09-10 13:45:00+05:30,74802.796875,74803.8984375,74767.5234375,74787.6875,0,0.0,0.0
2026-09-10 13:50:00+05:30,74787.5390625,74791.953125,74768.7421875,74771.640625,0,0.0,0.0
2026-09-10 13:55:00+05:30,74771.640625,74772.1875,74739.0,74747.6484375,0,0.0,0.0
2026-09-10 14:00:00+05:30,74748.2578125,74766.6015625,74719.6484375,74722.640625,0,0.0,0.0
2026-09-10 14:05:00+05:30,74723.5625,74732.90625,74704.3125,74724.546875,0,0.0,0.0
2026-09-10 14:10:00+05:30,74722.7265625,74735.4921875,74706.796875,74733.078125,0,0.0,0.0
2026-09-10 14:15:00+05:30,74733.078125,74733.078125,74683.0625,74693.0078125,0,0.0,0.0
2026-09-10 14:20:00+05:30,74692.0625,74749.2421875,74692.0625,74749.2421875,0,0.0,0.0
2026-09-10 14:25:00+05:30,74748.6796875,74757.140625,74708.296875,74724.953125,0,0.0,0.0
2026-09-10 14:30:00+05:30,74724.953125,74734.53125,74706.328125,74712.3125,0,0.0,0.0
2026-09-10 14:35:00+05:30,74716.0703125,74716.0703125,74675.8203125,74677.90625,0,0.0,0.0
2026-09-10 14:40:00+05:30,74676.0,74710.2578125,74666.6015625,74706.6328125,0,0.0,0.0
2026-09-10 14:45:00+05:30,74708.0625,74757.4609375,74696.03125,74744.9921875,0,0.0,0.0
2026-09-10 14:50:00+05:30,74745.7109375,74771.6875,74727.7734375,74734.328125,0,0.0,0.0
2026-09-10 14:55:00+05:30,74735.1796875,74744.5390625,74693.140625,74694.2734375,0,0.0,0.0
2026-09-10 15:00:00+05:30,74695.53125,74695.921875,74602.453125,74621.9375,0,0.0,0.0
2026-09-10 15:05:00+05:30,74626.4921875,74642.703125,74600.59375,74627.390625,0,0.0,0.0
2026-09-10 15:10:00+05:30,74629.5703125,74671.28125,74606.1484375,74640.9921875,0,0.0,0.0
2026-09-10 15:15:00+05:30,74629.5,74629.6484375,74618.5234375,74629.6484375,0,0.0,0.0
2026-09-10 15:20:00+05:30,74630.5,75803.7578125,74482.4765625,75577.7421875,0,0.0,0.0
2026-09-10 15:25:00+05:30,75575.28125,75575.28125,74891.96875,74902.59375,0,0.0,0.0
2026-09-11 09:15:00+05:30,74309.15625,74309.15625,74165.3515625,74255.28125,0,0.0,0.0
2026-09-11 09:20:00+05:30,74247.03125,74286.53125,74228.2578125,74262.953125,0,0.0,0.0
2026-09-11 09:25:00+05:30,74256.2578125,74279.0703125,74239.859375,74274.953125,0,0.0,0.0
2026-09-11 09:30:00+05:30,74277.3671875,74298.859375,74211.5234375,74263.53125,0,0.0,0.0
2026-09-11 09:35:00+05:30,74263.8671875,74283.15625,74254.75,74274.6875,0,0.0,0.0
2026-09-11 09:40:00+05:30,74267.421875,74267.421875,74210.3828125,74246.390625,0,0.0,0.0
2026-09-11 09:45:00+05:30,74250.0625,74266.921875,74212.96875,74232.1015625,0,0.0,0.0
2026-09-11 09:50:00+05:30,74225.6171875,74248.75,74216.296875,74228.6875,0,0.0,0.0
2026-09-11 09:55:00+05:30,74224.8828125,74294.3125,74218.828125,74279.5,0,0.0,0.0
2026-09-11 10:00:00+05:30,74278.5390625,74326.4765625,74265.9296875,74313.84375,0,0.0,0.0
2026-09-11 10:05:00+05:30,74312.921875,74352.328125,74304.3515625,74343.8984375,0,0.0,0.0
2026-09-11 10:10:00+05:30,74347.15625,74390.3515625,74339.046875,74387.1171875,0,0.0,0.0
2026-09-11 10:15:00+05:30,74388.890625,74392.1015625,74368.8203125,74372.171875,0,0.0,0.0
2026-09-11 10:20:00+05:30,74369.546875,74433.1328125,74363.7890625,74389.3671875,0,0.0,0.0
2026-09-11 10:25:00+05:30,74389.9375,74389.9375,74312.359375,74313.78125,0,0.0,0.0
2026-09-11 10:30:00+05:30,74315.78125,74354.609375,74306.65625,74342.7421875,0,0.0,0.0
2026-09-11 10:35:00+05:30,74338.03125,74380.9296875,74335.046875,74369.6015625,0,0.0,0.0
2026-09-11 10:40:00+05:30,74369.6015625,74400.9296875,74355.59375,74400.9296875,0,0.0,0.0
2026-09-11 10:45:00+05:30,74400.9296875,74409.671875,74354.4609375,74365.0390625,0,0.0,0.0
2026-09-11 10:50:00+05:30,74362.703125,74364.53125,74318.453125,74333.6171875,0,0.0,0.0
2026-09-11 10:55:00+05:30,74332.921875,74335.6328125,74301.59375,74320.6875,0,0.0,0.0
2026-09-11 11:00:00+05:30,74320.5,74352.921875,74313.9609375,74324.609375,0,0.0,0.0
2026-09-11 11:05:00+05:30,74326.3828125,74373.3203125,74315.6015625,74367.328125,0,0.0,0.0
2026-09-11 11:10:00+05:30,74365.5234375,74510.578125,74361.359375,74505.1796875,0,0.0,0.0
2026-09-11 11:15:00+05:30,74503.3203125,74549.3515625,74465.84375,74506.4765625,0,0.0,0.0
2026-09-11 11:20:00+05:30,74503.28125,74550.1484375,74495.0703125,74540.578125,0,0.0,0.0
2026-09-11 11:25:00+05:30,74540.390625,74556.5625,74523.1875,74529.6328125,0,0.0,0.0
2026-09-11 11:30:00+05:30,74526.078125,74564.9765625,74500.40625,74554.921875,0,0.0,0.0
2026-09-11 11:35:00+05:30,74555.4765625,74568.671875,74526.890625,74543.4921875,0,0.0,0.0
2026-09-11 11:40:00+05:30,74546.15625,74578.15625,74538.0703125,74566.0703125,0,0.0,0.0
2026-09-11 11:45:00+05:30,74566.0703125,74584.3515625,74514.5625,74515.4921875,0,0.0,0.0
2026-09-11 11:50:00+05:30,74522.3125,74542.7578125,74501.65625,74523.4765625,0,0.0,0.0
2026-09-11 11:55:00+05:30,74521.7890625,74567.1796875,74516.2265625,74557.5625,0,0.0,0.0
2026-09-11 12:00:00+05:30,74558.453125,74564.65625,74527.5234375,74531.703125,0,0.0,0.0
2026-09-11 12:05:00+05:30,74538.2734375,74551.7109375,74524.890625,74524.890625,0,0.0,0.0
2026-09-11 12:10:00+05:30,74524.8203125,74530.34375,74456.1171875,74484.03125,0,0.0,0.0
2026-09-11 12:15:00+05:30,74481.7890625,74512.2890625,74466.1171875,74503.3671875,0,0.0,0.0
2026-09-11 12:20:00+05:30,74499.921875,74514.6171875,74470.46875,74514.6171875,0,0.0,0.0
2026-09-11 12:25:00+05:30,74514.9609375,74523.390625,74495.0234375,74500.640625,0,0.0,0.0
2026-09-11 12:30:00+05:30,74500.0,74531.96875,74494.25,74526.703125,0,0.0,0.0
2026-09-11 12:35:00+05:30,74535.2421875,74559.7265625,74523.1484375,74539.03125,0,0.0,0.0
2026-09-11 12:40:00+05:30,74537.609375,74571.65625,74518.25,74555.3828125,0,0.0,0.0
2026-09-11 12:45:00+05:30,74555.0234375,74555.0234375,74507.078125,74517.78125,0,0.0,0.0
2026-09-11 12:50:00+05:30,74514.5703125,74544.0625,74502.25,74542.2421875,0,0.0,0.0
2026-09-11 12:55:00+05:30,74542.2421875,74570.75,74542.2421875,74553.828125,0,0.0,0.0
2026-09-11 13:00:00+05:30,74551.8984375,74557.8125,74494.140625,74494.84375,0,0.0,0.0
2026-09-11 13:05:00+05:30,74491.46875,74505.6484375,74467.1015625,74472.65625,0,0.0,0.0
2026-09-11 13:10:00+05:30,74475.28125,74507.7109375,74458.890625,74500.9765625,0,0.0,0.0
2026-09-11 13:15:00+05:30,74500.390625,74507.4296875,74474.8515625,74481.4921875,0,0.0,0.0
2026-09-11 13:20:00+05:30,74478.921875,74519.25,74467.078125,74508.796875,0,0.0,0.0
2026-09-11 13:25:00+05:30,74509.4921875,74574.0,74492.2421875,74560.7421875,0,0.0,0.0
2026-09-11 13:30:00+05:30,74563.640625,74583.5703125,74547.1796875,74548.640625,0,0.0,0.0
2026-09-11 13:35:00+05:30,74551.4296875,74552.2578125,74509.7734375,74529.46875,0,0.0,0.0
2026-09-11 13:40:00+05:30,74529.46875,74542.4765625,74449.5078125,74524.53125,0,0.0,0.0
2026-09-11 13:45:00+05:30,74523.1015625,74529.0234375,74468.796875,74528.1171875,0,0.0,0.0
2026-09-11 13:50:00+05:30,74527.0078125,74637.578125,74519.71875,74580.828125,0,0.0,0.0
2026-09-11 13:55:00+05:30,74581.1796875,74698.078125,74575.0625,74695.8515625,0,0.0,0.0
2026-09-11 14:00:00+05:30,74691.359375,74889.15625,74683.0,74865.1328125,0,0.0,0.0
2026-09-11 14:05:00+05:30,74865.1328125,74868.9609375,74772.296875,74787.53125,0,0.0,0.0
2026-09-11 14:10:00+05:30,74782.3984375,74795.59375,74764.4296875,74794.6484375,0,0.0,0.0
2026-09-11 14:15:00+05:30,74793.1875,74797.3515625,74745.390625,74762.09375,0,0.0,0.0
2026-09-11 14:20:00+05:30,74762.8984375,74790.328125,74741.1484375,74790.2890625,0,0.0,0.0
2026-09-11 14:25:00+05:30,74790.7265625,74826.6015625,74773.7265625,74814.5625,0,0.0,0.0
2026-09-11 14:30:00+05:30,74814.1484375,74863.359375,74807.5,74826.21875,0,0.0,0.0
2026-09-11 14:35:00+05:30,74827.8203125,74881.7578125,74803.5703125,74821.8125,0,0.0,0.0
2026-09-11 14:40:00+05:30,74821.5234375,74873.6171875,74817.5703125,74862.53125,0,0.0,0.0
2026-09-11 14:45:00+05:30,74861.0,74861.0,74814.9921875,74835.390625,0,0.0,0.0
2026-09-11 14:50:00+05:30,74835.1015625,74867.46875,74821.359375,74830.6796875,0,0.0,0.0
2026-09-11 14:55:00+05:30,74832.609375,74851.8828125,74823.0625,74825.8671875,0,0.0,0.0
2026-09-11 15:00:00+05:30,74825.0703125,74825.0703125,74746.2890625,74750.3828125,0,0.0,0.0
2026-09-11 15:05:00+05:30,74747.3671875,74816.1484375,74716.3515625,74815.6484375,0,0.0,0.0
2026-09-11 15:10:00+05:30,74813.8984375,74916.3125,74805.6328125,74914.0625,0,0.0,0.0
2026-09-11 15:15:00+05:30,74914.0625,74914.0625,74794.09375,74794.09375,0,0.0,0.0
2026-09-11 15:20:00+05:30,74794.09375,74873.1875,74759.40625,74761.2734375,0,0.0,0.0
2026-09-11 15:25:00+05:30,74759.8203125,74801.84375,74739.53125,74781.7578125,0,0.0,0.0
2026-09-15 09:15:00+05:30,75376.2265625,75404.5625,75124.390625,75176.7109375,0,0.0,0.0
2026-09-15 09:20:00+05:30,75155.96875,75184.75,75073.6015625,75075.2109375,0,0.0,0.0
2026-09-15 09:25:00+05:30,75060.7265625,75060.8828125,75003.859375,75021.6328125,0,0.0,0.0
2026-09-15 09:30:00+05:30,75027.703125,75035.140625,74972.5,75011.796875,0,0.0,0.0
2026-09-15 09:35:00+05:30,75011.2421875,75038.0234375,74965.1796875,75016.53125,0,0.0,0.0
2026-09-15 09:40:00+05:30,75017.953125,75052.40625,74998.2265625,75004.3203125,0,0.0,0.0
2026-09-15 09:45:00+05:30,75001.78125,75001.78125,74892.140625,74895.21875,0,0.0,0.0
2026-09-15 09:50:00+05:30,74897.78125,74921.609375,74851.859375,74851.859375,0,0.0,0.0
2026-09-15 09:55:00+05:30,74851.59375,74851.59375,74754.53125,74818.8203125,0,0.0,0.0
2026-09-15 10:00:00+05:30,74823.140625,74823.140625,74765.5078125,74785.1484375,0,0.0,0.0
2026-09-15 10:05:00+05:30,74789.5078125,74809.4296875,74756.96875,74758.8828125,0,0.0,0.0
2026-09-15 10:10:00+05:30,74759.453125,74822.7890625,74738.15625,74793.6328125,0,0.0,0.0
2026-09-15 10:15:00+05:30,74790.6328125,74813.5390625,74752.140625,74808.5,0,0.0,0.0
2026-09-15 10:20:00+05:30,74809.0390625,74809.0390625,74735.15625,74771.8203125,0,0.0,0.0
2026-09-15 10:25:00+05:30,74770.7734375,74782.96875,74714.53125,74717.5078125,0,0.0,0.0
2026-09-15 10:30:00+05:30,74715.9765625,74742.6015625,74690.1796875,74718.046875,0,0.0,0.0
2026-09-15 10:35:00+05:30,74720.8125,74760.0703125,74718.203125,74746.8203125,0,0.0,0.0
2026-09-15 10:40:00+05:30,74747.9609375,74749.8203125,74681.90625,74692.3671875,0,0.0,0.0
2026-09-15 10:45:00+05:30,74693.0703125,74698.7265625,74644.2734375,74644.2734375,0,0.0,0.0
2026-09-15 10:50:00+05:30,74644.671875,74677.1171875,74618.90625,74629.796875,0,0.0,0.0
2026-09-15 10:55:00+05:30,74633.328125,74648.3828125,74605.390625,74647.6875,0,0.0,0.0
2026-09-15 11:00:00+05:30,74649.2421875,74728.4765625,74634.15625,74705.9296875,0,0.0,0.0
2026-09-15 11:05:00+05:30,74709.7109375,74717.0703125,74632.171875,74637.921875,0,0.0,0.0
2026-09-15 11:10:00+05:30,74637.921875,74693.1328125,74608.9765625,74667.65625,0,0.0,0.0
2026-09-15 11:15:00+05:30,74667.7578125,74709.171875,74609.3984375,74621.4921875,0,0.0,0.0
2026-09-15 11:20:00+05:30,74621.7109375,74648.71875,74594.5390625,74634.2421875,0,0.0,0.0
2026-09-15 11:25:00+05:30,74634.2265625,74641.7265625,74585.296875,74600.2890625,0,0.0,0.0
2026-09-15 11:30:00+05:30,74598.578125,74632.4765625,74586.4921875,74625.859375,0,0.0,0.0
2026-09-15 11:35:00+05:30,74624.953125,74696.296875,74622.59375,74695.7578125,0,0.0,0.0
2026-09-15 11:40:00+05:30,74695.3203125,74700.203125,74650.546875,74679.59375,0,0.0,0.0
2026-09-15 11:45:00+05:30,74679.0234375,74689.1171875,74653.8515625,74657.8984375,0,0.0,0.0
2026-09-15 11:50:00+05:30,74657.40625,74658.9609375,74608.9375,74611.46875,0,0.0,0.0
2026-09-15 11:55:00+05:30,74612.0390625,74672.390625,74611.65625,74667.296875,0,0.0,0.0
2026-09-15 12:00:00+05:30,74668.3984375,74714.3828125,74660.7265625,74705.609375,0,0.0,0.0
2026-09-15 12:05:00+05:30,74706.9609375,74724.90625,74682.40625,74690.75,0,0.0,0.0
2026-09-15 12:10:00+05:30,74692.9921875,74699.25,74660.8828125,74674.140625,0,0.0,0.0
2026-09-15 12:15:00+05:30,74673.7265625,74678.453125,74643.9609375,74647.8984375,0,0.0,0.0
2026-09-15 12:20:00+05:30,74645.328125,74664.46875,74638.1171875,74657.9375,0,0.0,0.0
2026-09-15 12:25:00+05:30,74657.6875,74677.09375,74646.671875,74674.3828125,0,0.0,0.0
2026-09-15 12:30:00+05:30,74674.3828125,74675.9375,74603.1171875,74625.5703125,0,0.0,0.0
2026-09-15 12:35:00+05:30,74624.4375,74653.3984375,74615.40625,74630.890625,0,0.0,0.0
2026-09-15 12:40:00+05:30,74630.4921875,74645.96875,74626.890625,74632.4609375,0,0.0,0.0
2026-09-15 12:45:00+05:30,74631.953125,74652.9765625,74610.59375,74652.9765625,0,0.0,0.0
2026-09-15 12:50:00+05:30,74645.8125,74675.5,74641.3984375,74654.9921875,0,0.0,0.0
2026-09-15 12:55:00+05:30,74654.9921875,74658.9296875,74577.3671875,74581.3125,0,0.0,0.0
2026-09-15 13:00:00+05:30,74581.7265625,74610.453125,74548.8671875,74573.890625,0,0.0,0.0
2026-09-15 13:05:00+05:30,74573.1484375,74599.8984375,74560.3828125,74569.7421875,0,0.0,0.0
2026-09-15 13:10:00+05:30,74571.03125,74582.9375,74522.6015625,74545.2578125,0,0.0,0.0
2026-09-15 13:15:00+05:30,74544.859375,74556.078125,74499.1875,74544.359375,0,0.0,0.0
2026-09-15 13:20:00+05:30,74544.359375,74551.6328125,74491.3828125,74501.3515625,0,0.0,0.0
2026-09-15 13:25:00+05:30,74502.5625,74541.7265625,74502.2421875,74503.9609375,0,0.0,0.0
2026-09-15 13:30:00+05:30,74503.078125,74504.34375,74438.21875,74457.2109375,0,0.0,0.0
2026-09-15 13:35:00+05:30,74457.7890625,74491.2421875,74450.1484375,74457.7734375,0,0.0,0.0
2026-09-15 13:40:00+05:30,74457.7734375,74460.78125,74402.8515625,74433.921875,0,0.0,0.0
2026-09-15 13:45:00+05:30,74432.3828125,74455.2578125,74428.90625,74454.28125,0,0.0,0.0
2026-09-15 13:50:00+05:30,74456.2109375,74469.6328125,74448.453125,74455.2734375,0,0.0,0.0
2026-09-15 13:55:00+05:30,74454.1015625,74463.6484375,74429.8125,74461.1875,0,0.0,0.0
2026-09-15 14:00:00+05:30,74460.6796875,74470.1328125,74449.8671875,74454.46875,0,0.0,0.0
2026-09-15 14:05:00+05:30,74455.171875,74465.6171875,74421.96875,74422.921875,0,0.0,0.0
2026-09-15 14:10:00+05:30,74418.8125,74422.671875,74322.90625,74329.2265625,0,0.0,0.0
2026-09-15 14:15:00+05:30,74325.9375,74325.9375,74215.3515625,74215.75,0,0.0,0.0
2026-09-15 14:20:00+05:30,74215.578125,74286.6328125,74211.7890625,74252.4609375,0,0.0,0.0
2026-09-15 14:25:00+05:30,74249.578125,74267.0390625,74217.8515625,74247.078125,0,0.0,0.0
2026-09-15 14:30:00+05:30,74246.8515625,74272.703125,74237.3828125,74260.1484375,0,0.0,0.0
2026-09-15 14:35:00+05:30,74259.171875,74297.0703125,74249.078125,74284.4765625,0,0.0,0.0
2026-09-15 14:40:00+05:30,74281.796875,74306.078125,74268.7578125,74284.15625,0,0.0,0.0
2026-09-15 14:45:00+05:30,74283.8984375,74284.1015625,74081.9375,74123.0234375,0,0.0,0.0
2026-09-15 14:50:00+05:30,74122.640625,74216.09375,74122.640625,74169.3828125,0,0.0,0.0
2026-09-15 14:55:00+05:30,74169.3203125,74194.953125,74156.671875,74159.78125,0,0.0,0.0
2026-09-15 15:00:00+05:30,74156.4921875,74194.0625,74148.0703125,74181.7578125,0,0.0,0.0
2026-09-15 15:05:00+05:30,74182.1484375,74185.9296875,74141.2734375,74154.90625,0,0.0,0.0
2026-09-15 15:10:00+05:30,74153.6796875,74214.0390625,74144.359375,74174.9609375,0,0.0,0.0
2026-09-15 15:15:00+05:30,74171.8203125,74171.8203125,74159.8203125,74159.8203125,0,0.0,0.0
2026-09-15 15:20:00+05:30,74180.828125,74339.7421875,74091.140625,74095.8828125,0,0.0,0.0
2026-09-15 15:25:00+05:30,74092.3671875,74127.5078125,74003.8203125,74003.8203125,0,0.0,0.0
2026-09-16 09:15:00+05:30,74262.6328125,74503.0390625,74230.53125,74383.84375,0,0.0,0.0
2026-09-16 09:20:00+05:30,74383.8671875,74429.7578125,74337.28125,74358.3515625,0,0.0,0.0
2026-09-16 09:25:00+05:30,74349.4296875,74357.640625,74225.7265625,74261.28125,0,0.0,0.0
2026-09-16 09:30:00+05:30,74261.171875,74288.3515625,74177.4375,74287.8125,0,0.0,0.0
2026-09-16 09:35:00+05:30,74283.2109375,74283.3203125,74086.59375,74091.8671875,0,0.0,0.0
2026-09-16 09:40:00+05:30,74090.1328125,74100.1484375,73991.5703125,73991.5703125,0,0.0,0.0
2026-09-16 09:45:00+05:30,73993.3203125,74098.5390625,73981.328125,74098.5390625,0,0.0,0.0
2026-09-16 09:50:00+05:30,74096.5390625,74306.6484375,74096.5390625,74305.328125,0,0.0,0.0
2026-09-16 09:55:00+05:30,74309.84375,74372.703125,74293.640625,74351.65625,0,0.0,0.0
2026-09-16 10:00:00+05:30,74349.4296875,74349.4296875,74218.8828125,74219.84375,0,0.0,0.0
2026-09-16 10:05:00+05:30,74219.609375,74228.6171875,74158.078125,74192.078125,0,0.0,0.0
2026-09-16 10:10:00+05:30,74200.390625,74260.453125,74190.2890625,74190.2890625,0,0.0,0.0
2026-09-16 10:15:00+05:30,74192.296875,74294.140625,74175.7578125,74248.9765625,0,0.0,0.0
2026-09-16 10:20:00+05:30,74249.0,74339.4375,74241.5390625,74323.921875,0,0.0,0.0
2026-09-16 10:25:00+05:30,74329.0390625,74371.7734375,74319.5234375,74348.0,0,0.0,0.0
2026-09-16 10:30:00+05:30,74345.90625,74407.6015625,74324.25,74405.953125,0,0.0,0.0
2026-09-16 10:35:00+05:30,74401.3984375,74408.5703125,74334.640625,74379.9609375,0,0.0,0.0
2026-09-16 10:40:00+05:30,74381.203125,74410.6171875,74369.8671875,74404.28125,0,0.0,0.0
2026-09-16 10:45:00+05:30,74403.828125,74457.953125,74399.296875,74451.796875,0,0.0,0.0
2026-09-16 10:50:00+05:30,74448.171875,74463.75,74399.4765625,74429.3671875,0,0.0,0.0
2026-09-16 10:55:00+05:30,74428.71875,74429.78125,74370.8671875,74397.9609375,0,0.0,0.0
2026-09-16 11:00:00+05:30,74400.1484375,74493.7578125,74400.1484375,74473.3984375,0,0.0,0.0
2026-09-16 11:05:00+05:30,74472.1484375,74475.0234375,74406.90625,74412.34375,0,0.0,0.0
2026-09-16 11:10:00+05:30,74417.0,74438.953125,74391.0234375,74391.0234375,0,0.0,0.0
2026-09-16 11:15:00+05:30,74391.4765625,74443.109375,74382.34375,74382.34375,0,0.0,0.0
2026-09-16 11:20:00+05:30,74381.7890625,74426.5703125,74337.640625,74369.6484375,0,0.0,0.0
2026-09-16 11:25:00+05:30,74370.2265625,74372.8828125,74290.0703125,74294.25,0,0.0,0.0
2026-09-16 11:30:00+05:30,74294.25,74361.8125,74294.25,74318.359375,0,0.0,0.0
2026-09-16 11:35:00+05:30,74319.0390625,74366.046875,74297.4609375,74345.78125,0,0.0,0.0
2026-09-16 11:40:00+05:30,74345.6484375,74361.703125,74325.53125,74336.1484375,0,0.0,0.0
2026-09-16 11:45:00+05:30,74337.7265625,74337.7890625,74301.3828125,74321.6796875,0,0.0,0.0
2026-09-16 11:50:00+05:30,74323.0625,74365.78125,74302.8984375,74320.8984375,0,0.0,0.0
2026-09-16 11:55:00+05:30,74314.5390625,74324.109375,74270.828125,74277.2265625,0,0.0,0.0
2026-09-16 12:00:00+05:30,74281.28125,74295.0703125,74256.4921875,74276.1328125,0,0.0,0.0
2026-09-16 12:05:00+05:30,74275.9375,74330.703125,74275.8984375,74316.953125,0,0.0,0.0
2026-09-16 12:10:00+05:30,74317.921875,74388.0234375,74315.25,74352.5,0,0.0,0.0
2026-09-16 12:15:00+05:30,74350.046875,74382.3515625,74302.9375,74363.6484375,0,0.0,0.0
2026-09-16 12:20:00+05:30,74366.21875,74366.21875,74336.8984375,74351.7109375,0,0.0,0.0
2026-09-16 12:25:00+05:30,74352.9375,74360.640625,74331.109375,74337.5703125,0,0.0,0.0
2026-09-16 12:30:00+05:30,74336.359375,74428.953125,74334.28125,74388.5,0,0.0,0.0
2026-09-16 12:35:00+05:30,74389.390625,74405.0625,74364.0,74371.65625,0,0.0,0.0
2026-09-16 12:40:00+05:30,74373.2578125,74411.078125,74356.1875,74396.390625,0,0.0,0.0
2026-09-16 12:45:00+05:30,74396.390625,74399.6484375,74360.5390625,74393.546875,0,0.0,0.0
2026-09-16 12:50:00+05:30,74394.03125,74412.46875,74375.7578125,74406.6875,0,0.0,0.0
2026-09-16 12:55:00+05:30,74405.9609375,74426.3125,74382.1796875,74382.8984375,0,0.0,0.0
2026-09-16 13:00:00+05:30,74381.7578125,74412.7578125,74369.5625,74410.7578125,0,0.0,0.0
2026-09-16 13:05:00+05:30,74410.7578125,74497.65625,74407.2109375,74477.671875,0,0.0,0.0
2026-09-16 13:10:00+05:30,74478.84375,74485.046875,74423.1015625,74433.3984375,0,0.0,0.0
2026-09-16 13:15:00+05:30,74433.3984375,74461.3984375,74398.546875,74455.8125,0,0.0,0.0
2026-09-16 13:20:00+05:30,74457.15625,74459.75,74382.7890625,74386.0703125,0,0.0,0.0
2026-09-16 13:25:00+05:30,74384.8828125,74385.921875,74296.1328125,74296.1328125,0,0.0,0.0
2026-09-16 13:30:00+05:30,74296.1328125,74347.7578125,74296.1328125,74322.53125,0,0.0,0.0
2026-09-16 13:35:00+05:30,74325.6328125,74347.6484375,74291.2734375,74292.859375,0,0.0,0.0
2026-09-16 13:40:00+05:30,74292.6796875,74305.8203125,74260.28125,74261.421875,0,0.0,0.0
2026-09-16 13:45:00+05:30,74261.0703125,74306.3203125,74261.0703125,74283.4921875,0,0.0,0.0
2026-09-16 13:50:00+05:30,74281.53125,74296.109375,74260.140625,74290.03125,0,0.0,0.0
2026-09-16 13:55:00+05:30,74290.03125,74298.3515625,74263.1796875,74280.71875,0,0.0,0.0
2026-09-16 14:00:00+05:30,74279.15625,74335.4921875,74279.15625,74331.03125,0,0.0,0.0
2026-09-16 14:05:00+05:30,74331.40625,74337.2109375,74282.4921875,74290.0,0,0.0,0.0
2026-09-16 14:10:00+05:30,74290.0,74339.3203125,74283.7890625,74338.5078125,0,0.0,0.0
2026-09-16 14:15:00+05:30,74339.7578125,74370.453125,74322.21875,74324.4296875,0,0.0,0.0
2026-09-16 14:20:00+05:30,74321.65625,74348.7265625,74314.796875,74339.40625,0,0.0,0.0
2026-09-16 14:25:00+05:30,74336.1875,74341.359375,74299.0625,74321.0,0,0.0,0.0
2026-09-16 14:30:00+05:30,74316.40625,74331.5234375,74291.890625,74299.3828125,0,0.0,0.0
2026-09-16 14:35:00+05:30,74299.6171875,74332.109375,74281.890625,74296.171875,0,0.0,0.0
2026-09-16 14:40:00+05:30,74301.1796875,74326.78125,74291.921875,74323.609375,0,0.0,0.0
2026-09-16 14:45:00+05:30,74320.53125,74342.3515625,74307.65625,74335.546875,0,0.0,0.0
2026-09-16 14:50:00+05:30,74334.71875,74362.40625,74311.0390625,74341.75,0,0.0,0.0
2026-09-16 14:55:00+05:30,74341.5,74417.7109375,74331.8515625,74334.8828125,0,0.0,0.0
2026-09-16 15:00:00+05:30,74339.203125,74339.203125,74284.9609375,74315.8984375,0,0.0,0.0
2026-09-16 15:05:00+05:30,74315.6484375,74336.390625,74287.0390625,74300.609375,0,0.0,0.0
2026-09-16 15:10:00+05:30,74298.640625,74324.4375,74270.140625,74303.15625,0,0.0,0.0
2026-09-16 15:15:00+05:30,74303.15625,74307.8671875,74301.171875,74307.8671875,0,0.0,0.0
2026-09-16 15:20:00+05:30,74349.03125,74561.1875,74309.71875,74449.6875,0,0.0,0.0
2026-09-16 15:25:00+05:30,74449.59375,74449.59375,74328.0078125,74336.453125,0,0.0,0.0
2026-09-17 09:15:00+05:30,74182.6171875,74415.203125,74182.6171875,74398.609375,0,0.0,0.0
2026-09-17 09:20:00+05:30,74395.9609375,74417.953125,74293.0625,74293.0625,0,0.0,0.0
2026-09-17 09:25:00+05:30,74300.25,74385.0234375,74292.4296875,74352.4375,0,0.0,0.0
2026-09-17 09:30:00+05:30,74358.7265625,74501.859375,74347.8828125,74483.6484375,0,0.0,0.0
2026-09-17 09:35:00+05:30,74482.90625,74536.203125,74436.0390625,74441.9765625,0,0.0,0.0
2026-09-17 09:40:00+05:30,74444.171875,74448.5703125,74312.6015625,74365.6171875,0,0.0,0.0
2026-09-17 09:45:00+05:30,74367.4375,74428.0078125,74350.7890625,74420.9921875,0,0.0,0.0
2026-09-17 09:50:00+05:30,74414.7734375,74483.15625,74389.5234375,74469.0,0,0.0,0.0
2026-09-17 09:55:00+05:30,74470.21875,74486.5234375,74425.7109375,74461.09375,0,0.0,0.0
2026-09-17 10:00:00+05:30,74459.5078125,74503.4609375,74451.3828125,74492.2734375,0,0.0,0.0
2026-09-17 10:05:00+05:30,74487.921875,74552.34375,74486.609375,74534.7421875,0,0.0,0.0
2026-09-17 10:10:00+05:30,74534.5078125,74587.7421875,74531.3828125,74553.4921875,0,0.0,0.0
2026-09-17 10:15:00+05:30,74554.1328125,74570.3203125,74493.5078125,74498.0625,0,0.0,0.0
2026-09-17 10:20:00+05:30,74496.21875,74521.671875,74475.2734375,74497.71875,0,0.0,0.0
2026-09-17 10:25:00+05:30,74500.3828125,74501.6328125,74474.2265625,74491.6328125,0,0.0,0.0
2026-09-17 10:30:00+05:30,74492.9609375,74499.9296875,74435.9375,74446.59375,0,0.0,0.0
2026-09-17 10:35:00+05:30,74447.2265625,74493.1171875,74418.4296875,74455.3828125,0,0.0,0.0
2026-09-17 10:40:00+05:30,74458.59375,74458.59375,74399.5078125,74401.1328125,0,0.0,0.0
2026-09-17 10:45:00+05:30,74403.4609375,74432.1015625,74376.109375,74400.7890625,0,0.0,0.0
2026-09-17 10:50:00+05:30,74400.03125,74436.1015625,74394.3671875,74413.2421875,0,0.0,0.0
2026-09-17 10:55:00+05:30,74412.4921875,74459.8203125,74410.84375,74413.7734375,0,0.0,0.0
2026-09-17 11:00:00+05:30,74410.2109375,74410.25,74310.6171875,74314.2734375,0,0.0,0.0
2026-09-17 11:05:00+05:30,74311.609375,74311.609375,74235.3671875,74251.078125,0,0.0,0.0
2026-09-17 11:10:00+05:30,74243.3125,74284.7421875,74225.1015625,74259.46875,0,0.0,0.0
2026-09-17 11:15:00+05:30,74264.421875,74333.890625,74257.7578125,74327.59375,0,0.0,0.0
2026-09-17 11:20:00+05:30,74330.1171875,74355.8515625,74306.7265625,74330.578125,0,0.0,0.0
2026-09-17 11:25:00+05:30,74330.578125,74342.5234375,74307.2265625,74317.8984375,0,0.0,0.0
2026-09-17 11:30:00+05:30,74313.71875,74356.859375,74288.921875,74344.2734375,0,0.0,0.0
2026-09-17 11:35:00+05:30,74342.640625,74347.7109375,74318.28125,74340.6171875,0,0.0,0.0
2026-09-17 11:40:00+05:30,74340.046875,74396.4296875,74339.4765625,74390.9296875,0,0.0,0.0
2026-09-17 11:45:00+05:30,74391.5703125,74410.2734375,74364.4609375,74390.2421875,0,0.0,0.0
2026-09-17 11:50:00+05:30,74389.0625,74442.6328125,74381.96875,74411.78125,0,0.0,0.0
2026-09-17 11:55:00+05:30,74413.359375,74517.6484375,74413.359375,74517.6484375,0,0.0,0.0
2026-09-17 12:00:00+05:30,74521.71875,74534.3671875,74462.71875,74481.9765625,0,0.0,0.0
2026-09-17 12:05:00+05:30,74478.6484375,74606.421875,74476.2578125,74592.25,0,0.0,0.0
2026-09-17 12:10:00+05:30,74590.96875,74620.90625,74580.2265625,74609.7421875,0,0.0,0.0
2026-09-17 12:15:00+05:30,74608.359375,74644.5625,74590.0078125,74622.90625,0,0.0,0.0
2026-09-17 12:20:00+05:30,74623.171875,74676.3125,74620.8984375,74652.1484375,0,0.0,0.0
2026-09-17 12:25:00+05:30,74651.2734375,74654.8125,74607.578125,74614.6875,0,0.0,0.0
2026-09-17 12:30:00+05:30,74615.2109375,74624.2109375,74591.2421875,74604.5625,0,0.0,0.0
2026-09-17 12:35:00+05:30,74605.78125,74662.4921875,74603.578125,74649.8125,0,0.0,0.0
2026-09-17 12:40:00+05:30,74648.671875,74655.578125,74609.3515625,74613.453125,0,0.0,0.0
2026-09-17 12:45:00+05:30,74613.453125,74622.828125,74574.7734375,74579.03125,0,0.0,0.0
2026-09-17 12:50:00+05:30,74575.9375,74617.4375,74569.3125,74610.640625,0,0.0,0.0
2026-09-17 12:55:00+05:30,74610.640625,74610.640625,74573.71875,74598.6796875,0,0.0,0.0
2026-09-17 13:00:00+05:30,74598.6796875,74612.359375,74547.2265625,74547.2265625,0,0.0,0.0
2026-09-17 13:05:00+05:30,74549.078125,74563.90625,74524.796875,74551.453125,0,0.0,0.0
2026-09-17 13:10:00+05:30,74552.3984375,74556.296875,74535.5234375,74540.671875,0,0.0,0.0
2026-09-17 13:15:00+05:30,74539.59375,74546.328125,74516.1015625,74532.6171875,0,0.0,0.0
2026-09-17 13:20:00+05:30,74531.7109375,74548.75,74505.546875,74511.640625,0,0.0,0.0
2026-09-17 13:25:00+05:30,74509.640625,74510.1015625,74358.953125,74363.859375,0,0.0,0.0
2026-09-17 13:30:00+05:30,74360.5703125,74360.5703125,74317.4609375,74331.8984375,0,0.0,0.0
2026-09-17 13:35:00+05:30,74330.4609375,74346.890625,74291.2734375,74343.046875,0,0.0,0.0
2026-09-17 13:40:00+05:30,74342.8515625,74401.75,74340.2734375,74350.2578125,0,0.0,0.0
2026-09-17 13:45:00+05:30,74349.921875,74387.1796875,74345.3203125,74360.1796875,0,0.0,0.0
2026-09-17 13:50:00+05:30,74360.1796875,74392.7265625,74340.28125,74366.84375,0,0.0,0.0
2026-09-17 13:55:00+05:30,74367.4921875,74384.5,74352.28125,74364.7890625,0,0.0,0.0
2026-09-17 14:00:00+05:30,74365.5703125,74386.40625,74350.2421875,74382.15625,0,0.0,0.0
2026-09-17 14:05:00+05:30,74385.2578125,74427.96875,74366.671875,74395.359375,0,0.0,0.0
2026-09-17 14:10:00+05:30,74395.359375,74441.6484375,74394.0,74410.578125,0,0.0,0.0
2026-09-17 14:15:00+05:30,74402.2890625,74431.859375,74371.421875,74422.640625,0,0.0,0.0
2026-09-17 14:20:00+05:30,74420.6171875,74445.171875,74411.0234375,74430.8203125,0,0.0,0.0
2026-09-17 14:25:00+05:30,74428.2890625,74428.2890625,74369.0703125,74420.140625,0,0.0,0.0
2026-09-17 14:30:00+05:30,74420.1796875,74425.046875,74385.453125,74388.3203125,0,0.0,0.0
2026-09-17 14:35:00+05:30,74391.859375,74492.203125,74373.7265625,74477.2265625,0,0.0,0.0
2026-09-17 14:40:00+05:30,74484.578125,74485.6015625,74390.4609375,74411.046875,0,0.0,0.0
2026-09-17 14:45:00+05:30,74414.5234375,74493.671875,74412.40625,74465.7421875,0,0.0,0.0
2026-09-17 14:50:00+05:30,74465.78125,74467.9765625,74432.7109375,74442.7265625,0,0.0,0.0
2026-09-17 14:55:00+05:30,74435.8671875,74441.9765625,74393.6328125,74402.4921875,0,0.0,0.0
2026-09-17 15:00:00+05:30,74403.5390625,74423.3203125,74376.9296875,74395.9921875,0,0.0,0.0
2026-09-17 15:05:00+05:30,74399.6171875,74405.15625,74371.2578125,74374.6875,0,0.0,0.0
2026-09-17 15:10:00+05:30,74377.8984375,74445.78125,74366.5078125,74414.2265625,0,0.0,0.0
2026-09-17 15:15:00+05:30,74414.2265625,74414.2265625,74381.578125,74381.7265625,0,0.0,0.0
2026-09-17 15:20:00+05:30,74381.7265625,74587.9765625,74305.9609375,74587.9765625,0,0.0,0.0
2026-09-17 15:25:00+05:30,74537.671875,74592.59375,74308.8984375,74314.59375,0,0.0,0.0
2026-09-18 09:15:00+05:30,74532.3828125,74591.171875,74472.453125,74499.640625,0,0.0,0.0
2026-09-18 09:20:00+05:30,74501.78125,74526.2265625,74442.0,74517.4375,0,0.0,0.0
2026-09-18 09:25:00+05:30,74522.3203125,74529.6328125,74399.2890625,74437.546875,0,0.0,0.0
2026-09-18 09:30:00+05:30,74437.9296875,74454.6796875,74386.6484375,74386.6484375,0,0.0,0.0
2026-09-18 09:35:00+05:30,74387.25,74483.453125,74375.0703125,74478.5390625,0,0.0,0.0
2026-09-18 09:40:00+05:30,74480.0,74482.046875,74417.3125,74436.59375,0,0.0,0.0
2026-09-18 09:45:00+05:30,74442.3828125,74474.03125,74429.578125,74439.71875,0,0.0,0.0
2026-09-18 09:50:00+05:30,74438.796875,74482.796875,74432.8828125,74481.09375,0,0.0,0.0
2026-09-18 09:55:00+05:30,74479.9765625,74530.2265625,74459.7265625,74510.6796875,0,0.0,0.0
2026-09-18 10:00:00+05:30,74510.953125,74516.3984375,74474.140625,74477.8515625,0,0.0,0.0
2026-09-18 10:05:00+05:30,74477.3984375,74512.8984375,74443.9296875,74501.5625,0,0.0,0.0
2026-09-18 10:10:00+05:30,74501.71875,74516.71875,74496.4375,74503.9296875,0,0.0,0.0
2026-09-18 10:15:00+05:30,74505.78125,74513.1328125,74478.0234375,74479.65625,0,0.0,0.0
2026-09-18 10:20:00+05:30,74479.9375,74495.3203125,74436.7421875,74437.6796875,0,0.0,0.0
2026-09-18 10:25:00+05:30,74437.609375,74452.65625,74411.0390625,74436.703125,0,0.0,0.0
2026-09-18 10:30:00+05:30,74432.4609375,74462.1171875,74413.0390625,74422.6015625,0,0.0,0.0
2026-09-18 10:35:00+05:30,74422.6015625,74444.3125,74416.1015625,74423.59375,0,0.0,0.0
2026-09-18 10:40:00+05:30,74420.90625,74431.046875,74391.6875,74426.4921875,0,0.0,0.0
2026-09-18 10:45:00+05:30,74426.4921875,74431.5390625,74407.828125,74411.7890625,0,0.0,0.0
2026-09-18 10:50:00+05:30,74412.09375,74455.34375,74410.53125,74443.34375,0,0.0,0.0
2026-09-18 10:55:00+05:30,74446.4765625,74461.3203125,74434.546875,74442.2421875,0,0.0,0.0
2026-09-18 11:00:00+05:30,74442.2421875,74459.9375,74422.0,74433.859375,0,0.0,0.0
2026-09-18 11:05:00+05:30,74433.5625,74433.5625,74389.59375,74424.578125,0,0.0,0.0
2026-09-18 11:10:00+05:30,74425.34375,74440.703125,74404.21875,74430.8515625,0,0.0,0.0
2026-09-18 11:15:00+05:30,74430.8515625,74440.1875,74395.21875,74409.9375,0,0.0,0.0
2026-09-18 11:20:00+05:30,74409.3515625,74443.5703125,74405.890625,74434.4921875,0,0.0,0.0
2026-09-18 11:25:00+05:30,74434.171875,74438.5390625,74406.6875,74409.2578125,0,0.0,0.0
2026-09-18 11:30:00+05:30,74409.2578125,74442.3125,74408.25,74427.3828125,0,0.0,0.0
2026-09-18 11:35:00+05:30,74428.2890625,74440.671875,74417.53125,74427.046875,0,0.0,0.0
2026-09-18 11:40:00+05:30,74428.84375,74441.3984375,74402.5390625,74419.078125,0,0.0,0.0
2026-09-18 11:45:00+05:30,74418.7734375,74456.171875,74418.3671875,74456.171875,0,0.0,0.0
2026-09-18 11:50:00+05:30,74455.75,74497.953125,74436.96875,74483.796875,0,0.0,0.0
2026-09-18 11:55:00+05:30,74483.4765625,74524.546875,74476.2578125,74486.1171875,0,0.0,0.0
2026-09-18 12:00:00+05:30,74486.1171875,74522.71875,74468.640625,74477.8125,0,0.0,0.0
2026-09-18 12:05:00+05:30,74477.8125,74479.8828125,74441.46875,74466.1171875,0,0.0,0.0
2026-09-18 12:10:00+05:30,74464.6484375,74494.7890625,74463.8671875,74489.546875,0,0.0,0.0
2026-09-18 12:15:00+05:30,74487.9921875,74496.671875,74452.078125,74454.4609375,0,0.0,0.0
2026-09-18 12:20:00+05:30,74457.890625,74479.7578125,74440.8203125,74472.9375,0,0.0,0.0
2026-09-18 12:25:00+05:30,74468.3515625,74490.4609375,74451.1875,74489.8125,0,0.0,0.0
2026-09-18 12:30:00+05:30,74488.6171875,74507.4921875,74484.4765625,74495.78125,0,0.0,0.0
2026-09-18 12:35:00+05:30,74494.7265625,74523.2734375,74490.46875,74501.671875,0,0.0,0.0
2026-09-18 12:40:00+05:30,74501.7109375,74550.9765625,74496.1015625,74532.109375,0,0.0,0.0
2026-09-18 12:45:00+05:30,74532.71875,74539.3828125,74502.0078125,74511.859375,0,0.0,0.0
2026-09-18 12:50:00+05:30,74512.1328125,74524.6484375,74496.7421875,74516.4765625,0,0.0,0.0
2026-09-18 12:55:00+05:30,74517.8984375,74541.4609375,74514.03125,74540.25,0,0.0,0.0
2026-09-18 13:00:00+05:30,74540.953125,74588.21875,74531.84375,74577.6796875,0,0.0,0.0
2026-09-18 13:05:00+05:30,74578.0234375,74580.046875,74564.0625,74569.6171875,0,0.0,0.0
2026-09-18 13:10:00+05:30,74570.7109375,74574.6796875,74547.3125,74549.171875,0,0.0,0.0
2026-09-18 13:15:00+05:30,74549.859375,74554.390625,74517.921875,74519.09375,0,0.0,0.0
2026-09-18 13:20:00+05:30,74519.09375,74545.1015625,74501.3125,74532.4375,0,0.0,0.0
2026-09-18 13:25:00+05:30,74533.4296875,74536.6015625,74515.2890625,74532.6015625,0,0.0,0.0
2026-09-18 13:30:00+05:30,74532.171875,74551.796875,74522.203125,74536.0625,0,0.0,0.0
2026-09-18 13:35:00+05:30,74534.171875,74543.21875,74512.0078125,74522.8125,0,0.0,0.0
2026-09-18 13:40:00+05:30,74521.953125,74522.6796875,74480.0,74480.640625,0,0.0,0.0
2026-09-18 13:45:00+05:30,74481.078125,74516.5234375,74457.8671875,74493.2421875,0,0.0,0.0
2026-09-18 13:50:00+05:30,74494.578125,74553.0390625,74491.078125,74546.03125,0,0.0,0.0
2026-09-18 13:55:00+05:30,74552.4609375,74561.6484375,74536.2421875,74537.0390625,0,0.0,0.0
2026-09-18 14:00:00+05:30,74534.359375,74563.109375,74524.6171875,74560.3203125,0,0.0,0.0
2026-09-18 14:05:00+05:30,74560.7734375,74626.203125,74560.7734375,74623.7578125,0,0.0,0.0
2026-09-18 14:10:00+05:30,74624.671875,74648.34375,74598.9375,74606.671875,0,0.0,0.0
2026-09-18 14:15:00+05:30,74606.3125,74634.828125,74601.2578125,74624.2890625,0,0.0,0.0
2026-09-18 14:20:00+05:30,74625.578125,74650.0625,74619.828125,74621.53125,0,0.0,0.0
2026-09-18 14:25:00+05:30,74620.9765625,74662.171875,74613.140625,74662.171875,0,0.0,0.0
2026-09-18 14:30:00+05:30,74661.953125,74692.1796875,74659.109375,74685.6796875,0,0.0,0.0
2026-09-18 14:35:00+05:30,74683.2109375,74686.40625,74662.09375,74664.6796875,0,0.0,0.0
2026-09-18 14:40:00+05:30,74665.7890625,74667.2109375,74625.453125,74626.1328125,0,0.0,0.0
2026-09-18 14:45:00+05:30,74622.203125,74659.6171875,74613.7109375,74655.546875,0,0.0,0.0
2026-09-18 14:50:00+05:30,74654.2578125,74717.8671875,74654.2578125,74713.7734375,0,0.0,0.0
2026-09-18 14:55:00+05:30,74712.6328125,74727.5234375,74695.1796875,74708.890625,0,0.0,0.0
2026-09-18 15:00:00+05:30,74702.2421875,74702.2421875,74612.859375,74624.453125,0,0.0,0.0
2026-09-18 15:05:00+05:30,74609.2578125,74629.3984375,74565.546875,74586.4765625,0,0.0,0.0
2026-09-18 15:10:00+05:30,74568.1875,74603.2890625,74524.703125,74562.0,0,0.0,0.0
2026-09-18 15:15:00+05:30,74559.96875,74605.0,74559.96875,74605.0,0,0.0,0.0
2026-09-18 15:20:00+05:30,74605.0,74616.328125,73416.0,74265.609375,0,0.0,0.0
2026-09-18 15:25:00+05:30,74265.6796875,74368.359375,74209.2578125,74294.9609375,0,0.0,0.0
2026-09-21 09:15:00+05:30,74490.6328125,74742.140625,74490.6328125,74713.9765625,0,0.0,0.0
2026-09-21 09:20:00+05:30,74722.7578125,74735.1796875,74673.0234375,74684.1171875,0,0.0,0.0
2026-09-21 09:25:00+05:30,74683.9921875,74772.1015625,74682.5078125,74765.7890625,0,0.0,0.0
2026-09-21 09:30:00+05:30,74771.6015625,74786.7734375,74723.8125,74734.796875,0,0.0,0.0
2026-09-21 09:35:00+05:30,74734.453125,74770.59375,74713.75,74732.4375,0,0.0,0.0
2026-09-21 09:40:00+05:30,74724.4375,74736.9296875,74698.9375,74732.421875,0,0.0,0.0
2026-09-21 09:45:00+05:30,74729.34375,74784.921875,74723.2734375,74755.84375,0,0.0,0.0
2026-09-21 09:50:00+05:30,74759.09375,74773.3671875,74730.296875,74730.921875,0,0.0,0.0
2026-09-21 09:55:00+05:30,74730.5390625,74768.7578125,74720.7578125,74739.75,0,0.0,0.0
2026-09-21 10:00:00+05:30,74739.21875,74756.71875,74690.1171875,74698.640625,0,0.0,0.0
2026-09-21 10:05:00+05:30,74699.0,74725.3203125,74682.4296875,74701.0,0,0.0,0.0
2026-09-21 10:10:00+05:30,74705.5,74726.578125,74657.046875,74657.6015625,0,0.0,0.0
2026-09-21 10:15:00+05:30,74657.6875,74684.171875,74645.0078125,74658.3515625,0,0.0,0.0
2026-09-21 10:20:00+05:30,74663.1484375,74670.5625,74641.0703125,74653.2578125,0,0.0,0.0
2026-09-21 10:25:00+05:30,74653.046875,74658.296875,74610.6328125,74652.1875,0,0.0,0.0
2026-09-21 10:30:00+05:30,74654.8671875,74660.3984375,74609.796875,74622.140625,0,0.0,0.0
2026-09-21 10:35:00+05:30,74622.2890625,74648.9609375,74620.28125,74634.5703125,0,0.0,0.0
2026-09-21 10:40:00+05:30,74632.1484375,74679.09375,74628.78125,74678.421875,0,0.0,0.0
2026-09-21 10:45:00+05:30,74678.421875,74708.953125,74672.0234375,74675.609375,0,0.0,0.0
2026-09-21 10:50:00+05:30,74674.859375,74707.359375,74674.859375,74703.78125,0,0.0,0.0
2026-09-21 10:55:00+05:30,74702.15625,74707.5,74682.296875,74704.5078125,0,0.0,0.0
2026-09-21 11:00:00+05:30,74700.34375,74709.6328125,74685.046875,74702.8125,0,0.0,0.0
2026-09-21 11:05:00+05:30,74704.2265625,74730.0234375,74693.2890625,74726.0390625,0,0.0,0.0
2026-09-21 11:10:00+05:30,74721.3125,74762.953125,74715.390625,74746.5078125,0,0.0,0.0
2026-09-21 11:15:00+05:30,74748.7109375,74751.6875,74710.859375,74721.9765625,0,0.0,0.0
2026-09-21 11:20:00+05:30,74725.609375,74747.2578125,74712.3828125,74738.2734375,0,0.0,0.0
2026-09-21 11:25:00+05:30,74738.5703125,74752.421875,74733.1171875,74750.2890625,0,0.0,0.0
2026-09-21 11:30:00+05:30,74752.453125,74789.546875,74745.8828125,74780.2109375,0,0.0,0.0
2026-09-21 11:35:00+05:30,74777.7890625,74778.2421875,74745.7578125,74753.7890625,0,0.0,0.0
2026-09-21 11:40:00+05:30,74755.078125,74773.5625,74744.203125,74765.6796875,0,0.0,0.0
2026-09-21 11:45:00+05:30,74764.9765625,74781.296875,74743.0390625,74761.78125,0,0.0,0.0
2026-09-21 11:50:00+05:30,74763.4375,74808.328125,74752.5390625,74808.0234375,0,0.0,0.0
2026-09-21 11:55:00+05:30,74808.859375,74871.6796875,74805.03125,74856.328125,0,0.0,0.0
2026-09-21 12:00:00+05:30,74854.65625,74879.9296875,74840.0703125,74858.2421875,0,0.0,0.0
2026-09-21 12:05:00+05:30,74858.2421875,74858.9375,74815.703125,74815.7109375,0,0.0,0.0
2026-09-21 12:10:00+05:30,74817.0703125,74829.3671875,74803.5625,74811.0390625,0,0.0,0.0
2026-09-21 12:15:00+05:30,74813.5625,74831.0078125,74800.71875,74824.2109375,0,0.0,0.0
2026-09-21 12:20:00+05:30,74824.2109375,74832.2265625,74798.0078125,74807.25,0,0.0,0.0
2026-09-21 12:25:00+05:30,74806.3984375,74829.59375,74804.53125,74825.671875,0,0.0,0.0
2026-09-21 12:30:00+05:30,74826.2578125,74836.5,74789.5703125,74812.2734375,0,0.0,0.0
2026-09-21 12:35:00+05:30,74811.15625,74823.296875,74801.453125,74816.796875,0,0.0,0.0
2026-09-21 12:40:00+05:30,74816.796875,74822.6796875,74798.4296875,74814.7890625,0,0.0,0.0
2026-09-21 12:45:00+05:30,74815.4296875,74833.46875,74807.703125,74820.90625,0,0.0,0.0
2026-09-21 12:50:00+05:30,74820.5625,74835.703125,74806.7421875,74833.703125,0,0.0,0.0
2026-09-21 12:55:00+05:30,74833.6875,74835.5625,74816.5234375,74828.59375,0,0.0,0.0
2026-09-21 13:00:00+05:30,74826.65625,74830.328125,74796.7734375,74796.7734375,0,0.0,0.0
2026-09-21 13:05:00+05:30,74796.7734375,74813.9375,74778.7265625,74778.7265625,0,0.0,0.0
2026-09-21 13:10:00+05:30,74781.2265625,74815.9609375,74777.09375,74815.9609375,0,0.0,0.0
2026-09-21 13:15:00+05:30,74815.1328125,74858.453125,74810.9375,74858.28125,0,0.0,0.0
2026-09-21 13:20:00+05:30,74858.28125,74885.53125,74858.28125,74874.2109375,0,0.0,0.0
2026-09-21 13:25:00+05:30,74874.8515625,74892.2734375,74864.0703125,74883.6875,0,0.0,0.0
2026-09-21 13:30:00+05:30,74884.078125,74902.3828125,74865.5,74897.8984375,0,0.0,0.0
2026-09-21 13:35:00+05:30,74899.25,74907.2578125,74881.7421875,74899.296875,0,0.0,0.0
2026-09-21 13:40:00+05:30,74901.78125,74901.78125,74871.6484375,74882.140625,0,0.0,0.0
2026-09-21 13:45:00+05:30,74882.140625,74898.96875,74874.921875,74895.578125,0,0.0,0.0
2026-09-21 13:50:00+05:30,74895.140625,74911.359375,74888.359375,74899.6875,0,0.0,0.0
2026-09-21 13:55:00+05:30,74903.7890625,74984.4296875,74901.40625,74980.40625,0,0.0,0.0
2026-09-21 14:00:00+05:30,74978.46875,74987.3984375,74961.296875,74963.9921875,0,0.0,0.0
2026-09-21 14:05:00+05:30,74966.0703125,74971.0234375,74942.328125,74946.25,0,0.0,0.0
2026-09-21 14:10:00+05:30,74944.890625,74960.59375,74936.1015625,74942.65625,0,0.0,0.0
2026-09-21 14:15:00+05:30,74950.34375,74972.7578125,74935.3828125,74951.421875,0,0.0,0.0
2026-09-21 14:20:00+05:30,74953.7421875,74981.5,74937.34375,74953.8671875,0,0.0,0.0
2026-09-21 14:25:00+05:30,74955.65625,74973.921875,74916.96875,74931.5625,0,0.0,0.0
2026-09-21 14:30:00+05:30,74932.7578125,74942.7578125,74915.3203125,74926.2578125,0,0.0,0.0
2026-09-21 14:35:00+05:30,74931.1015625,74942.4375,74915.7734375,74928.6875,0,0.0,0.0
2026-09-21 14:40:00+05:30,74926.171875,74949.6328125,74924.7734375,74944.203125,0,0.0,0.0
2026-09-21 14:45:00+05:30,74942.140625,74957.5703125,74933.2109375,74943.359375,0,0.0,0.0
2026-09-21 14:50:00+05:30,74947.0,74962.1015625,74935.03125,74948.953125,0,0.0,0.0
2026-09-21 14:55:00+05:30,74950.5078125,74957.9296875,74921.9375,74929.0625,0,0.0,0.0
2026-09-21 15:00:00+05:30,74931.8984375,74944.8125,74910.4375,74917.84375,0,0.0,0.0
2026-09-21 15:05:00+05:30,74917.3203125,74928.7421875,74892.6875,74919.0625,0,0.0,0.0
2026-09-21 15:10:00+05:30,74916.40625,74916.40625,74865.078125,74893.7734375,0,0.0,0.0
2026-09-21 15:15:00+05:30,74894.859375,74906.3671875,74858.9921875,74858.9921875,0,0.0,0.0
2026-09-22 09:15:00+05:30,74901.5,75034.15625,74893.4765625,74940.53125,0,0.0,0.0
2026-09-22 09:20:00+05:30,74936.0390625,74943.7421875,74895.953125,74931.71875,0,0.0,0.0
2026-09-22 09:25:00+05:30,74930.90625,74932.921875,74853.0390625,74930.1875,0,0.0,0.0
2026-09-22 09:30:00+05:30,74926.921875,74960.109375,74897.9609375,74901.2734375,0,0.0,0.0
2026-09-22 09:35:00+05:30,74898.703125,74969.09375,74896.2578125,74967.1484375,0,0.0,0.0
2026-09-22 09:40:00+05:30,74965.5625,74975.078125,74932.578125,74965.796875,0,0.0,0.0
2026-09-22 09:45:00+05:30,74966.0234375,74985.640625,74953.7265625,74959.4296875,0,0.0,0.0
2026-09-22 09:50:00+05:30,74956.9296875,74991.609375,74956.6328125,74978.21875,0,0.0,0.0
2026-09-22 09:55:00+05:30,74978.8203125,74988.7421875,74960.5703125,74980.046875,0,0.0,0.0
2026-09-22 10:00:00+05:30,74985.109375,75005.9296875,74967.5078125,74992.0078125,0,0.0,0.0
2026-09-22 10:05:00+05:30,74995.2421875,75023.3828125,74965.046875,75021.34375,0,0.0,0.0
2026-09-22 10:10:00+05:30,75018.546875,75032.3671875,74988.3984375,75006.296875,0,0.0,0.0
2026-09-22 10:15:00+05:30,75006.4609375,75011.1796875,74972.4921875,74987.953125,0,0.0,0.0
2026-09-22 10:20:00+05:30,74987.0625,74996.140625,74921.3203125,74938.0625,0,0.0,0.0
2026-09-22 10:25:00+05:30,74940.03125,74942.7265625,74897.3125,74923.4765625,0,0.0,0.0
2026-09-22 10:30:00+05:30,74922.640625,74933.2734375,74835.109375,74854.7109375,0,0.0,0.0
2026-09-22 10:35:00+05:30,74857.921875,74858.6171875,74781.4921875,74786.6875,0,0.0,0.0
2026-09-22 10:40:00+05:30,74786.6875,74818.8515625,74696.0,74733.546875,0,0.0,0.0
2026-09-22 10:45:00+05:30,74738.890625,74739.828125,74707.8125,74722.453125,0,0.0,0.0
2026-09-22 10:50:00+05:30,74723.3671875,74723.3671875,74672.1875,74703.90625,0,0.0,0.0
2026-09-22 10:55:00+05:30,74705.6796875,74757.71875,74700.609375,74755.5,0,0.0,0.0
2026-09-22 11:00:00+05:30,74756.1875,74763.421875,74700.140625,74706.5390625,0,0.0,0.0
2026-09-22 11:05:00+05:30,74706.0078125,74717.953125,74695.25,74702.3828125,0,0.0,0.0
2026-09-22 11:10:00+05:30,74700.703125,74760.7109375,74700.703125,74752.1171875,0,0.0,0.0
2026-09-22 11:15:00+05:30,74754.8203125,74782.65625,74735.671875,74735.890625,0,0.0,0.0
2026-09-22 11:20:00+05:30,74736.0234375,74787.09375,74731.1484375,74785.421875,0,0.0,0.0
2026-09-22 11:25:00+05:30,74787.3515625,74799.8203125,74760.5703125,74760.5703125,0,0.0,0.0
2026-09-22 11:30:00+05:30,74757.1015625,74765.6796875,74720.890625,74731.171875,0,0.0,0.0
2026-09-22 11:35:00+05:30,74733.21875,74733.3671875,74685.453125,74685.453125,0,0.0,0.0
2026-09-22 11:40:00+05:30,74684.8671875,74698.6171875,74673.828125,74692.6484375,0,0.0,0.0
2026-09-22 11:45:00+05:30,74694.34375,74696.0390625,74647.8515625,74664.0,0,0.0,0.0
2026-09-22 11:50:00+05:30,74662.59375,74672.21875,74633.859375,74633.859375,0,0.0,0.0
2026-09-22 11:55:00+05:30,74633.109375,74652.421875,74596.59375,74651.0,0,0.0,0.0
2026-09-22 12:00:00+05:30,74653.6171875,74661.7421875,74631.6171875,74654.2109375,0,0.0,0.0
2026-09-22 12:05:00+05:30,74653.6015625,74666.7109375,74634.578125,74663.171875,0,0.0,0.0
2026-09-22 12:10:00+05:30,74664.7890625,74677.296875,74634.75,74638.25,0,0.0,0.0
2026-09-22 12:15:00+05:30,74637.90625,74665.8828125,74612.890625,74661.921875,0,0.0,0.0
2026-09-22 12:20:00+05:30,74662.03125,74672.1015625,74651.1171875,74656.4765625,0,0.0,0.0
2026-09-22 12:25:00+05:30,74655.71875,74670.53125,74641.3203125,74645.6015625,0,0.0,0.0
2026-09-22 12:30:00+05:30,74644.78125,74668.15625,74622.3984375,74658.5390625,0,0.0,0.0
2026-09-22 12:35:00+05:30,74659.7578125,74667.84375,74642.578125,74653.828125,0,0.0,0.0
2026-09-22 12:40:00+05:30,74653.9765625,74662.2421875,74602.9921875,74602.9921875,0,0.0,0.0
2026-09-22 12:45:00+05:30,74605.9375,74621.90625,74584.9296875,74600.90625,0,0.0,0.0
2026-09-22 12:50:00+05:30,74598.890625,74605.3671875,74568.890625,74588.0,0,0.0,0.0
2026-09-22 12:55:00+05:30,74584.2421875,74586.7578125,74552.9296875,74568.1171875,0,0.0,0.0
2026-09-22 13:00:00+05:30,74566.8984375,74567.75,74517.703125,74535.96875,0,0.0,0.0
2026-09-22 13:05:00+05:30,74533.90625,74576.0625,74530.9765625,74575.640625,0,0.0,0.0
2026-09-22 13:10:00+05:30,74577.2578125,74587.8515625,74569.46875,74575.5625,0,0.0,0.0
2026-09-22 13:15:00+05:30,74578.3984375,74591.671875,74546.1015625,74558.1171875,0,0.0,0.0
2026-09-22 13:20:00+05:30,74557.890625,74564.578125,74535.7265625,74547.1171875,0,0.0,0.0
2026-09-22 13:25:00+05:30,74546.671875,74589.6796875,74540.09375,74588.6015625,0,0.0,0.0
2026-09-22 13:30:00+05:30,74588.25,74604.1015625,74581.9765625,74600.4296875,0,0.0,0.0
2026-09-22 13:35:00+05:30,74599.2109375,74615.1328125,74593.1328125,74614.109375,0,0.0,0.0
2026-09-22 13:40:00+05:30,74613.90625,74637.140625,74600.109375,74600.109375,0,0.0,0.0
2026-09-22 13:45:00+05:30,74592.9296875,74595.1796875,74538.609375,74553.953125,0,0.0,0.0
2026-09-22 13:50:00+05:30,74555.828125,74555.96875,74462.1015625,74473.5078125,0,0.0,0.0
2026-09-22 13:55:00+05:30,74472.1875,74506.2578125,74462.640625,74476.9921875,0,0.0,0.0
2026-09-22 14:00:00+05:30,74476.9921875,74476.9921875,74423.7109375,74470.421875,0,0.0,0.0
2026-09-22 14:05:00+05:30,74471.5078125,74486.6015625,74444.28125,74483.4375,0,0.0,0.0
2026-09-22 14:10:00+05:30,74485.421875,74713.71875,74485.421875,74713.71875,0,0.0,0.0
2026-09-22 14:15:00+05:30,74717.296875,74781.9375,74676.5078125,74737.671875,0,0.0,0.0
2026-09-22 14:20:00+05:30,74737.7890625,74782.75,74719.3984375,74720.640625,0,0.0,0.0
2026-09-22 14:25:00+05:30,74721.03125,74760.2734375,74721.03125,74749.4375,0,0.0,0.0
2026-09-22 14:30:00+05:30,74746.9296875,74770.453125,74720.921875,74721.8984375,0,0.0,0.0
2026-09-22 14:35:00+05:30,74721.71875,74765.5390625,74720.078125,74743.96875,0,0.0,0.0
2026-09-22 14:40:00+05:30,74743.1328125,74744.0078125,74672.640625,74681.46875,0,0.0,0.0
2026-09-22 14:45:00+05:30,74684.5,74720.859375,74681.4296875,74704.3125,0,0.0,0.0
2026-09-22 14:50:00+05:30,74705.0,74736.3828125,74686.84375,74715.46875,0,0.0,0.0
2026-09-22 14:55:00+05:30,74716.1328125,74734.6171875,74638.609375,74644.84375,0,0.0,0.0
2026-09-22 15:00:00+05:30,74645.65625,74672.4609375,74641.578125,74664.6328125,0,0.0,0.0
2026-09-22 15:05:00+05:30,74664.609375,74670.7890625,74624.890625,74638.59375,0,0.0,0.0
2026-09-22 15:10:00+05:30,74640.828125,74682.5234375,74631.8515625,74654.8203125,0,0.0,0.0
2026-09-22 15:15:00+05:30,74653.1484375,74653.1484375,74637.171875,74637.171875,0,0.0,0.0
2026-09-22 15:20:00+05:30,74637.171875,74678.1484375,74465.5625,74516.7890625,0,0.0,0.0
2026-09-22 15:25:00+05:30,74516.7890625,74569.8828125,74245.0703125,74529.078125,0,0.0,0.0
2026-09-23 09:15:00+05:30,74654.7265625,74779.9921875,74641.140625,74771.09375,0,0.0,0.0
2026-09-23 09:20:00+05:30,74770.9609375,74810.46875,74716.640625,74723.1015625,0,0.0,0.0
2026-09-23 09:25:00+05:30,74722.09375,74722.09375,74645.609375,74652.2109375,0,0.0,0.0
2026-09-23 09:30:00+05:30,74642.859375,74661.2109375,74629.1015625,74648.09375,0,0.0,0.0
2026-09-23 09:35:00+05:30,74655.4609375,74691.2265625,74642.4375,74656.2265625,0,0.0,0.0
2026-09-23 09:40:00+05:30,74656.078125,74705.1484375,74656.078125,74699.796875,0,0.0,0.0
2026-09-23 09:45:00+05:30,74699.796875,74720.25,74642.171875,74651.53125,0,0.0,0.0
2026-09-23 09:50:00+05:30,74650.4765625,74655.3828125,74605.09375,74611.890625,0,0.0,0.0
2026-09-23 09:55:00+05:30,74611.890625,74682.359375,74604.921875,74682.3515625,0,0.0,0.0
2026-09-23 10:00:00+05:30,74683.28125,74711.8203125,74674.8984375,74693.921875,0,0.0,0.0
2026-09-23 10:05:00+05:30,74694.6875,74704.2421875,74659.5078125,74662.5390625,0,0.0,0.0
2026-09-23 10:10:00+05:30,74664.8125,74668.2578125,74617.8671875,74646.3984375,0,0.0,0.0
2026-09-23 10:15:00+05:30,74645.609375,74741.4609375,74645.609375,74736.640625,0,0.0,0.0
2026-09-23 10:20:00+05:30,74736.34375,74755.03125,74725.78125,74743.578125,0,0.0,0.0
2026-09-23 10:25:00+05:30,74743.0703125,74765.34375,74719.1015625,74760.171875,0,0.0,0.0
2026-09-23 10:30:00+05:30,74759.7109375,74778.5078125,74753.96875,74769.8671875,0,0.0,0.0
2026-09-23 10:35:00+05:30,74765.671875,74803.453125,74752.6328125,74796.0390625,0,0.0,0.0
2026-09-23 10:40:00+05:30,74795.9609375,74803.5390625,74778.7421875,74794.5078125,0,0.0,0.0
2026-09-23 10:45:00+05:30,74793.953125,74831.21875,74787.7109375,74819.5078125,0,0.0,0.0
2026-09-23 10:50:00+05:30,74815.65625,74832.5390625,74797.28125,74818.6796875,0,0.0,0.0
2026-09-23 10:55:00+05:30,74818.3203125,74834.8828125,74803.078125,74811.6875,0,0.0,0.0
2026-09-23 11:00:00+05:30,74809.8828125,74832.171875,74802.890625,74822.0,0,0.0,0.0
2026-09-23 11:05:00+05:30,74822.296875,74871.7578125,74819.8828125,74846.109375,0,0.0,0.0
2026-09-23 11:10:00+05:30,74844.9375,74895.9375,74843.8984375,74889.5625,0,0.0,0.0
2026-09-23 11:15:00+05:30,74890.2734375,74890.2734375,74838.859375,74846.3828125,0,0.0,0.0
2026-09-23 11:20:00+05:30,74847.8828125,74872.6015625,74846.46875,74864.75,0,0.0,0.0
2026-09-23 11:25:00+05:30,74864.75,74885.5078125,74844.0390625,74852.8515625,0,0.0,0.0
2026-09-23 11:30:00+05:30,74851.6484375,74917.0234375,74849.7109375,74902.4296875,0,0.0,0.0
2026-09-23 11:35:00+05:30,74906.6796875,74906.7109375,74873.84375,74879.0390625,0,0.0,0.0
2026-09-23 11:40:00+05:30,74882.5078125,74892.40625,74873.8203125,74887.8515625,0,0.0,0.0
2026-09-23 11:45:00+05:30,74888.109375,74904.9296875,74878.046875,74883.3125,0,0.0,0.0
2026-09-23 11:50:00+05:30,74880.1015625,74880.71875,74849.53125,74857.5234375,0,0.0,0.0
2026-09-23 11:55:00+05:30,74858.09375,74860.3203125,74840.0703125,74857.359375,0,0.0,0.0
2026-09-23 12:00:00+05:30,74857.359375,74916.421875,74852.84375,74908.953125,0,0.0,0.0
2026-09-23 12:05:00+05:30,74909.5390625,74932.0703125,74903.3984375,74915.59375,0,0.0,0.0
2026-09-23 12:10:00+05:30,74916.9765625,74961.5078125,74914.8984375,74946.3984375,0,0.0,0.0
2026-09-23 12:15:00+05:30,74946.3984375,74963.5078125,74936.0234375,74963.5078125,0,0.0,0.0
2026-09-23 12:20:00+05:30,74963.5078125,74973.65625,74919.1796875,74935.2578125,0,0.0,0.0
2026-09-23 12:25:00+05:30,74933.671875,74937.6328125,74913.3984375,74924.71875,0,0.0,0.0
2026-09-23 12:30:00+05:30,74924.5625,74927.5703125,74898.953125,74918.5625,0,0.0,0.0
2026-09-23 12:35:00+05:30,74918.65625,74934.6796875,74912.203125,74925.6796875,0,0.0,0.0
2026-09-23 12:40:00+05:30,74925.71875,74937.6875,74919.59375,74921.25,0,0.0,0.0
2026-09-23 12:45:00+05:30,74919.9609375,74929.5234375,74900.3828125,74908.1015625,0,0.0,0.0
2026-09-23 12:50:00+05:30,74908.0234375,74933.3203125,74906.3125,74908.96875,0,0.0,0.0
2026-09-23 12:55:00+05:30,74908.609375,74925.9296875,74900.1015625,74921.9609375,0,0.0,0.0
2026-09-23 13:00:00+05:30,74921.9609375,74946.078125,74913.0,74937.71875,0,0.0,0.0
2026-09-23 13:05:00+05:30,74937.0390625,74942.5234375,74907.5703125,74907.5703125,0,0.0,0.0
2026-09-23 13:10:00+05:30,74912.71875,74919.578125,74888.046875,74902.2890625,0,0.0,0.0
2026-09-23 13:15:00+05:30,74902.59375,74913.640625,74893.03125,74904.8984375,0,0.0,0.0
2026-09-23 13:20:00+05:30,74903.0234375,74917.90625,74899.59375,74908.140625,0,0.0,0.0
2026-09-23 13:25:00+05:30,74907.7109375,74918.1171875,74874.3671875,74876.8125,0,0.0,0.0
2026-09-23 13:30:00+05:30,74879.3828125,74879.7890625,74826.3515625,74834.2421875,0,0.0,0.0
2026-09-23 13:35:00+05:30,74836.21875,74837.25,74805.2265625,74820.8515625,0,0.0,0.0
2026-09-23 13:40:00+05:30,74821.0234375,74839.75,74812.828125,74832.2734375,0,0.0,0.0
2026-09-23 13:45:00+05:30,74832.2734375,74841.796875,74829.6875,74831.5625,0,0.0,0.0
2026-09-23 13:50:00+05:30,74831.5703125,74835.25,74804.71875,74827.4609375,0,0.0,0.0
2026-09-23 13:55:00+05:30,74827.4609375,74833.2265625,74803.9921875,74807.0078125,0,0.0,0.0
2026-09-23 14:00:00+05:30,74807.9609375,74850.0703125,74807.3125,74841.3515625,0,0.0,0.0
2026-09-23 14:05:00+05:30,74841.65625,74859.6875,74837.9921875,74858.9375,0,0.0,0.0
2026-09-23 14:10:00+05:30,74857.9765625,74890.1015625,74853.0078125,74888.296875,0,0.0,0.0
2026-09-23 14:15:00+05:30,74887.0625,74895.8203125,74858.84375,74864.859375,0,0.0,0.0
2026-09-23 14:20:00+05:30,74864.9609375,74888.5234375,74847.390625,74886.2578125,0,0.0,0.0
2026-09-23 14:25:00+05:30,74884.21875,74905.1875,74871.2578125,74902.96875,0,0.0,0.0
2026-09-23 14:30:00+05:30,74902.5703125,74918.09375,74870.96875,74873.1328125,0,0.0,0.0
2026-09-23 14:35:00+05:30,74871.6015625,74871.6015625,74838.0703125,74863.09375,0,0.0,0.0
2026-09-23 14:40:00+05:30,74863.09375,74866.6796875,74794.90625,74794.90625,0,0.0,0.0
2026-09-23 14:45:00+05:30,74796.1796875,74836.6015625,74790.921875,74826.0,0,0.0,0.0
2026-09-23 14:50:00+05:30,74826.4609375,74858.21875,74809.2578125,74840.65625,0,0.0,0.0
2026-09-23 14:55:00+05:30,74838.171875,74848.1796875,74785.171875,74801.828125,0,0.0,0.0
2026-09-23 15:00:00+05:30,74801.3828125,74820.53125,74755.2109375,74766.140625,0,0.0,0.0
2026-09-23 15:05:00+05:30,74762.6171875,74802.9375,74762.6171875,74790.5390625,0,0.0,0.0
2026-09-23 15:10:00+05:30,74792.6484375,74827.78125,74772.796875,74801.0390625,0,0.0,0.0
2026-09-23 15:15:00+05:30,74794.609375,74794.609375,74790.7109375,74792.34375,0,0.0,0.0
2026-09-23 15:20:00+05:30,74792.34375,74875.453125,74792.3203125,74869.21875,0,0.0,0.0
2026-09-23 15:25:00+05:30,74870.5,74875.8203125,74823.359375,74828.25,0,0.0,0.0
2026-09-24 09:15:00+05:30,74197.703125,74360.2890625,74164.5234375,74195.1171875,0,0.0,0.0
2026-09-24 09:20:00+05:30,74189.546875,74283.71875,74179.921875,74246.1875,0,0.0,0.0
2026-09-24 09:25:00+05:30,74241.5234375,74297.0703125,74217.3671875,74282.890625,0,0.0,0.0
2026-09-24 09:30:00+05:30,74285.7734375,74326.96875,74258.4921875,74292.6171875,0,0.0,0.0
2026-09-24 09:35:00+05:30,74293.546875,74307.0625,74236.5625,74236.9375,0,0.0,0.0
2026-09-24 09:40:00+05:30,74237.109375,74249.546875,74161.7265625,74167.2890625,0,0.0,0.0
2026-09-24 09:45:00+05:30,74165.5390625,74202.671875,74139.8203125,74195.7890625,0,0.0,0.0
2026-09-24 09:50:00+05:30,74197.84375,74206.4609375,74142.8203125,74149.53125,0,0.0,0.0
2026-09-24 09:55:00+05:30,74149.1171875,74157.7109375,74111.3203125,74157.7109375,0,0.0,0.0
2026-09-24 10:00:00+05:30,74156.078125,74199.703125,74156.078125,74194.9921875,0,0.0,0.0
2026-09-24 10:05:00+05:30,74194.84375,74215.421875,74160.8828125,74201.9921875,0,0.0,0.0
2026-09-24 10:10:00+05:30,74201.703125,74201.703125,74129.3125,74132.8515625,0,0.0,0.0
2026-09-24 10:15:00+05:30,74128.03125,74143.40625,74089.3515625,74128.4375,0,0.0,0.0
2026-09-24 10:20:00+05:30,74131.2109375,74142.8125,74054.3671875,74091.2265625,0,0.0,0.0
2026-09-24 10:25:00+05:30,74085.640625,74108.7578125,74062.140625,74099.2109375,0,0.0,0.0
2026-09-24 10:30:00+05:30,74100.171875,74161.1484375,74099.5078125,74145.90625,0,0.0,0.0
2026-09-24 10:35:00+05:30,74146.0625,74173.4765625,74125.53125,74164.90625,0,0.0,0.0
2026-09-24 10:40:00+05:30,74163.703125,74166.2890625,74097.2265625,74114.34375,0,0.0,0.0
2026-09-24 10:45:00+05:30,74116.6015625,74159.9609375,74115.7578125,74158.6796875,0,0.0,0.0
2026-09-24 10:50:00+05:30,74154.3671875,74201.3515625,74154.3671875,74188.9375,0,0.0,0.0
2026-09-24 10:55:00+05:30,74188.6875,74200.4375,74178.2265625,74199.03125,0,0.0,0.0
2026-09-24 11:00:00+05:30,74195.15625,74203.0078125,74165.8203125,74187.359375,0,0.0,0.0
2026-09-24 11:05:00+05:30,74186.0390625,74189.1796875,74123.6015625,74134.75,0,0.0,0.0
2026-09-24 11:10:00+05:30,74134.75,74169.8203125,74129.3125,74138.2734375,0,0.0,0.0
2026-09-24 11:15:00+05:30,74136.8671875,74233.03125,74129.4921875,74232.3203125,0,0.0,0.0
2026-09-24 11:20:00+05:30,74231.2890625,74239.96875,74143.0625,74157.2265625,0,0.0,0.0
2026-09-24 11:25:00+05:30,74152.7265625,74162.1171875,74123.1796875,74160.5390625,0,0.0,0.0
2026-09-24 11:30:00+05:30,74162.25,74163.0,74087.796875,74104.3203125,0,0.0,0.0
2026-09-24 11:35:00+05:30,74104.3203125,74131.25,74081.703125,74105.1171875,0,0.0,0.0
2026-09-24 11:40:00+05:30,74106.4296875,74124.5390625,74090.84375,74117.609375,0,0.0,0.0
2026-09-24 11:45:00+05:30,74115.6796875,74135.5625,74102.9609375,74103.453125,0,0.0,0.0
2026-09-24 11:50:00+05:30,74103.0703125,74123.7265625,74064.5625,74079.8125,0,0.0,0.0
2026-09-24 11:55:00+05:30,74078.9296875,74081.1015625,74039.6796875,74055.9765625,0,0.0,0.0
2026-09-24 12:00:00+05:30,74056.328125,74094.53125,74045.171875,74085.078125,0,0.0,0.0
2026-09-24 12:05:00+05:30,74084.3984375,74114.90625,74070.3203125,74084.1328125,0,0.0,0.0
2026-09-24 12:10:00+05:30,74083.9609375,74095.5234375,74048.546875,74054.171875,0,0.0,0.0
2026-09-24 12:15:00+05:30,74052.4609375,74075.0078125,74046.15625,74063.6171875,0,0.0,0.0
2026-09-24 12:20:00+05:30,74063.6171875,74078.109375,74026.390625,74043.2578125,0,0.0,0.0
2026-09-24 12:25:00+05:30,74043.2578125,74043.3671875,73983.25,74016.7578125,0,0.0,0.0
2026-09-24 12:30:00+05:30,74018.1015625,74027.4296875,73961.1171875,73974.390625,0,0.0,0.0
2026-09-24 12:35:00+05:30,73973.7265625,74007.1484375,73956.8125,73981.203125,0,0.0,0.0
2026-09-24 12:40:00+05:30,73979.7890625,74009.75,73969.8984375,73976.1484375,0,0.0,0.0
2026-09-24 12:45:00+05:30,73976.1484375,73984.796875,73955.0390625,73964.5,0,0.0,0.0
2026-09-24 12:50:00+05:30,73964.5,73998.3125,73960.4375,73965.640625,0,0.0,0.0
2026-09-24 12:55:00+05:30,73961.3515625,73985.8515625,73955.359375,73972.3671875,0,0.0,0.0
2026-09-24 13:00:00+05:30,73972.78125,74016.4921875,73957.640625,74012.3984375,0,0.0,0.0
2026-09-24 13:05:00+05:30,74009.1796875,74037.34375,74001.8125,74007.1015625,0,0.0,0.0
2026-09-24 13:10:00+05:30,74007.1015625,74019.0703125,73986.7265625,74017.953125,0,0.0,0.0
2026-09-24 13:15:00+05:30,74012.5078125,74029.25,74004.4765625,74008.15625,0,0.0,0.0
2026-09-24 13:20:00+05:30,74008.3984375,74008.3984375,73989.4765625,73997.8203125,0,0.0,0.0
2026-09-24 13:25:00+05:30,73996.78125,73998.9296875,73840.296875,73897.8203125,0,0.0,0.0
2026-09-24 13:30:00+05:30,73895.0390625,73948.453125,73878.2109375,73920.3125,0,0.0,0.0
2026-09-24 13:35:00+05:30,73926.1015625,73929.0703125,73877.59375,73878.4375,0,0.0,0.0
2026-09-24 13:40:00+05:30,73877.4609375,73884.78125,73765.40625,73768.90625,0,0.0,0.0
2026-09-24 13:45:00+05:30,73769.46875,73799.640625,73673.6796875,73747.4609375,0,0.0,0.0
2026-09-24 13:50:00+05:30,73747.78125,73759.171875,73634.8515625,73647.34375,0,0.0,0.0
2026-09-24 13:55:00+05:30,73653.3984375,73677.2734375,73583.84375,73597.78125,0,0.0,0.0
2026-09-24 14:00:00+05:30,73600.0078125,73744.859375,73597.2734375,73614.796875,0,0.0,0.0
2026-09-24 14:05:00+05:30,73615.953125,73658.1015625,73605.6171875,73652.328125,0,0.0,0.0
2026-09-24 14:10:00+05:30,73651.0078125,73681.640625,73632.4609375,73661.8515625,0,0.0,0.0
2026-09-24 14:15:00+05:30,73667.65625,73689.953125,73631.78125,73631.78125,0,0.0,0.0
2026-09-24 14:20:00+05:30,73631.4609375,73673.3984375,73564.0625,73595.1796875,0,0.0,0.0
2026-09-24 14:25:00+05:30,73600.84375,73637.0078125,73580.90625,73616.0234375,0,0.0,0.0
2026-09-24 14:30:00+05:30,73616.640625,73675.3203125,73609.53125,73657.28125,0,0.0,0.0
2026-09-24 14:35:00+05:30,73659.5234375,73770.28125,73659.5234375,73770.28125,0,0.0,0.0
2026-09-24 14:40:00+05:30,73769.71875,73773.1796875,73695.4609375,73717.6484375,0,0.0,0.0
2026-09-24 14:45:00+05:30,73716.4609375,73760.7421875,73708.75,73746.75,0,0.0,0.0
2026-09-24 14:50:00+05:30,73744.5703125,73807.3125,73740.9375,73783.78125,0,0.0,0.0
2026-09-24 14:55:00+05:30,73785.3984375,73815.40625,73747.3125,73751.3671875,0,0.0,0.0
2026-09-24 15:00:00+05:30,73761.2734375,73796.0234375,73732.0,73766.5703125,0,0.0,0.0
2026-09-24 15:05:00+05:30,73765.9609375,73793.5703125,73696.1796875,73744.2265625,0,0.0,0.0
2026-09-24 15:10:00+05:30,73736.609375,73744.8671875,73642.421875,73719.5625,0,0.0,0.0
2026-09-24 15:15:00+05:30,73719.828125,73732.78125,73714.890625,73732.78125,0,0.0,0.0
2026-09-24 15:20:00+05:30,73743.4296875,73828.6015625,73447.359375,73652.046875,0,0.0,0.0
2026-09-24 15:25:00+05:30,73652.5234375,73752.6015625,73561.203125,73580.5390625,0,0.0,0.0
2026-09-25 09:15:00+05:30,73583.4921875,73736.359375,73498.7578125,73651.5390625,0,0.0,0.0
2026-09-25 09:20:00+05:30,73659.59375,73714.5703125,73621.171875,73675.0,0,0.0,0.0
2026-09-25 09:25:00+05:30,73675.40625,73774.390625,73650.7265625,73774.390625,0,0.0,0.0
2026-09-25 09:30:00+05:30,73782.3203125,73800.8515625,73746.21875,73770.7890625,0,0.0,0.0
2026-09-25 09:35:00+05:30,73768.78125,73771.2421875,73656.1875,73661.1484375,0,0.0,0.0
2026-09-25 09:40:00+05:30,73659.9921875,73659.9921875,73561.53125,73582.703125,0,0.0,0.0
2026-09-25 09:45:00+05:30,73588.3125,73612.953125,73574.6328125,73574.6328125,0,0.0,0.0
2026-09-25 09:50:00+05:30,73574.84375,73599.6015625,73535.7734375,73568.21875,0,0.0,0.0
2026-09-25 09:55:00+05:30,73569.4765625,73604.75,73557.1015625,73598.7421875,0,0.0,0.0
2026-09-25 10:00:00+05:30,73599.9765625,73672.0,73580.421875,73666.28125,0,0.0,0.0
2026-09-25 10:05:00+05:30,73667.2421875,73734.2421875,73656.4609375,73734.2421875,0,0.0,0.0
2026-09-25 10:10:00+05:30,73735.2734375,73763.5703125,73712.140625,73740.1015625,0,0.0,0.0
2026-09-25 10:15:00+05:30,73741.203125,73756.6875,73711.7421875,73719.8671875,0,0.0,0.0
2026-09-25 10:20:00+05:30,73723.53125,73754.0390625,73697.2734375,73697.2734375,0,0.0,0.0
2026-09-25 10:25:00+05:30,73700.109375,73727.2734375,73672.1484375,73684.5703125,0,0.0,0.0
2026-09-25 10:30:00+05:30,73683.9296875,73701.7265625,73633.3671875,73633.3671875,0,0.0,0.0
2026-09-25 10:35:00+05:30,73632.6015625,73663.8984375,73615.6328125,73651.6484375,0,0.0,0.0
2026-09-25 10:40:00+05:30,73650.25,73664.9765625,73636.9609375,73649.421875,0,0.0,0.0
2026-09-25 10:45:00+05:30,73652.453125,73652.453125,73580.296875,73597.1796875,0,0.0,0.0
2026-09-25 10:50:00+05:30,73601.4921875,73634.6796875,73591.6484375,73629.3515625,0,0.0,0.0
2026-09-25 10:55:00+05:30,73625.2421875,73643.578125,73625.046875,73635.3984375,0,0.0,0.0
2026-09-25 11:00:00+05:30,73635.0390625,73712.390625,73628.3125,73695.609375,0,0.0,0.0
2026-09-25 11:05:00+05:30,73695.609375,73732.0234375,73693.59375,73710.2265625,0,0.0,0.0
2026-09-25 11:10:00+05:30,73710.3515625,73735.609375,73701.890625,73725.15625,0,0.0,0.0
2026-09-25 11:15:00+05:30,73722.4375,73760.1875,73715.953125,73746.3125,0,0.0,0.0
2026-09-25 11:20:00+05:30,73746.421875,73775.5234375,73728.2578125,73728.2578125,0,0.0,0.0
2026-09-25 11:25:00+05:30,73729.8828125,73731.8203125,73696.1171875,73701.1875,0,0.0,0.0
2026-09-25 11:30:00+05:30,73701.1875,73736.0234375,73694.5390625,73713.296875,0,0.0,0.0
2026-09-25 11:35:00+05:30,73712.203125,73724.25,73694.953125,73719.4375,0,0.0,0.0
2026-09-25 11:40:00+05:30,73719.8671875,73739.84375,73712.6484375,73732.6875,0,0.0,0.0
2026-09-25 11:45:00+05:30,73732.3203125,73737.328125,73711.90625,73715.453125,0,0.0,0.0
2026-09-25 11:50:00+05:30,73715.453125,73740.640625,73714.5234375,73737.546875,0,0.0,0.0
2026-09-25 11:55:00+05:30,73737.46875,73743.3828125,73705.0234375,73709.5078125,0,0.0,0.0
2026-09-25 12:00:00+05:30,73710.6484375,73715.5,73652.9609375,73667.6328125,0,0.0,0.0
2026-09-25 12:05:00+05:30,73666.84375,73697.921875,73661.9765625,73695.53125,0,0.0,0.0
2026-09-25 12:10:00+05:30,73694.96875,73735.4765625,73687.2421875,73722.90625,0,0.0,0.0
2026-09-25 12:15:00+05:30,73724.7265625,73729.9375,73707.6484375,73724.3203125,0,0.0,0.0
2026-09-25 12:20:00+05:30,73720.6484375,73720.6484375,73694.8203125,73702.90625,0,0.0,0.0
2026-09-25 12:25:00+05:30,73703.6015625,73727.1328125,73694.2265625,73723.9296875,0,0.0,0.0
2026-09-25 12:30:00+05:30,73723.890625,73748.6796875,73720.828125,73724.609375,0,0.0,0.0
2026-09-25 12:35:00+05:30,73725.046875,73725.046875,73663.2421875,73687.109375,0,0.0,0.0
2026-09-25 12:40:00+05:30,73684.0390625,73693.6875,73639.78125,73640.203125,0,0.0,0.0
2026-09-25 12:45:00+05:30,73643.9609375,73644.140625,73617.8671875,73617.8671875,0,0.0,0.0
2026-09-25 12:50:00+05:30,73617.8671875,73623.2890625,73593.21875,73598.0390625,0,0.0,0.0
2026-09-25 12:55:00+05:30,73598.640625,73603.203125,73537.5078125,73585.671875,0,0.0,0.0
2026-09-25 13:00:00+05:30,73585.203125,73621.203125,73581.2734375,73613.609375,0,0.0,0.0
2026-09-25 13:05:00+05:30,73612.9296875,73625.2109375,73594.0625,73624.609375,0,0.0,0.0
2026-09-25 13:10:00+05:30,73622.7265625,73644.2109375,73604.921875,73604.921875,0,0.0,0.0
2026-09-25 13:15:00+05:30,73605.5390625,73617.453125,73581.4921875,73590.7578125,0,0.0,0.0
2026-09-25 13:20:00+05:30,73587.84375,73597.40625,73569.5,73572.6875,0,0.0,0.0
2026-09-25 13:25:00+05:30,73571.3515625,73604.5234375,73568.8515625,73604.3984375,0,0.0,0.0
2026-09-25 13:30:00+05:30,73604.3984375,73604.3984375,73559.5234375,73560.703125,0,0.0,0.0
2026-09-25 13:35:00+05:30,73560.703125,73598.5234375,73558.1796875,73582.296875,0,0.0,0.0
2026-09-25 13:40:00+05:30,73583.7265625,73613.671875,73581.9609375,73604.90625,0,0.0,0.0
2026-09-25 13:45:00+05:30,73603.2578125,73632.7109375,73595.4375,73605.3203125,0,0.0,0.0
2026-09-25 13:50:00+05:30,73605.3203125,73617.15625,73592.3671875,73604.4296875,0,0.0,0.0
2026-09-25 13:55:00+05:30,73604.4296875,73654.6875,73603.1015625,73654.6875,0,0.0,0.0
2026-09-25 14:00:00+05:30,73652.8125,73966.5625,73652.8125,73952.2265625,0,0.0,0.0
2026-09-25 14:05:00+05:30,73953.1171875,73957.59375,73822.8515625,73832.6171875,0,0.0,0.0
2026-09-25 14:10:00+05:30,73832.6171875,73879.1015625,73825.328125,73852.34375,0,0.0,0.0
2026-09-25 14:15:00+05:30,73852.0390625,73885.859375,73848.4609375,73876.3671875,0,0.0,0.0
2026-09-25 14:20:00+05:30,73872.65625,73872.65625,73835.953125,73841.453125,0,0.0,0.0
2026-09-25 14:25:00+05:30,73840.3203125,73893.7109375,73833.546875,73859.6015625,0,0.0,0.0
2026-09-25 14:30:00+05:30,73859.390625,73913.546875,73858.3125,73901.140625,0,0.0,0.0
2026-09-25 14:35:00+05:30,73901.140625,73916.5,73886.109375,73915.4609375,0,0.0,0.0
2026-09-25 14:40:00+05:30,73916.0625,73917.6796875,73852.671875,73873.421875,0,0.0,0.0
2026-09-25 14:45:00+05:30,73873.3515625,73883.9765625,73834.640625,73834.640625,0,0.0,0.0
2026-09-25 14:50:00+05:30,73834.640625,73868.7734375,73820.71875,73868.7734375,0,0.0,0.0
2026-09-25 14:55:00+05:30,73867.3125,73868.4765625,73841.5078125,73865.6015625,0,0.0,0.0
2026-09-25 15:00:00+05:30,73868.8203125,73868.8203125,73806.328125,73823.8203125,0,0.0,0.0
2026-09-25 15:05:00+05:30,73827.703125,73857.453125,73809.5,73819.6171875,0,0.0,0.0
2026-09-25 15:10:00+05:30,73819.6015625,73895.40625,73815.390625,73881.4375,0,0.0,0.0
2026-09-25 15:15:00+05:30,73881.4375,73881.4375,73828.03125,73828.03125,0,0.0,0.0
2026-09-25 15:20:00+05:30,73830.8515625,74060.09375,73782.5234375,73870.5390625,0,0.0,0.0
2026-09-25 15:25:00+05:30,73871.609375,73908.2109375,73857.65625,73895.7421875,0,0.0,0.0
